article_id,technique,start,end,text_spans
111111111,Appeal_to_Authority,265,323,The next transmission could be more pronounced or stronger
111111111,Appeal_to_Authority,1795,1935,"when (the plague) comes again it starts from more stock, and the magnitude in the next transmission could be higher than the one that we saw"
111111111,Doubt,149,157,appeared
111111111,Repetition,1069,1091,"a very, very different"
111111111,Appeal_to_fear-prejudice,1334,1462,"He also pointed to the presence of the pneumonic version, which spreads more easily and is more virulent, in the latest outbreak"
111111111,Appeal_to_fear-prejudice,1577,1616,but warned that the danger was not over
111111111,Appeal_to_fear-prejudice,1856,1910,the magnitude in the next transmission could be higher
111111111,Appeal_to_fear-prejudice,2023,2086,it could even spill over into neighbouring countries and beyond
111111112,Slogans,191,219,Stop Islamization of America
111111112,Black-and-White_Fallacy,476,556,We condemn all those whose behaviours and views run counter to our shared values
111111112,Slogans,785,798,"Defeat Jihad"""
111111112,Loaded_Language,958,1013,"the nation that gave the world the Magna Carta is dead"""
111111112,Flag-Waving,1456,1535,"The UK should never become a stage for inflammatory speakers who promote hate."""
111111112,"Name_Calling,Labeling",1810,1824,hate preachers
111111112,Loaded_Language,2095,2123,"delighted"" with the decision"
111111112,Loaded_Language,911,942,a striking blow against freedom
111111112,"Name_Calling,Labeling",1738,1787,so-called land of democracy and freedom of speech
111111113,Loaded_Language,1396,1430,hair trigger in single-action mode
111111113,"Name_Calling,Labeling",3082,3099,"sanctuary"" policy"
111111113,"Whataboutism,Straw_Men,Red_Herring",3828,3985,"politicians across this country continue to endanger the lives of Americans with sanctuary policies while ignoring the harm inflicted on their constituents."""
111111113,Causal_Oversimplification,361,467,pinned blame for Steinle's death on illegal immigration and insufficiently aggressive deportation policies
111111113,Causal_Oversimplification,3580,3741,"This tragedy could have been prevented if San Francisco had simply turned the alien over to ICE as we requested, instead of releasing him back onto the streets,"""
111111113,Causal_Oversimplification,4865,5006,Steinle would still be alive were it not for an insecure border and lenient treatment toward suspected undocumented immigrants in local jails
111111113,Loaded_Language,5743,5773,a complete travesty of justice
111111113,Slogans,5775,5791,"BUILD THE WALL!"""
111111113,Loaded_Language,259,279,firestorm of outrage
111111113,Loaded_Language,3658,3663,alien
111111113,"Name_Calling,Labeling",5556,5579,The Kate Steinle killer
111111114,Appeal_to_fear-prejudice,1705,1824,they fear they could face discrimination or violence if forced to return to the world’s largest Muslim-majority country
111111115,Loaded_Language,658,700,"aggressively stuck his tongue in my mouth"""
111111115,Loaded_Language,1870,1893,"wet, open-mouthed kiss"""
111111115,Appeal_to_Authority,1655,1745,"Franken's office said he has not ""intentionally engage in"" the ""kind of conduct"" described"
111111115,Loaded_Language,2389,2418,"and squeezed ""at least twice"""
111111117,Causal_Oversimplification,671,753,the delay signaled the White House was having second thoughts about the nomination
111111122,Loaded_Language,24,49,Exploding in Trump’s Face
111111122,"Exaggeration,Minimisation",170,205,the biggest political gift possible
111111122,Loaded_Language,343,356,complete hash
111111122,Doubt,449,477,how badly Trump does his job
111111122,Doubt,888,956,reflected the reality-TV star’s weakness as a presidential candidate
111111122,"Name_Calling,Labeling",902,919,reality-TV star’s
111111122,Doubt,1475,1522,Trump is easily manipulated by those around him
111111122,Loaded_Language,1636,1655,cut-of-his-jib test
111111122,Loaded_Language,3210,3224,severe trouble
111111122,Doubt,3413,3440,Trump hasn’t learned it yet
111111122,"Exaggeration,Minimisation",3489,3519,extremely high-profile episode
111111122,Doubt,3991,4046,Trump and his White House staff failed to do their jobs
111111122,Loaded_Language,4449,4468,a slur on all women
111111122,"Name_Calling,Labeling",5027,5059,a gang that can’t shoot straight
111111122,Loaded_Language,5131,5140,ugly ways
111111122,Appeal_to_Authority,5529,5653,"As the political scientist Richard Neustadt said, political elites are constantly evaluating and re-evaluating the president"
111111122,Loaded_Language,5778,5797,cut-of-his-jib test
111111122,Causal_Oversimplification,5840,5921,someone who hires based on what he thinks someone doing that job should look like
111111122,Loaded_Language,5950,5981,hazy old-time Hollywood casting
111111122,Loaded_Language,6441,6451,bombshells
111111122,"Name_Calling,Labeling",6839,6868,"partisan, conservative judges"
111111123,Loaded_Language,4321,4333,hypocritical
111111124,Loaded_Language,2650,2661,has blasted
111111124,Loaded_Language,4098,4110,are blasting
111111124,"Name_Calling,Labeling",4661,4760,a President who cares about nothing about the country and everything about his narrow self-interest
111111124,"Exaggeration,Minimisation",3368,3380,sheer number
111111124,Loaded_Language,0,17,Agencies scramble
111111124,Loaded_Language,107,122,were scrambling
111111124,Loaded_Language,282,338,has hamstrung the administration for more than 18 months
111111124,"Name_Calling,Labeling",510,540,disgraced former FBI officials
111111124,"Name_Calling,Labeling",2478,2501,fired FBI Special Agent
111111124,Loaded_Language,3557,3590,are touting the president’s order
111111124,Causal_Oversimplification,4170,4377,Trump] has decided to intervene in a pending law enforcement investigation by ordering the selective release of materials he believes are helpful to his defense team and thinks will advance a false narrative
111111124,Loaded_Language,4540,4575,a red line that must not be crossed
111111124,Doubt,4622,4760,This is evidently of no consequence to a President who cares about nothing about the country and everything about his narrow self-interest
111111124,"Name_Calling,Labeling",4920,4935,a partisan memo
111111124,"Name_Calling,Labeling",4144,4164,clear abuse of power
111111131,Loaded_Language,84,97,unprecedented
111111131,Loaded_Language,102,109,surreal
111111131,Loaded_Language,180,190,culminated
111111131,Loaded_Language,207,214,fulsome
111111131,Loaded_Language,326,336,triumphant
111111131,Loaded_Language,352,365,extraordinary
111111131,"Name_Calling,Labeling",382,395,rogue kingdom
111111131,"Name_Calling,Labeling",398,413,despotic leader
111111131,Loaded_Language,723,731,dramatic
111111131,"Exaggeration,Minimisation",804,811,forever
111111131,"Name_Calling,Labeling",823,865,"Trump's gut-driven, norm-shattering tenure"
111111131,Black-and-White_Fallacy,1031,1068,People are going to be very impressed
111111131,Loaded_Language,1191,1201,unwavering
111111131,"Name_Calling,Labeling",1977,1992,brutal dictator
111111131,Loaded_Language,2660,2671,unthinkable
111111131,Loaded_Language,2728,2739,acrimonious
111111131,Loaded_Language,2897,2908,big problem
111111131,Loaded_Language,2912,2923,big dilemma
111111131,Slogans,2953,2997,"Working together, we'll get it taken care of"
111111131,Loaded_Language,3396,3416,increasing the drama
111111131,Loaded_Language,3437,3445,historic
111111131,Loaded_Language,3738,3748,surreality
111111131,Loaded_Language,4008,4014,hailed
111111131,Repetition,4030,4038,historic
111111131,"Name_Calling,Labeling",4152,4169,very talented man
111111131,Loaded_Language,4224,4230,brutal
111111131,Loaded_Language,4256,4264,praising
111111131,Repetition,4339,4352,very talented
111111131,Repetition,4531,4546,brutal dictator
111111131,Loaded_Language,4635,4643,striking
111111131,Loaded_Language,4752,4768,fierce criticism
111111131,Loaded_Language,4882,4899,fearsome renegade
111111131,Loaded_Language,5174,5186,"""absolutely"""
111111131,"Exaggeration,Minimisation",5244,5262,heralded a new era
111111131,Repetition,5281,5289,historic
111111131,"Exaggeration,Minimisation",5369,5378,The world
111111131,Flag-Waving,5904,5916,our soldiers
111111131,Repetition,5938,5950,our soldiers
111111131,"Name_Calling,Labeling",6920,6937,commanding leader
111111131,"Exaggeration,Minimisation",6957,6971,world-altering
111111131,"Name_Calling,Labeling",7314,7324,futuristic
111111131,Repetition,7700,7708,dictator
111111132,Loaded_Language,7925,7943,foundation of lies
111111132,Loaded_Language,147,151,huge
111111132,"Name_Calling,Labeling",2262,2272,beneficial
111111132,"Name_Calling,Labeling",2280,2292,a good thing
111111132,Black-and-White_Fallacy,4198,4249,Bypassing the class left her vulnerable to bullying
111111132,Black-and-White_Fallacy,4427,4497,"“You don’t need to be reading this.
You need to be reading the Bible.”"
111111132,Appeal_to_fear-prejudice,4307,4320,going to hell
111111132,Loaded_Language,4779,4787,strongly
111111132,Loaded_Language,7582,7594,pretty clear
111111132,"Name_Calling,Labeling",8607,8630,You are not a Christian
111111132,"Whataboutism,Straw_Men,Red_Herring",9598,9650,"(Faber was nominated by President George H.W.
Bush.)"
111111132,Loaded_Language,10340,10350,"very, very"
111111132,Loaded_Language,10851,10860,extremely
111111132,Slogans,12045,12087,liberty of conscience is not up for a vote
111111132,Black-and-White_Fallacy,5776,5811,"If you die tonight.
Heaven or Hell?"
111111133,Loaded_Language,1224,1244,ominous encroachment
111111133,Loaded_Language,2593,2606,grandstanding
111111133,Black-and-White_Fallacy,4159,4173,behave or else
111111133,Loaded_Language,358,367,ballooned
111111133,Loaded_Language,460,465,testy
111111133,Loaded_Language,504,507,ire
111111133,Loaded_Language,1070,1077,insults
111111133,Loaded_Language,2572,2589,overly aggressive
111111133,"Name_Calling,Labeling",2625,2646,devoted news consumer
111111133,Loaded_Language,2944,2950,severe
111111133,Loaded_Language,3830,3836,flouts
111111134,"Name_Calling,Labeling",945,984,totally false and deliberately libelous
111111134,"Exaggeration,Minimisation",1415,1514,willing to bet the Guardian a million dollars and its editor’s head that Manafort never met Assange
111111134,Repetition,1225,1237,I have never
111111134,"Name_Calling,Labeling",2427,2456,government-aligned cyberspies
111111135,"Bandwagon,Reductio_ad_hitlerum",3286,3319,Adolf Hitler as “a very great man
111111135,Repetition,4583,4590,condemn
111111135,Loaded_Language,582,611,filth and degenerate behavior
111111135,Causal_Oversimplification,543,683,Jews were “responsible for all of this filth and degenerate behavior that Hollywood is putting out turning men into women and women into men
111111135,Loaded_Language,835,844,fervently
111111135,Loaded_Language,1476,1483,condemn
111111135,Appeal_to_Authority,1929,2341,"Edward E. Curtis IV, the author of “Black Muslim Religion in the Nation of Islam,” said that while estimates ranged wildly about how many bona fide members belonged to the Nation, he believes that there were tens of thousands of members in the 1960s and early 1970s.
But he said that millions of others sympathized with the movement’s anticolonial stance and were inspired by its most famous member, Muhammad Ali"
111111135,"Name_Calling,Labeling",2984,3018,the white man” as “the white devil
111111135,Loaded_Language,3045,3084,outspokenly and flagrantly anti-Zionist
111111135,"Exaggeration,Minimisation",3262,3319,his 1984 description of Adolf Hitler as “a very great man
111111135,Loaded_Language,4580,4590,to condemn
111111135,Loaded_Language,6524,6539,make me shudder
111111135,Loaded_Language,6813,6839,harmful and divisive views
111111135,"Exaggeration,Minimisation",7009,7036,an “outstanding human being
111111135,Loaded_Language,2045,2051,wildly
111111135,Doubt,4433,4498,Why were Tamika Mallory and Danny Davis reluctant to denounce him
111111135,Loaded_Language,7134,7152,monthlong backlash
111111136,Loaded_Language,1243,1254,stamped out
111111136,Flag-Waving,1874,2026,"This is the new Sweden; the new, exciting dynamic, multicultural paradise that so many here in this assembly ... have fought to create for so many years"
111111137,Loaded_Language,2321,2332,poison pill
111111137,"Exaggeration,Minimisation",143,183,the worst school shootings in US history
111111137,Loaded_Language,2058,2064,hailed
694327499,Loaded_Language,9221,9252,for “certain” public adulterers
694327499,Loaded_Language,11573,11606,cunning ecclesiastical politician
694327499,Causal_Oversimplification,1366,1501,"All of the critics of AL are wrong—every one of them!—because, you see, the original Latin text does not say what the English text does"
694327499,Loaded_Language,2798,2874,And that is exactly the nonsense Fastiggi and Goldstein expect us to swallow
694327499,"Name_Calling,Labeling",3032,3055,our intrepid presenters
694327499,"Name_Calling,Labeling",3656,3688,all those ignorant critics of AL
694327499,Causal_Oversimplification,4811,4934,all the tumult triggered by AL is just a misunderstanding caused by uninformed people who haven’t consulted the Latin text—
694327499,"Name_Calling,Labeling",4944,4978,those ignorant Vatican translators
694327499,Loaded_Language,5950,6079,But such embarrassing truths need not impede the Bergoglian Mercy Train as it barrels toward a train wreck at the end of the line
694327499,"Name_Calling,Labeling",6320,6343,Our dynamic translators
694327499,Loaded_Language,9393,9408,synodal charade
694327499,Appeal_to_fear-prejudice,9630,9695,"In a sense, what Bergoglio is doing is worse than explicit heresy"
694327499,"Name_Calling,Labeling",11470,11661,"the humble apostle of mercy depicted in his carefully crafted public relations narrative, but rather a cunning ecclesiastical politician, constantly plotting and scheming to get what he wants"
694327499,Loaded_Language,11720,11770,the grim reality of this unprecedented pontificate
694327499,Loaded_Language,110,142,the old reliable “mistranslation
694327499,Thought-terminating_Cliches,6296,6318,"But wait, there’s more"
694356862,Loaded_Language,86,106,reckless appeasement
694356862,Loaded_Language,820,830,disastrous
694356862,Loaded_Language,2378,2399,“It’s a new monster.”
694356862,Loaded_Language,4680,4691,milquetoast
694356862,Causal_Oversimplification,71,171,Barack Obama's reckless appeasement of the Iranian regime has enabled its rise as a hegemonic threat
694356862,"Exaggeration,Minimisation",270,311,turned his back on millions of dissidents
694356862,Causal_Oversimplification,532,574,giving rise to ISIS’s re-emergence in Iraq
694356862,"Exaggeration,Minimisation",713,795,turning Iraq into a virtual vassal state of the largest state sponsor of terrorism
694356862,Causal_Oversimplification,854,922,legitimized Iran's path to eventually becoming a nuclear-armed state
694356862,Flag-Waving,2754,2768,American blood
694356862,Appeal_to_fear-prejudice,5069,5184,could actually accelerate the cycle of violence and perpetuate conflict rather than get us to a sustainable outcome
694356862,Doubt,5363,5430,Whether the Trump administration follows through remains to be seen
694356862,Loaded_Language,733,747,virtual vassal
694811415,Black-and-White_Fallacy,274,321,Paddock could not have carried out the massacre
694811415,Thought-terminating_Cliches,854,913,"I’m not a big conspiracy theory guy, but it don’t sit right"
694811415,Doubt,1013,1112,Paddock’s body may have been left in the hotel room while other assailants carried out the shooting
694811415,"Bandwagon,Reductio_ad_hitlerum",1629,1719,"after virtually every terror attack and mass shooting, friends and neighbors express shock"
694811415,Appeal_to_Authority,498,546,I can tell you 100% this is not that kind of guy
694811415,Doubt,1,23,It’s gotta be a set-up
695833178,Doubt,1992,2104,This throws their entire narrative into question and makes one wonder what else is being hidden from the public?
695833178,Doubt,364,405,seemingly covering up the ISIS connection
695833178,Appeal_to_Authority,546,624,Laura Loomer proves that authorities have directly lied to the American people
695833178,Doubt,2420,2438,so-called evidence
695833178,Flag-Waving,597,624,lied to the American people
695833178,Doubt,76,102,What Else Are They Hiding?
695833178,Repetition,1040,1093,proving that the FBI specifically lied to the country
695833178,Flag-Waving,1074,1093,lied to the country
695833178,Appeal_to_Authority,837,954,"According to Loomer, she obtained the image from a source which shows that Paddock’s car first arrived September 25th"
695833178,"Name_Calling,Labeling",2420,2438,so-called evidence
695833178,Doubt,2510,2570,cannot be trusted and should be considered as disinformation
696246189,Repetition,861,882,it was a suicide note
696246189,"Whataboutism,Straw_Men,Red_Herring",2552,2645,"While officials did not reveal the woman’s name, they did tell reporters she was a prostitute"
696246189,Repetition,2848,2898,ammunition was purchased under someone else’s name
696246189,Repetition,3236,3277,ammo was bought under someone else’s name
696264594,"Name_Calling,Labeling",388,414,anti-Israel BDS hate group
696264594,Loaded_Language,490,520,accused Jews of drinking blood
696264594,"Bandwagon,Reductio_ad_hitlerum",899,972,"EU no longer considers #Hamas a terrorist group.
Time for US to do same."""
696264594,Loaded_Language,1173,1207,Holocaust Syndrome” of entitlement
696264594,"Name_Calling,Labeling",1313,1356,Hezbollah as “an armed-resistance movement”
696264594,Repetition,3752,3766,an anti-Israel
696264594,Loaded_Language,6029,6043,Its perversion
696264594,Loaded_Language,6754,6784,accused Jews of drinking blood
696264594,Appeal_to_fear-prejudice,7337,7433,"Either you stand with BDS, Hamas, blood libels and those who want to destroy Israel or with Jews"
696264594,Flag-Waving,3829,4015,"Zionism does not only dispossess Palestinians, but it also dispossesses in a very sophisticated way, non-white Jews.
Being Jewish is highly identified with being white because of Zionism"
696264594,Loaded_Language,6201,6207,simmer
696264594,Thought-terminating_Cliches,7013,7040,We all have choices to make
696264594,Black-and-White_Fallacy,7337,7433,"Either you stand with BDS, Hamas, blood libels and those who want to destroy Israel or with Jews"
696694316,Thought-terminating_Cliches,3987,4010,just around the corner”
696694316,Loaded_Language,603,661,very dirty and unappealing water under the Catholic bridge
696694316,Loaded_Language,1020,1094,Who can read this without cringing at what we now know was about to happen
696694316,Loaded_Language,3276,3379,"Pope Paul’s gracious and beautiful exposition, and in part on the sheer radical, mad unlikeliness of it"
696694316,Loaded_Language,3471,4010,"The idea of transubstantiation struck me as I read that document as possibly the strangest and most earth shattering thing I’d ever heard.
It shocked me out of a kind of swamp of intellectual worldliness; presenting the idea to my thirsty mind that there could indeed be fantastic realities far more wonderful than the banal and painfully uninteresting secularist worldview I had been taught to accept.
It was as though someone had plausibly told me that, yes, there were fairies and magical kingdoms in real life, “just around the corner”"
696694316,Loaded_Language,4478,4500,it was outright wicked
696694316,Loaded_Language,7026,7097,this sacramental reality that was about to be catastrophically obscured
696694316,Black-and-White_Fallacy,7971,8295,"…it is not allowable to emphasize what is called the “communal” Mass to the disparagement of Masses celebrated in private, or to exaggerate the element of sacramental sign as if the symbolism, which all certainly admit in the Eucharist, expresses fully and exhausts completely the mode of Christ’s presence in this sacrament"
696694316,Black-and-White_Fallacy,8298,8642,"Nor is it allowable to discuss the mystery of transubstantiation without mentioning what the Council of Trent stated about the marvelous conversion of the whole substance of the bread into the Body and of the whole substance of the wine into the Blood of Christ, speaking rather only of what is called “transignification” and “transfiguration,”"
696694316,Appeal_to_fear-prejudice,9586,9819,"We know it is demonically inspired because their hatred is for Christ Himself in the first place and for anyone who loves and wants to serve Him second.
They are men who refuse to bend the knee before the God whom they will not serve"
696694316,"Bandwagon,Reductio_ad_hitlerum",9373,9584,The demonic forces we know are the driving force behind this supreme moment of heresy and destruction aren’t really looking at the undermining of marriage as their primary goal; they want to get at the Eucharist
696694316,Loaded_Language,11102,11126,is demonically brilliant
696694316,Loaded_Language,12634,12736,will be ruling embattled islands of Catholicism in a poisoned sea of systematic heresy and desecration
696694316,Thought-terminating_Cliches,13456,13555,"But whatever its flaws, Mysterium Fidei is the one I found, and I’m convinced it wasn’t an accident"
696694316,Loaded_Language,4376,4395,pernicious nonsense
696694316,Black-and-White_Fallacy,10661,10866,"If the Mass were ever reduced in our minds to being merely a commemorative meal and the priest as only a community leader or functionary, then the celibacy of the Catholic Priesthood might seem extravagant"
696694316,Appeal_to_fear-prejudice,12738,12848,"A dark, impenetrable and “irreversible” winter of persecution of the faithful by their own shepherds will fall"
696735702,Doubt,2630,2685,why weren’t the police rushing to the scene immediately
696735702,Doubt,1115,1140,constantly changing story
696735702,Doubt,3585,3632,While we may never know the exact circumstances
697063039,Thought-terminating_Cliches,1975,2072,"As the days have become weeks, the weeks will become months, and survival will get more difficult"
697063039,"Exaggeration,Minimisation",1160,1220,a natural disaster of a magnitude not seen in over a century
697063039,"Exaggeration,Minimisation",1375,1413,the unprecedented level of destruction
697063039,"Name_Calling,Labeling",1824,1852,the hurricane-ravaged island
697063039,Loaded_Language,115,120,wrath
697063039,Loaded_Language,142,152,devastated
697063039,Flag-Waving,1226,1346,we are doing everything possible to address the needs of the American citizens of Puerto Rico during this time of crisis
697063039,Loaded_Language,1828,1845,hurricane-ravaged
697444415,Loaded_Language,512,539,series of shocking comments
697444415,"Whataboutism,Straw_Men,Red_Herring",1471,1596,Take note that what he means here is that people were being shot at from ground level rather than the 32nd floor of the hotel
697444415,Loaded_Language,2817,2831,huge bombshell
697444415,Doubt,2959,3022,we are not being told what actually happened that fateful night
697444415,Doubt,2815,2860,a huge bombshell in the ongoing investigation
697454736,"Whataboutism,Straw_Men,Red_Herring",8030,8056,while Francis does nothing
697454736,"Whataboutism,Straw_Men,Red_Herring",599,751,"Mr. Ferrara, however, bases his critique upon an assumption that the “generous response” offered to God is a sin.
This, though, is not what AL is saying"
697454736,Appeal_to_Authority,3216,3400,"Pope Francis explains this again in AL 305 when he says “a small step, in the midst of great human limitations, can be more pleasing to God than a life which appears outwardly in order"
697454736,Doubt,4856,5044,"With all due respect to Dr. Fastiggi, his argument and that of Buttiglione, that a “move away from sin” is what is pleasing to God, even if the moral norm is not adhered to, is sophistical"
697454736,Appeal_to_fear-prejudice,7080,7176,A moral catastrophe is self-evidently underway and it is not possible honestly to deny its cause
697454736,Thought-terminating_Cliches,7417,7444,with an open heart and mind
697454736,Loaded_Language,8140,8197,"with an open heart and mind, but above all with open eyes"
697454736,"Whataboutism,Straw_Men,Red_Herring",8793,8976,"He mentions the Holy Father's letter to the Buenos Aires bishops, but he fails to take into account that the statement of those Argentine bishops can be interpreted in an orthodox way"
697454736,Appeal_to_Authority,9555,9692,"I have read the Cardinal's exposition in both Italian and English, and I only find mention of the help of the sacraments in certain cases"
697454736,Black-and-White_Fallacy,10671,10950,"Does Mr. Ferrara believe that the Catholic Church under Pope Francis is a “Leviathan Church” and not the Catholic Church?
If this is so, then it would suggest that Mr. Ferrara is refusing submission to the Roman Pontiff and communion with the members of the Church subject to him"
697454736,Loaded_Language,11963,12026,Dr. Fastiggi has succumbed to an unfortunate literal-mindedness
697454736,Loaded_Language,12492,12644,"demonstrate a pronounced lack of comprehension of pertinent ecclesiological and theological basics, and a rather embarrassing lack of rhetorical finesse"
697454736,Doubt,12874,13038,I respectfully suggest that Dr. Fastiggi’s comments evince a need for serious study and reflection before he ventures further opinions on this controversy in public
697454736,Loaded_Language,7761,7777,Irony of ironies
697454736,"Name_Calling,Labeling",10597,10632,foot soldiers of a Leviathan Church
697472447,Doubt,3600,3640,What exactly do they want us to believe?
697472447,Doubt,2430,2528,There are obviously certain things that the FBI and other investigators seem intent on covering up
697472447,Doubt,3397,3459,so why change the narrative to make it even more unbelievable?
697959084,Thought-terminating_Cliches,2647,2664,Slowly but surely
697959084,Loaded_Language,128,157,astonishing eyewitness report
697959084,Doubt,1689,1765,"Keep in mind, this is all information that the police and the FBI has hidden"
697959084,Flag-Waving,1689,1790,"Keep in mind, this is all information that the police and the FBI has hidden from the American people"
697959084,Repetition,2783,2857,it is strikingly obvious that authorities have lied to the American people
697959084,Doubt,2914,2988,One can only speculate as to what the reasons for these lies actually are?
697996062,"Name_Calling,Labeling",94,108,less glamorous
697996062,"Exaggeration,Minimisation",427,469,you move closer to legalizing all illegals
698018235,Appeal_to_fear-prejudice,1659,1883,"Any Jew who opposes the Occupation — or opposes Zionism itself — knows that feeling of being shunned from the places that are supposed to shelter and nurture you: families, synagogues, community centers, arts organizations,"""
698018235,"Bandwagon,Reductio_ad_hitlerum",2917,3000,"people who hate the existence of Jewish nationhood.
Not of Jewish nationhood itself"
698018235,"Name_Calling,Labeling",305,335,radical anti-Israel hate group
698018235,"Name_Calling,Labeling",555,581,anti-Israel BDS hate group
698018235,Loaded_Language,657,687,accused Jews of drinking blood
698018235,"Name_Calling,Labeling",641,652,anti-Semite
698018235,"Bandwagon,Reductio_ad_hitlerum",976,1049,"EU no longer considers #Hamas a terrorist group.
Time for US to do same."""
698018235,Repetition,1482,1493,anti-Israel
698018235,Loaded_Language,3538,3578,go whine to the New York Times some more
698018235,Loaded_Language,3623,3649,burn crosses on their lawn
698018235,Appeal_to_Authority,976,1047,"EU no longer considers #Hamas a terrorist group.
Time for US to do same"
698018235,Loaded_Language,1910,1919,terrified
698018235,Black-and-White_Fallacy,2132,2410,"If our Jewish institutions — particularly the American Jewish Historical Society — cannot accommodate dissent, and effectively exclude all Jewish anti-Zionists, then they have not only lost a rapidly growing Jewish population, but they have lost a key aspect of their Jewishness"
698018235,Loaded_Language,2431,2460,knapsack of entitled nonsense
698018235,Loaded_Language,2723,2730,whining
698018235,"Bandwagon,Reductio_ad_hitlerum",3283,3380,It's resistance to a propaganda campaign intended to attack the human rights of the Jewish people
698018235,Black-and-White_Fallacy,3514,3649,Either that or they can go whine to the New York Times some more because the Jewish community won't let them burn crosses on their lawn
698092698,"Name_Calling,Labeling",306,327,conspiracy theorists”
698092698,Repetition,675,692,Are they for real
698092698,Doubt,694,784,"Further, the FBI insists there is no jihad motive, while saying they don’t know his motive"
698092698,Doubt,1997,2029,That raised a number of question
698092698,Doubt,353,371,Are they for real?
698092698,Doubt,577,693,"Do the FBI and law enforcement think people won’t talk about it or speculate as to what happened?
Are they for real?"
698092698,Doubt,2393,2453,contradicting a timeline they had offered earlier this week…
698092698,Doubt,5882,5948,These discrepancies on basic facts are feeding conspiracy theories
698503276,Loaded_Language,7295,7301,fiasco
698503276,Loaded_Language,1057,1084,trying to clean up the mess
698503276,Loaded_Language,1169,1228,"reckless abandonment of facts in favor of ego and ideology"""
698503276,Flag-Waving,1272,1302,lying to the American people.”
698503276,Repetition,1340,1370,recklessly abandoned the facts
698503276,Repetition,1404,1456,The Obama administration lied to the American people
698503276,Repetition,4539,4559,This was another lie
698503276,Repetition,6447,6487,Obama administration lied about that too
698503276,Appeal_to_fear-prejudice,8730,8957,"the US Administration and Congress to consider the implications to the security of the US and its allies before taking any steps that might undermine the JCPOA, such as re-imposing sanctions on Iran lifted under the agreement.”"
698503276,Loaded_Language,177,200,disastrous nuclear deal
698503276,"Whataboutism,Straw_Men,Red_Herring",1303,1402,It was the Obama administration that recklessly abandoned the facts in pressing ahead with the deal
698503276,Slogans,3107,3132,Israel must be wiped out”
698503276,Loaded_Language,4612,4630,shamelessly denied
698503276,Loaded_Language,6946,6983,let’s just kick the can down the road
698503276,Loaded_Language,7332,7348,phony agreements
698503276,Appeal_to_fear-prejudice,7932,8164,North Korea’s actions over the last 23 years have proven that making concessions to a rogue regime in order to obtain denuclearization commitments is so dangerous that President Trump does not want to make the same mistake with Iran
698503276,"Bandwagon,Reductio_ad_hitlerum",9024,9279,"Appeasement through phony deals with a rogue dictatorship does not work, as proven by the infamous Munich Pact signed by British and French Prime Ministers Neville Chamberlain and Edouard Daladier with German Chancellor Adolf Hitler seventy-nine years ago"
698503276,Loaded_Language,9044,9055,phony deals
698719689,"Bandwagon,Reductio_ad_hitlerum",300,321,huge concern for many
698719689,Loaded_Language,1440,1449,extremely
698719689,Loaded_Language,131,144,unprecedented
698719689,Loaded_Language,1594,1611,difficult at best
698719689,Appeal_to_fear-prejudice,190,321,the likelihood that this disease will move to other more densely populated regions of the planet has become a huge concern for many
698719689,Appeal_to_fear-prejudice,1542,1611,making cures in underdeveloped regions of the globe difficult at best
698719689,"Name_Calling,Labeling",2324,2335,black death
698780559,Doubt,733,764,they want the public to believe
698780559,Doubt,458,625,His mere existence appears to have been fabricated by the very authorities who are cramming lies down our throats about this massacre for the sake of political agendas
698780559,Doubt,337,372,mysteriously vanished into thin air
698780559,Repetition,60,95,Mysteriously Vanished Into Thin Air
698780559,Loaded_Language,541,571,cramming lies down our throats
698780559,Repetition,1908,1931,vanishing into thin air
698780559,Doubt,2364,2399,they desperately want us to believe
699142854,Appeal_to_fear-prejudice,2181,2246,the threat Iran constitutes to US national security and interests
699142854,Appeal_to_fear-prejudice,7160,7228,"a menace to the US, its allies and international security as a whole"
699142854,Loaded_Language,692,708,murderous regime
699142854,Flag-Waving,930,981,Iran’s long rap sheet of aggression against America
699142854,Loaded_Language,1013,1039,seizure and hostage crisis
699142854,Flag-Waving,1041,1102,Trump described Iran’s crimes and acts of war against America
699142854,Appeal_to_fear-prejudice,1596,1620,sponsorship of terrorism
699142854,Repetition,3149,3217,"aggressive and illicit acts against the US, its interests and allies"
699142854,Doubt,4131,4274,"Unfortunately, it is also likely, indeed, it is more likely, that his words will not be translated into policies to achieve these critical aims"
699142854,Loaded_Language,4889,4906,ugly public fight
699142854,"Name_Calling,Labeling",7574,7602,the most outspoken supporter
699142854,"Name_Calling,Labeling",1402,1429,the authoritarian theocrats
699142854,Loaded_Language,2548,2584,overarching hostility and aggression
699142854,Repetition,6974,6981,It won’
699142854,Repetition,7069,7083,it won’t bring
699142854,Repetition,7018,7034,It won’t destroy
699142854,Repetition,6934,6952,deal won’t destroy
699142854,Causal_Oversimplification,8894,8971,"If they fail, the possibility Trump created will be lost, perhaps irrevocably"
699291100,Loaded_Language,640,646,sordid
699291100,Repetition,15,25,Threatened
699291100,Repetition,3420,3430,threatened
699291100,Repetition,3829,3839,threatened
699291100,Repetition,4424,4434,threatened
699291100,Repetition,4836,4846,threatened
699291100,Repetition,4985,4992,threats
699291100,Loaded_Language,200,218,largely ignored it
699291100,Loaded_Language,4816,4830,harsh position
699478811,Appeal_to_fear-prejudice,2175,2289,point to Iran’s positioning itself for more aggressive military actions that could place U.S. forces in harm’s way
699478811,Loaded_Language,4836,4888,"its aggressive, destabilizing, and unlawful behavior"
699478811,Repetition,4871,4888,unlawful behavior
699478811,"Bandwagon,Reductio_ad_hitlerum",5692,5759,it tells us that we will soon have another North Korea on our hands
699478811,Thought-terminating_Cliches,7653,7692,They are a perfect match for each other
699478811,Appeal_to_fear-prejudice,190,356,putting the Revolutionary Guard in the terrorist lists with terrorist groups can be very costly to the United States and its military bases and forces in the region.”
699478811,Loaded_Language,447,487,the stupidity of the American government
699478811,Appeal_to_fear-prejudice,3410,3554,"The Iraqi branch of Iran’s terrorist proxy Hezbollah has vowed that once ISIS is defeated it will start killing Americans, as it has done before"
699478811,Loaded_Language,4494,4509,outlaw behavior
699478811,Loaded_Language,6742,6759,caught red-handed
699478811,Causal_Oversimplification,7653,7692,They are a perfect match for each other
699478811,Loaded_Language,8519,8557,to kick the can down the road as usual
699478811,Appeal_to_fear-prejudice,2060,2119,"Thus, it is threatening U.S. forces and bases in the region"
699478811,Appeal_to_fear-prejudice,2886,3062,"This will not only serve to bolster the Assad regime, but it also will strengthen Iran's ability to follow through on its threats to the U.S. and its allies, principally Israel"
699478811,Appeal_to_fear-prejudice,4890,4924,To do otherwise would be foolish.”
699478811,Appeal_to_fear-prejudice,5511,5554,the Iranian regime’s “most threatening act”
699478811,Appeal_to_fear-prejudice,5692,5761,"it tells us that we will soon have another North Korea on our hands,”"
699478811,"Bandwagon,Reductio_ad_hitlerum",5785,5877,"“If it is wrong for North Korea to do this, why doesn’t that same mentality apply to Iran?
“"
699478811,Loaded_Language,7155,7173,a modicum of sense
699478811,Appeal_to_fear-prejudice,8030,8167,"""If we want to talk to North Korea now, the possible end for the nuclear deal with Iran would jeopardize the credibility of such treaties"
700387229,Loaded_Language,24,34,High Alert
700387229,Appeal_to_Authority,243,259,“no one is safe”
700387229,Appeal_to_Authority,394,425,continuing to spread and worsen
700387229,Appeal_to_Authority,435,449,no one is safe
700387229,Repetition,435,449,no one is safe
700387229,Repetition,243,259,“no one is safe”
700387229,Repetition,37,51,No One Is Safe
700387229,Appeal_to_Authority,763,782,much more dangerous
700387229,Loaded_Language,1123,1133,high alert
700387229,Appeal_to_Authority,925,966,the number of cases is growing by the day
700387229,Appeal_to_Authority,1303,1321,safe and dignified
700387229,Loaded_Language,2201,2211,incredibly
700387229,Appeal_to_Authority,2948,3026,“It has been a long time since we have seen the plague in an urban environment
700387229,Repetition,3136,3164,no one in Madagascar is safe
700387229,Appeal_to_fear-prejudice,2761,2818,people in every place in society are catching the disease
700387229,Appeal_to_fear-prejudice,3136,3164,no one in Madagascar is safe
700461600,"Exaggeration,Minimisation",717,760,their dream of independence is all but dead
700461600,"Whataboutism,Straw_Men,Red_Herring",1547,1746,"But what if the Baghdad regime of Haider al-Abadi does not agree?
What if the Quds Force does not go home to Iran and the Shiite militias that helped retake Kirkuk refuse to enlist in the Iraqi army?"
700461600,Black-and-White_Fallacy,2352,2497,"Do we accept that outcome, pack up and go home?
Or do we leave our forces in Syria and Iraq and defy any demand from Assad to vacate his country?"
700461600,Doubt,2805,2868,apparently clueless to the presence of 800 U.S. troops in Niger
700461600,Flag-Waving,2726,2788,Would the American people support such a war with U.S. troops?
700461600,Black-and-White_Fallacy,3073,3131,"If we rely on the Kurds in Syria, we lose NATO ally Turkey"
700461600,"Name_Calling,Labeling",3549,3559,"terrorist"""
700461600,Flag-Waving,3963,4080,And only one force in the region has the power to reverse the present outcome of Syria's civil war--the United States
700461600,Appeal_to_fear-prejudice,4210,4440,"A failure by the United States to defend its allies or promote new political arrangements for (Syria and Iraq) will lead only to more war, the rise of new terrorist threats, and, ultimately, the necessity of more U.S.
intervention"
700461600,Doubt,1551,1562,what if the
700461600,Doubt,1613,1620,What if
700461600,Appeal_to_fear-prejudice,2400,2497,Or do we leave our forces in Syria and Iraq and defy any demand from Assad to vacate his country?
700461600,Doubt,2318,2351,"secure, is that really a victory?"
700461600,Appeal_to_fear-prejudice,3073,3255,"If we rely on the Kurds in Syria, we lose NATO ally Turkey, which regards Syria's Kurds as collaborators of the PKK in Turkey, which even the U.S. designates a terrorist organization"
700461600,"Name_Calling,Labeling",4510,4530,interventionist Post
700461600,"Bandwagon,Reductio_ad_hitlerum",4657,4709,"If he crosses, he joins Bush II in the history books"
700551604,"Bandwagon,Reductio_ad_hitlerum",5659,5818,a good strategy was to blame the assassination on a communist because then they could smear anyone who challenged the official story as a communist sympathizer
700551604,Flag-Waving,1881,2028,Trump is in the driver’s seat because the CIA cannot afford to permit the American people to see the records it wants to continue to be kept secret
700551604,"Exaggeration,Minimisation",2735,2776,no reasonable person can honestly believe
700551604,Doubt,3068,3179,"Really?
What, like the CIA was using typewriters instead of computers and pay telephones instead of cell phones"
700551604,"Exaggeration,Minimisation",3209,3232,the extreme nonchalance
700551604,Loaded_Language,3383,3403,absolutely ludicrous
700551604,"Name_Calling,Labeling",5322,5341,purported communist
700551604,Loaded_Language,6897,6915,Something dreadful
700551604,Loaded_Language,1657,1686,cherished long-secret records
700551604,Causal_Oversimplification,1881,2028,Trump is in the driver’s seat because the CIA cannot afford to permit the American people to see the records it wants to continue to be kept secret
700551604,Causal_Oversimplification,2034,2149,"once the CIA gives Trump what he wants, he will cave and give the CIA the continued secrecy it so desperately needs"
700551604,Loaded_Language,2566,2610,the two most important and meaningless words
700551604,"Exaggeration,Minimisation",2830,2880,result in the United States falling into the ocean
700551604,"Exaggeration,Minimisation",2894,2954,the communists are going to take over the federal government
700551604,Loaded_Language,3209,3232,the extreme nonchalance
700551604,Causal_Oversimplification,3326,3364,It’s essentially an admission of guilt
700551604,"Exaggeration,Minimisation",4462,4524,the mainstream media has never given any serious consideration
700551604,Loaded_Language,4686,4698,pat frame-up
700551604,Causal_Oversimplification,5977,6095,They had to make certain that Oswald was not on to them and had not discovered that he was being set up for a frame-up
700551604,Causal_Oversimplification,7425,7512,it knows that those records will further implicate the CIA in the Kennedy assassination
700551604,Causal_Oversimplification,7547,7629,"by seeking continued secrecy, it’s essentially an implicit acknowledgment of guilt"
700551604,Causal_Oversimplification,7694,7798,because it knows that its assets and allies in the mainstream press will continue to come to its defense
700551604,Flag-Waving,8615,8671,the CIA steadfastly kept secret from the American people
700551604,Flag-Waving,8924,8977,Every American owes it to himself to read that manual
700551604,Flag-Waving,9219,9324,to keep some of the CIA’s decades-old JFK’s related assassination records secret from the American people
700551604,"Name_Calling,Labeling",3698,3735,lone nut former U.S. Marine communist
700551604,"Bandwagon,Reductio_ad_hitlerum",5343,5410,That would enable the CIA to blame the assassination on a communist
700662577,"Exaggeration,Minimisation",245,271,crisis of epic proportions
700662577,Loaded_Language,641,779,"the blurry picture feels like it’s worth a good deal more than 1,000 words.
It illuminates just a small sliver of the public health crisis"
700662577,"Exaggeration,Minimisation",1385,1423,the post-apocalyptic ravaged territory
700662577,Loaded_Language,1570,1600,The islands are grappling with
700662577,"Exaggeration,Minimisation",2777,2812,the power grid’s utter annihilation
700662577,Loaded_Language,60,86,Crisis Of Epic Proportions
700662577,Loaded_Language,108,119,devastating
700662577,Loaded_Language,1217,1227,devastated
700662577,Appeal_to_fear-prejudice,1570,1765,"The islands are grappling with physician shortages, Medicaid programs facing an impending funding cliff, and widespread disparities in Federal health programs—and that was before hurricane season"
700662577,Flag-Waving,1907,1984,but more can and should be done to help Americans impacted by these disasters
700662577,Loaded_Language,2794,2812,utter annihilation
700662577,Loaded_Language,3515,3529,looming crisis
701225819,"Name_Calling,Labeling",177,187,hatemonger
701225819,Repetition,2689,2694,Satan
701225819,Repetition,2787,2792,Satan
701225819,Loaded_Language,2982,2991,grotesque
701225819,"Name_Calling,Labeling",77,99,white supremacist icon
701225819,"Name_Calling,Labeling",996,1019,“Jewish Zionist Agent.”
701225819,Loaded_Language,2174,2182,venomous
701225819,Repetition,2747,2752,Satan
701225819,Slogans,3787,3804,“Death to Israel”
701225819,"Name_Calling,Labeling",3837,3860,wicked and filth-ridden
701225819,"Name_Calling,Labeling",4606,4636,grandson of a monkey and a pig
701225819,"Name_Calling,Labeling",4720,4739,“monkeys and pigs.”
701225819,Appeal_to_fear-prejudice,131,143,Ku Klux Klan
701225819,Loaded_Language,305,313,enamored
701225819,Appeal_to_fear-prejudice,1201,1299,"white nationalist plowed his car into a group of people who were protesting the rally, killing one"
701225819,"Name_Calling,Labeling",1525,1551,Racist Jewish Supremacists
701225819,Loaded_Language,1572,1583,Destruction
701225819,Loaded_Language,1767,1771,wild
701225819,Repetition,2616,2621,Satan
701225819,Loaded_Language,3309,3315,absurd
701225819,"Name_Calling,Labeling",4268,4313,the greatest leader in modern Western history
701225819,Loaded_Language,5914,5927,hatemongering
701225819,Loaded_Language,6102,6112,toxic hate
701225819,"Name_Calling,Labeling",111,143,Grand Wizard of the Ku Klux Klan
701225819,Appeal_to_fear-prejudice,1493,1605,"Dr.
David Duke Exposes the Real Racist Jewish Supremacists Who Orchestrate the Destruction of European Mankind…’"
701225819,"Name_Calling,Labeling",1872,1889,Jewish extremists
701225819,Slogans,1967,1987,a man to believe in!
701225819,"Name_Calling,Labeling",2798,2811,Arch Deceiver
701299732,Appeal_to_Authority,588,628,the crisis in Madagascar had yet to peak
701299732,Appeal_to_Authority,1569,1600,the epidemic could still worsen
701299732,Appeal_to_Authority,2236,2327,If the treatment is not given in a very short period of time these people will end up dying
701299732,"Name_Calling,Labeling",101,114,“black death”
701299732,Appeal_to_fear-prejudice,0,13,It’s Airborne
701299732,Appeal_to_fear-prejudice,60,80,Could Spread Rapidly
701299732,Appeal_to_fear-prejudice,244,299,sounding warnings that the disease is spreading rapidly
701299732,Appeal_to_fear-prejudice,638,655,sounded the alarm
701299732,Appeal_to_fear-prejudice,1718,1735,alarming warnings
701299732,Appeal_to_fear-prejudice,2297,2327,these people will end up dying
701299732,"Name_Calling,Labeling",39,52,“Black Death”
701447437,Loaded_Language,50,93,People Are Literally ‘Dancing With Corpses’
701447437,Loaded_Language,189,211,dancing with corpses.”
701447437,Appeal_to_Authority,363,376,is said to be
701447437,Appeal_to_Authority,1092,1168,Some locals believe the whole plague is some kind of a government conspiracy
701447437,Causal_Oversimplification,343,430,The local tradition is said to be one of the major causes of the spread of this disease
701447437,Causal_Oversimplification,570,727,Health officials suspect it’s no coincidence that the outbreak coincides with the time of year when families customarily exhume the remains of dead relatives
701447437,"Exaggeration,Minimisation",1423,1442,The plague is a lie
701447437,"Exaggeration,Minimisation",1556,1599,government is just exaggerating the problem
701447437,Doubt,1556,1643,government is just exaggerating the problem to get money ahead of an election next year
701447437,Doubt,1649,1722,it isn’t that anyone is putting this past a government to lie for profits
701447437,Doubt,1112,1168,the whole plague is some kind of a government conspiracy
701447437,Appeal_to_fear-prejudice,939,1017,the bacteria can still be transmitted and contaminate whoever handles the body
701447437,"Name_Calling,Labeling",1542,1555,cash-strapped
701553469,Appeal_to_fear-prejudice,4178,4280,know exactly what the reaction would be if a student paper refused to publish any pro-Islamist content
701553469,Loaded_Language,31,41,Kicked Off
701553469,Slogans,77,143,"First they came for the Jews.
And then they came for everyone else"
701553469,Loaded_Language,351,361,kicked off
701553469,"Name_Calling,Labeling",1716,1744,the campus anti-Israel crowd
701553469,"Name_Calling,Labeling",1864,1887,racist boycott movement
701553469,"Exaggeration,Minimisation",3139,3159,utterly unacceptable
701553469,Slogans,3455,3476,punch a Zionist today
701553469,"Name_Calling,Labeling",3695,3715,a toxic campus press
701553469,Loaded_Language,3898,3916,the absurd attacks
701553469,Causal_Oversimplification,1983,2143,"I have no doubt from the information circulated about me and campaign run against me prior to this vote that this was about my Jewish identity, and nothing more"
701553469,Loaded_Language,288,302,blatant agenda
701553469,Doubt,2486,2651,"why did a BDS-led campaign name and shame me for my affiliation with a Jewish organization, and call on students to remove me from student government for this reason"
701553469,Doubt,2666,2781,"If BDS is not anti-Semitic, why was I barred from participating in student government because of my Jewish identity"
701837665,"Name_Calling,Labeling",803,833,Donald “Art of the Deal” Trump
701837665,"Name_Calling,Labeling",1806,1828,Art of the Deal” Trump
701837665,Doubt,1364,1449,"they demonstrate their lack of understanding about how things work in Washington, D.C"
701837665,"Exaggeration,Minimisation",5040,5084,isn’t even questioning that ludicrous notion
701837665,"Exaggeration,Minimisation",7193,7229,a grave threat to “national security
701837665,Loaded_Language,8276,8312,suspension of logic and common sense
701837665,Flag-Waving,9299,9329,America’s sworn Cold War enemy
701837665,"Exaggeration,Minimisation",10112,10206,skate blissfully across the Cold War stage of history with nary any abuse or harassment at all
701837665,Doubt,10208,10227,Don’t make me laugh
701837665,"Exaggeration,Minimisation",761,801,A blind man could see what was happening
701837665,Causal_Oversimplification,1829,2008,"obviously sat on the request, undoubtedly hoping that he could get what he wanted in return if he just continued holding out and conveying that he was ready to release the records"
701837665,"Exaggeration,Minimisation",2534,2575,with some earthshattering new information
701837665,"Exaggeration,Minimisation",2618,2726,the United States would fall into the ocean if Americans were finally permitted to see the CIA’s long-secret
701837665,Causal_Oversimplification,2792,2940,"it is a virtual certainly that when Art of the Deal Trump sent out those two tweets, he was sending a message to the CIA as part of the negotiations"
701837665,Repetition,2828,2849,Art of the Deal Trump
701837665,Causal_Oversimplification,3251,3423,"the records undoubtedly contain more incriminating circumstantial evidence that fills in the mosaic of a U.S. national-security regime-change operation on November 22, 1963"
701837665,Loaded_Language,3510,3534,ridiculous and illogical
701837665,Causal_Oversimplification,3824,3883,it knew would point to the CIA’s guilt in the assassination
701837665,Causal_Oversimplification,3958,4067,the obvious inference that people would draw — that the CIA was continuing to cover up incriminatory evidence
701837665,Loaded_Language,5068,5084,ludicrous notion
701837665,Loaded_Language,5821,5840,"is, well, laughable"
701837665,Causal_Oversimplification,6697,6873,Let’s state the obvious: The CIA records that are still being suppressed have nothing to do with “national security.” They have everything to do with covering up the CIA’s role
701837665,Appeal_to_fear-prejudice,7193,7357,"a grave threat to “national security,” i.e., befriending the Russians (i.e., the Soviets) and Cubans and entering into peaceful coexistence with the communist world"
701837665,"Exaggeration,Minimisation",7401,7455,who had absolutely no motive to kill President Kennedy
701837665,"Whataboutism,Straw_Men,Red_Herring",7727,7747,who Kennedy admired)
701837665,Appeal_to_Authority,7785,7841,"For a more detailed analysis of motive, read FFF’s ebook"
701837665,Causal_Oversimplification,7529,7666,the same motive that motivated the CIA and Pentagon to target other political leaders for regime change or assassination around that time
701837665,"Name_Calling,Labeling",8115,8155,"a lone nut, former U.S. Marine communist"
701837665,Doubt,8453,8556,"For anyone who has a critical, analytical, independent mindset, the official story is filled with holes"
701837665,"Whataboutism,Straw_Men,Red_Herring",9331,9372,and former World War II partner and ally)
701837665,"Name_Calling,Labeling",9425,9433,Red wife
701837665,"Exaggeration,Minimisation",9471,9500,or even an iota of harassment
701837665,Loaded_Language,9741,9756,It skewers them
701837665,"Name_Calling,Labeling",9780,9814,they call Julian Assange a traitor
701837665,"Name_Calling,Labeling",10090,10111,self-avowed communist
701837665,Causal_Oversimplification,10802,10972,"They needed to get rid of Kennedy to protect national security and elevate Johnson, who had the same anti-communist mindset as the Pentagon and the CIA, to the presidency"
701837665,Causal_Oversimplification,11844,11915,no doubt being told that he was being prepared for an important mission
701837665,Thought-terminating_Cliches,11964,12007,no government operation ever goes perfectly
701837665,Loaded_Language,12031,12047,dreadfully wrong
701837665,Loaded_Language,12178,12197,shrouded in mystery
701837665,"Exaggeration,Minimisation",12594,12665,the United States did not fall into the ocean or fall to the communists
701837665,Thought-terminating_Cliches,2456,2470,So interesting
701837665,Loaded_Language,2544,2563,earthshattering new
701837665,Doubt,2740,2762,But how likely is that
701837665,Appeal_to_fear-prejudice,2942,2991,Give me what I want or I will release the records
701837665,Flag-Waving,12381,12476,the CIA has argued that the release of any of its JFK records would threaten “national security
701933838,Appeal_to_fear-prejudice,981,1153,"ERO has removed more than 1,700 foreign fugitives from the United States who were sought in their native countries for serious crimes, including kidnapping, rape and murder"
701939679,Doubt,234,337,"Imagine spending all that time studying Islam and yet still misunderstanding its true, peaceful message"
701939679,"Name_Calling,Labeling",361,374,learned imams
701939679,Doubt,339,529,"We can only hope that learned imams such as Pope Francis and H.R.
McMaster will go to Virginia forthwith and explain to Mohamad Jamal Khweis the proper understanding of the Religion of Peace"
701939679,Repetition,1474,1664,"I didn’t agree with their ideology,” Khweis said in an interview with Kurdistan24 in 2016.
“Our daily life was basically prayer, eating, and learning about the religion for about eight hours"
702077434,Loaded_Language,1264,1275,drunken one
702077434,Thought-terminating_Cliches,1377,1393,I ruined my life
702077434,Loaded_Language,1377,1414,I ruined my life and my family’s life
702077434,"Exaggeration,Minimisation",1701,1732,executed his plan to perfection
702077434,Repetition,1830,1891,He was providing himself and his services to the organization
702077783,Loaded_Language,342,363,botched investigation
702077783,Flag-Waving,401,475,"This is not the Soviet Union, this is not Iran or Riyadh – this is America"
702077783,"Name_Calling,Labeling",243,276,"incompetent, clueless authorities"
702077783,Doubt,233,289,"still the incompetent, clueless authorities know nothing"
702077783,"Name_Calling,Labeling",513,525,bumbling FBI
702077783,Doubt,1853,1917,local and federal authorities are refusing to fill in the blanks
702077783,Doubt,291,335,That’s the information they seek to blackout
702111021,Repetition,1114,1127,habeas corpus
702111021,Repetition,2179,2193,illegal aliens
702111021,Repetition,2272,2286,illegal aliens
702111021,Repetition,3388,3402,illegal aliens
702111021,Repetition,3908,3922,illegal aliens
702111021,Loaded_Language,1639,1676,had an attack of her legal conscience
702111021,Loaded_Language,2047,2092,she will not let it go quietly into the night
702111021,Appeal_to_Authority,3668,3773,basing her assumption of authority over immigration based on the past Obama Regime Administrative Amnesty
702111021,"Name_Calling,Labeling",3994,4051,"She is like Derrick Kahala Watson , a treasonous kritarch"
702111021,Loaded_Language,2223,2237,throw a wrench
702111021,Black-and-White_Fallacy,4140,4186,Impeachment for her and Watson is the solution
703056647,Loaded_Language,53,61,Explode’
703056647,Appeal_to_Authority,25,61,Black Death Epidemic Could ‘Explode’
703056647,Loaded_Language,204,238,the epidemic could explode anytime
703056647,"Exaggeration,Minimisation",239,275,unleashing the sickness on the globe
703056647,Repetition,470,477,explode
703056647,Repetition,223,230,explode
703056647,Repetition,53,61,Explode’
703056647,Appeal_to_Authority,2412,2475,"The epidemic is ahead of us, we have not yet reached the peak.”"
703056647,Causal_Oversimplification,1987,2041,The tradition has been banned since the outbreak began
703056647,Doubt,2102,2176,local continue to balk that their rituals have contributed to the outbreak
703056647,Appeal_to_Authority,661,717,the deadly outbreak is entering its most dangerous phase
703056647,Appeal_to_Authority,926,1018,"the downward trend the plague had seen over the past few days, will likely turn upward again"
703056647,Causal_Oversimplification,1418,1495,The outbreak has been fueled by performing the ancient practice of Famadihana
703056647,"Name_Calling,Labeling",25,36,Black Death
703056647,Appeal_to_fear-prejudice,25,61,Black Death Epidemic Could ‘Explode’
703056647,Appeal_to_fear-prejudice,223,275,explode anytime unleashing the sickness on the globe
703056647,Appeal_to_fear-prejudice,684,717,entering its most dangerous phase
703056647,Appeal_to_fear-prejudice,1109,1140,It would take just one infected
703056647,Appeal_to_fear-prejudice,1919,1984,can still be transmitted and contaminate whoever handles the body
703056647,Appeal_to_fear-prejudice,2412,2473,"The epidemic is ahead of us, we have not yet reached the peak"
703698295,Appeal_to_fear-prejudice,5829,5877,"I have done what I believe God wanted me to do,["
703698295,Loaded_Language,5917,5958,bolstered my own “Great Clarifier” theory
703698295,Loaded_Language,8483,8503,"the poor, poor woman"
703698295,"Name_Calling,Labeling",320,353,brave defenders of the status quo
703698295,Loaded_Language,2687,2722,cheap and vulgar ritual humiliation
703698295,"Name_Calling,Labeling",2792,2808,bully-boy Church
703698295,"Name_Calling,Labeling",2818,2850,midget bishops and minicardinals
703698295,"Name_Calling,Labeling",3183,3200,episcopal bullies
703698295,Loaded_Language,4571,4597,who “scandalize” believers
703698295,Loaded_Language,4797,4815,supreme shepherd.”
703698295,Repetition,6647,6657,got rid of
703698295,"Name_Calling,Labeling",7231,7261,the “cool kids” in the Vatican
703698295,Loaded_Language,7641,7660,Signaling furiously
703698295,Causal_Oversimplification,8634,8734,"with whom, I guess, she has also no choice but to have sexual relations.
Because of kind-heartedness"
703698295,Black-and-White_Fallacy,9765,9961,"falsely elevated to the rank of a decisive question of Catholicism and a measure of ideological comparison in order to decide whether one is conservative or liberal, in favor or against the pope.”"
703698295,Loaded_Language,12626,12642,howling tantrums
703698295,Appeal_to_fear-prejudice,822,941,"To teach with such an intentional lack of clarity inevitably risks sinning against the Holy Spirit, the Spirit of truth"
703698295,Appeal_to_fear-prejudice,1633,1702,don’t speak out publicly for fear they will be “marginalized or worse
703698295,Loaded_Language,1805,1819,given the boot
703698295,"Exaggeration,Minimisation",2073,2088,little incident
703698295,Loaded_Language,2285,2298,extremely bad
703698295,Appeal_to_fear-prejudice,4687,4739,they’ll be “marginalized or worse” if they speak out
703698295,Loaded_Language,7231,7245,the “cool kids
703698295,Loaded_Language,7719,7741,blithering incoherence
703698295,Causal_Oversimplification,8006,8060,Presumably because adultery itself is no longer sinful
703698295,"Name_Calling,Labeling",8954,8976,relativistic Zeitgeist
703698295,Appeal_to_fear-prejudice,10166,10229,even threatening to go into schism if they didn’t get their way
703698295,Loaded_Language,10820,10828,lionized
703806098,Loaded_Language,166,185,widespread cover-up
703806098,Doubt,2609,2665,the American people are clearly not being told the truth
703806098,Loaded_Language,1605,1622,complete nonsense
703806098,Doubt,1632,1698,authorities are actually actively covering up what really happened
703806098,Loaded_Language,144,160,striking example
703806098,Loaded_Language,1435,1455,stunning tower audio
703821117,Loaded_Language,2350,2366,violently remove
703821117,Loaded_Language,3483,3500,a reign of terror
703821117,"Name_Calling,Labeling",11087,11105,"a perjurer.
A liar"
703821117,Loaded_Language,11655,11671,violently remove
703821117,"Name_Calling,Labeling",12003,12039,admitted perjurer and convicted liar
703821117,"Exaggeration,Minimisation",12349,12363,overwhelmingly
703821117,Loaded_Language,14142,14158,dreadfully wrong
703821117,Loaded_Language,16781,16835,one of the most brilliant and cunning ruses in history
703821117,Appeal_to_fear-prejudice,17552,17689,gets Earl Warren and Sen. Richard Russel to join the Warren Commission by telling them that the assassination could lead to World War III
703821117,"Exaggeration,Minimisation",179,236,one of the most ingenious and cunning plots ever designed
703821117,Causal_Oversimplification,114,174,The cover-up of this particular U.S. regime-change operation
703821117,Flag-Waving,472,532,the CIA succeeded in keeping secret from the American people
703821117,Flag-Waving,833,880,kept secret from the American people since 1963
703821117,"Name_Calling,Labeling",2475,2523,"unelected, right-wing, pro-U.S. military general"
703821117,"Exaggeration,Minimisation",3368,3383,a total success
703821117,"Exaggeration,Minimisation",3519,3571,The Guatemalan operation was brilliant and ingenious
703821117,"Exaggeration,Minimisation",3893,3974,The CIA’s cover-up in the JFK assassination was even more brilliant and ingenious
703821117,"Exaggeration,Minimisation",5022,5080,"the brilliance, ingenuity, and cunningness of the cover-up"
703821117,Causal_Oversimplification,5281,5373,"There could be only one answer: communists.
Soviet and Cuban communists, to be more specific"
703821117,"Name_Calling,Labeling",6445,6453,the Reds
703821117,Causal_Oversimplification,6520,6609,"The communist part and the nuclear-war part were concocted.
That was all part of the plan"
703821117,"Exaggeration,Minimisation",6620,6637,the ingenious way
703821117,Flag-Waving,7264,7314,to never reveal the meeting to the American people
703821117,Loaded_Language,7674,7693,Tantalizing Mystery
703821117,Doubt,10469,10570,"commentators should do more complete research, maybe even use Google, before they jump to conclusions"
703821117,"Whataboutism,Straw_Men,Red_Herring",10572,10680,But Shapira would be wise to follow his own advice because he himself is guilty of what he accuses others of
703821117,Doubt,10697,10805,he failed to conclude his article with one great big important point about former CIA Director Richard Helms
703821117,"Exaggeration,Minimisation",10740,10765,great big important point
703821117,"Whataboutism,Straw_Men,Red_Herring",10860,10997,"who, according to his tagline on his article, “enjoys writing about people who have served in the military and intelligence communities,”"
703821117,"Exaggeration,Minimisation",10820,10845,great big important point
703821117,Doubt,11221,11328,Shapira failed to note that Helms was convicted in a federal district court of lying to Congress under oath
703821117,Repetition,12149,12243,who “enjoys writing about people who have served in the military and intelligence communities”
703821117,"Name_Calling,Labeling",13152,13167,communist wife?
703821117,Loaded_Language,13316,13369,"harass, abuse, humiliate, persecute, or prosecute him"
703821117,"Exaggeration,Minimisation",13902,13935,without nary a care in the world?
703821117,Causal_Oversimplification,13936,13958,The answer: Helms lied
703821117,Causal_Oversimplification,13960,14030,There is no reasonable doubt that Oswald was a U.S. intelligence agent
703821117,Repetition,18531,18550,the American people
703821117,Flag-Waving,14419,14458,keeping secret from the American people
703821117,Causal_Oversimplification,14511,14640,"when Oswald was claiming that he was being framed, there could be only one entity that he could have been thinking about: the CIA"
703821117,Causal_Oversimplification,14752,14920,"were secretly monitoring his activities in the weeks leading up to the assassination, no doubt to ensure that Oswald had not figured out what was about to happen to him"
703821117,Thought-terminating_Cliches,15047,15069,But no plan is perfect
703821117,Causal_Oversimplification,15216,15279,That’s why the CIA has to continue keeping those records secret
703821117,Causal_Oversimplification,15785,15851,"Then why the hidden rifle?
Because it’s consistent with a frame-up"
703821117,Loaded_Language,16195,16231,ingenuity and cunning come into play
703821117,Causal_Oversimplification,16335,16411,That’s why they had shots fired from the front and placed Oswald in the rear
703821117,Loaded_Language,16976,17013,a secret fraudulent and bogus autopsy
703821117,Appeal_to_Authority,17016,17049,See my book The Kennedy Autopsy.)
703821117,"Name_Calling,Labeling",18269,18325,as a “communist sympathizer” or a “conspiracy theorist.”
703821117,"Exaggeration,Minimisation",18378,18396,worked brilliantly
703821117,Flag-Waving,18447,18550,to continue keeping 98 percent of the CIA’s decades-long secret records secret from the American people
703821117,"Exaggeration,Minimisation",18604,18639,continues to work brilliantly today
703821117,Loaded_Language,195,222,ingenious and cunning plots
703821117,"Bandwagon,Reductio_ad_hitlerum",5281,5323,There could be only one answer: communists
703821117,"Bandwagon,Reductio_ad_hitlerum",6046,6098,who almost certainly are Soviet and Cuban communists
703821117,Appeal_to_fear-prejudice,17150,17244,orders him to shut down any investigation of a conspiracy because it might lead to nuclear war
703821117,"Bandwagon,Reductio_ad_hitlerum",18275,18323,communist sympathizer” or a “conspiracy theorist
704591553,Loaded_Language,238,265,pernicious campaign of hate
704591553,Appeal_to_fear-prejudice,1999,2059,a campaign of hate laced with blatant anti-Semitic overtones
704591553,Loaded_Language,2802,2816,misguided joke
704591553,Loaded_Language,71,103,public and humiliating reversals
704591553,Loaded_Language,278,285,outrage
704591553,Loaded_Language,933,954,The toxic environment
704591553,"Name_Calling,Labeling",1016,1029,BDS agitators
704591553,"Name_Calling,Labeling",1125,1141,BDS provocateurs
704591553,Loaded_Language,1280,1292,were quashed
704591553,"Name_Calling,Labeling",1805,1832,The malevolent BDS campaign
704591553,Doubt,2180,2228,But Democratize SSMU was anything but democratic
704591553,Slogans,2765,2780,punch a Zionist
704591553,Loaded_Language,3153,3163,shamefully
704591553,"Exaggeration,Minimisation",3827,3881,repulsive display leftist-fascist bigotry at its worst
704591553,"Name_Calling,Labeling",3883,3911,The bigoted BDS provocateurs
704591553,Repetition,3895,3911,BDS provocateurs
704591553,"Exaggeration,Minimisation",4058,4124,their manifestly anti-Semitic campaign antics were beyond the pale
704591553,"Name_Calling,Labeling",4064,4103,manifestly anti-Semitic campaign antics
704591553,"Name_Calling,Labeling",4454,4480,The vitriolic BDS campaign
704591553,Loaded_Language,4493,4508,sparked outrage
704591553,Doubt,4965,5082,"Judging by past “investigations” conducted by other schools – SFSU, CUNY and UCI, to name a few – I am not optimistic"
704591553,Appeal_to_fear-prejudice,697,822,"He was warned by others who had prior dealings with the SSMU, to keep his Jewish identity secret lest he sabotage his chances"
704591553,Loaded_Language,1696,1718,passionately advocated
704591553,Loaded_Language,1868,1883,ignominious end
704591553,"Bandwagon,Reductio_ad_hitlerum",3221,3359,"An enlightened, progressive school was suddenly transformed into something harking back to the days of Nazi Germany and the Nuremberg Laws"
704591553,Loaded_Language,4398,4405,charade
704856340,Doubt,4007,4185,Slowly but surely we are beginning to see the truth about the horrific attack come to light despite authorities desperately trying to prevent it from reaching the American people
704856340,Flag-Waving,4107,4185,authorities desperately trying to prevent it from reaching the American people
704856340,Doubt,4187,4324,"Sadly, the picture emerging is one that includes a shocking amount of evidence pointing towards a classic deep state false flag operation"
704856340,Loaded_Language,4285,4324,classic deep state false flag operation
705035735,Loaded_Language,15,22,NO CURE
705035735,Loaded_Language,42,70,WORSE Than The ‘Black Death’
705035735,Appeal_to_Authority,1035,1063,“worst outbreak in 50 years”
705035735,Appeal_to_Authority,1297,1404,Marburg virus disease is a rare disease with a high mortality rate for which there is no specific treatment
705035735,Loaded_Language,2403,2426,devastating communities
705035735,Appeal_to_Authority,2579,2643,“Community engagement is the cornerstone of emergency response.”
705035735,Loaded_Language,3016,3078,regions already devastated by the ongoing black death outbreak
705035735,"Name_Calling,Labeling",57,70,‘Black Death’
705035735,Appeal_to_fear-prejudice,0,32,New Virus With NO CURE Spreading
705035735,Appeal_to_fear-prejudice,34,70,This Is WORSE Than The ‘Black Death’
705035735,"Name_Calling,Labeling",239,250,black death
705035735,Appeal_to_fear-prejudice,2981,3010,outbreak could spread rapidly
705409419,Loaded_Language,138,158,a devastating letter
705409419,Loaded_Language,1367,1418,a chronic confusion seems to mark your pontificate…
705409419,Doubt,1702,1830,"To teach with such a seemingly intentional lack of clarity inevitably risks sinning against the Holy Spirit, the Spirit of truth"
705409419,"Name_Calling,Labeling",2058,2114,Pharisaic stone-throwers who embody a merciless rigorism
705409419,Causal_Oversimplification,4226,4381,"The only answer that comes to mind is that Jesus wants to manifest just how weak is the faith of many within the Church, even among too many of her bishops"
705409419,Loaded_Language,4383,4570,"Ironically, your pontificate has given those who hold harmful theological and pastoral views the license and confidence to come into the light and expose their previously hidden darkness…"
705409419,Loaded_Language,6069,6164,"from deep within the post-conciliar ecclesial establishment, things that exceed in their candor"
705409419,Loaded_Language,950,1042,a withering indictment of a papacy that constitutes nothing less than a menace to the Church
706088110,Repetition,3279,3292,illegal alien
706088110,Causal_Oversimplification,1117,1229,Saris thinks she can usurp the Constitution of the United States based on her whims regarding immigration policy
706088110,Causal_Oversimplification,1019,1068,who apparently thinks she runs immigration policy
706088110,"Whataboutism,Straw_Men,Red_Herring",2203,2282,that's a big difference and symptomatic of the lies from reporters like Raymond
706088110,Black-and-White_Fallacy,3513,3590,Time for Congress to impeach Saris and to remove authority from lesser courts
706088110,Repetition,818,832,illegal aliens
706088110,Repetition,1081,1087,aliens
706088110,Repetition,1330,1344,illegal aliens
706088110,Repetition,2103,2117,illegal aliens
706088110,Repetition,2578,2591,illegal alien
706088110,Repetition,2914,2928,illegal aliens
706088110,Repetition,3223,3236,illegal alien
706088110,Repetition,3458,3472,illegal aliens
706501640,Loaded_Language,20,26,MUTATE
706501640,Appeal_to_Authority,233,288,the deadly bacteria could mutate and become untreatable
706501640,Repetition,7,49,Plague Could MUTATE And Become Untreatable
706501640,Repetition,237,288,deadly bacteria could mutate and become untreatable
706501640,Repetition,568,603,could mutate and become untreatable
706501640,Repetition,742,805,he fears that it could evolve into something far more dangerous
706501640,Repetition,1110,1168,"it’s a real worry that it mutates and become untreatable,”"
706501640,Loaded_Language,1321,1331,devastated
706501640,Loaded_Language,1527,1544,difficult at best
706501640,Appeal_to_fear-prejudice,31,72,Become Untreatable As It Spreads Globally
706501640,Appeal_to_fear-prejudice,765,805,evolve into something far more dangerous
706501640,Appeal_to_fear-prejudice,1689,1714,already been put on alert
706600938,Doubt,557,644,meaning he hasn’t bothered to do any serious investigation beyond a few Google searches
706600938,"Name_Calling,Labeling",2803,2827,our neo-Catholic friends
706600938,Doubt,5924,6161,And what inference might one draw from the coincidence that Saint Francis’ prophecy of a future “destroyer” in the papal office seems to correspond rather well with the pontificate of the only Pope who has taken Francis’ name as his own?
706600938,Loaded_Language,1083,1248,"innovators who wish to dismantle the Sacred Chapel, destroy the universal flame of the Church, reject her ornaments and make her feel remorse for her historical past"
706600938,Loaded_Language,1429,1550,"Christians will search in vain for the red lamp where God awaits them.
Like Mary Magdalene, weeping before the empty tomb"
706600938,Doubt,2617,2789,"t what he claimed were factual errors elsewhere in the Roche biography.
But he had no evidence that the quotation as such was a fabrication.
He simply wished that it was so"
706600938,Loaded_Language,2904,2927,an astonishing prophecy
706600938,Loaded_Language,2792,2881,Let’s give our neo-Catholic friends another “apocryphal” quotation to dismiss out of hand
706600938,Loaded_Language,3393,3674,"the malice of the wicked will increase.
The devils will have unusual power; the immaculate purity of our Order, and of others, will be so much obscured that there will be very few Christians who obey the true Supreme Pontiff and the Roman Church with loyal ears and perfect charity"
706600938,Loaded_Language,4323,4478,"“Those who persevere in their fervor and adhere to virtue with love and zeal for the truth, will suffer injuries and persecutions as rebels and schismatics"
706600938,Loaded_Language,5527,5556,phony quotations of the saint
706600938,Thought-terminating_Cliches,7698,7726,That question answers itself
706600938,Appeal_to_Authority,3137,3197,"Act bravely, my brethren; take courage and trust in the Lord"
706636401,Loaded_Language,3353,3363,WTF video”
706636401,Doubt,3802,3966,"the fact remains that the official story has been proven, time and time again, to be absolutely false and in fact nothing more than a pathetic attempt at a cover-up"
706636401,Doubt,992,1001,Amazingly
706636401,Doubt,2911,2939,strobes” it remains unlikely
706636401,Doubt,3724,3747,While we may never know
706636401,Loaded_Language,3934,3952,a pathetic attempt
706661242,"Name_Calling,Labeling",95,113,the Diversity dogs
706661242,"Name_Calling,Labeling",1316,1341,the history chart-toppers
706661242,"Name_Calling,Labeling",150,171,generally libertarian
706777811,"Name_Calling,Labeling",58,107,A ‘Ticking Time Bomb’ Ready To Decimate The World
706777811,Appeal_to_Authority,567,596,“worst outbreak in 50 years.”
706777811,Loaded_Language,807,817,high alert
706777811,Appeal_to_Authority,1118,1153,could mutate and become untreatable
706777811,"Name_Calling,Labeling",1893,1906,“Black Death”
706777811,Appeal_to_Authority,3126,3198,some have warned the plague outbreak will certainly spread to the region
706777811,Loaded_Language,3256,3272,chilling warning
706777811,Appeal_to_Authority,3494,3577,“I believe that it’s 100 percent likely that plague will arrive in the UK once more
706777811,Repetition,3302,3380,saying it’s “only a matter of time” before the disease arrives on British soil
706777811,Repetition,3389,3440,warned it is inevitable that the plague will spread
706777811,Repetition,3494,3620,"“I believe that it’s 100 percent likely that plague will arrive in the UK once more – it’s just a question of ‘when’, not ‘if’"
706777811,"Name_Calling,Labeling",0,11,Black Death
706777811,Appeal_to_fear-prejudice,819,867,warning that an outbreak could occur at any time
706777811,Appeal_to_fear-prejudice,1049,1061,experts fear
706777811,Appeal_to_fear-prejudice,1249,1274,the plague will go beyond
706777811,Appeal_to_fear-prejudice,1408,1481,"leave millions more vulnerable to the outbreak, and create a short supply"
706777811,Appeal_to_fear-prejudice,2451,2607,"If we don’t carry on doing stuff here, at one point something will happen and it will get out of our control and cause huge devastation all around the world"
706777811,Appeal_to_fear-prejudice,2654,2682,disease will spread globally
706777811,Appeal_to_fear-prejudice,3580,3620,"it’s just a question of ‘when’, not ‘if’"
706777811,Appeal_to_fear-prejudice,3687,3743,a ticking time bomb that’s waiting to decimate the world
707451080,Loaded_Language,563,579,truly disgusting
707451080,Loaded_Language,698,735,completely and utterly out of control
707451080,Appeal_to_fear-prejudice,1723,1819,We have no choice but to clean up our government because the rest of the world is laughing at us
707451080,Repetition,4462,4493,"She left, she found another job"
707451080,"Name_Calling,Labeling",4664,4699,Weinstein-level” predatory behavior
707451080,"Name_Calling,Labeling",4789,4820,Weinstein-level” sexual assault
707451080,Loaded_Language,259,276,deeply disturbing
707451080,Appeal_to_fear-prejudice,351,496,and once people truly understand how deep the corruaption runs I believe that they will get motivated to finally drain the swamp once and for all
707451080,"Name_Calling,Labeling",662,688,corrupt career politicians
707451080,Loaded_Language,1306,1337,the men “have no self-control.”
707451080,Slogans,1629,1656,sex trade on Capitol Hill.”
707451080,Flag-Waving,1657,1721,The American people are not going to put up with this any longer
707451080,Loaded_Language,2207,2240,Are you going to be a good girl?”
707451080,Loaded_Language,2249,2273,has exposed his genitals
707451080,Loaded_Language,2312,2360,their private parts grabbed on the House floor.”
707451080,Loaded_Language,3497,3542,exposed his private parts to a female staffer
707451080,Flag-Waving,3987,4075,and that goes double for someone that is supposed to be one of the leaders of our nation
707451080,Loaded_Language,4882,4898,completely naked
707451080,"Exaggeration,Minimisation",5035,5079,"would mess with every single woman or teen,”"
707451080,Loaded_Language,5166,5219,would grope all of our wives and girlfriend’s asses.”
707451080,"Exaggeration,Minimisation",5166,5219,would grope all of our wives and girlfriend’s asses.”
707451080,Flag-Waving,5890,5993,"We are supposed to serve as an example to the rest of the world, and instead, we have become a bad joke"
707451080,Appeal_to_fear-prejudice,5995,6131,Those that have been engaging in this sort of shameful behavior have got to go because we simply are not going to put up with it anymore
707451080,Flag-Waving,614,735,it is time to take our government back from the corrupt career politicians that are completely and utterly out of control
707451080,Loaded_Language,5983,5993,a bad joke
707566605,"Name_Calling,Labeling",154,165,black death
707566605,Appeal_to_Authority,21,77,It Is ‘Inevitable’ The Plague Becomes Resistant To Drugs
707566605,Repetition,220,265,it’s inevitable that this bacterial infection
707566605,Repetition,505,541,antibiotics resistance is inevitable
707566605,Appeal_to_Authority,752,857,Madagascar’s healthcare system will be unable to cope if the deadly plague outbreak continues to escalate
707566605,"Exaggeration,Minimisation",1222,1253,the “worst outbreak in 50 years
707566605,"Name_Calling,Labeling",1260,1271,black death
707566605,Repetition,1385,1430,drug resistance is also an increasing concern
707566605,Repetition,1772,1820,antibiotic resistance is more or less inevitable
707566605,Appeal_to_fear-prejudice,546,586,making this disease much more terrifying
707566605,Appeal_to_fear-prejudice,1665,1718,"If that kicks in, the plague will be far, far scarier"
707566605,Appeal_to_fear-prejudice,2652,2693,making a global pandemic much more likely
707772906,Loaded_Language,2351,2365,feeding frenzy
707772906,Loaded_Language,5409,5463,absolutely disgusting cesspool of filth and corruption
707772906,Loaded_Language,265,281,very sick things
707772906,"Exaggeration,Minimisation",1121,1165,shout my story to the world with a megaphone
707772906,"Whataboutism,Straw_Men,Red_Herring",4042,4181,"As much as we may be appalled by some of the things that Al Franken has done, the truth is that there are far worse offenders in Washington"
707772906,"Name_Calling,Labeling",4879,4904,Weinstein-level” behavior
707772906,Black-and-White_Fallacy,5174,5329,"If you agree, I hope that you will support my campaign and the campaigns of other anti-establishment candidates that want to clean up the halls of Congress"
707772906,"Exaggeration,Minimisation",550,604,sexual harassment is rampant in the halls of Congress”
707772906,Loaded_Language,906,972,"I felt violated all over again.
Embarrassed.
Belittled.
Humiliated"
707772906,Slogans,1363,1383,I’m no longer afraid
707772906,"Exaggeration,Minimisation",1705,1727,completely unsatisfied
707772906,"Exaggeration,Minimisation",1743,1762,very weak statement
707772906,"Exaggeration,Minimisation",1829,1850,entirely insufficient
707772906,Appeal_to_fear-prejudice,2221,2323,Al Franken must be held accountable if our party wants to live up to our commitment to women & girls.”
707772906,Loaded_Language,2626,2644,very creepy manner
707772906,Loaded_Language,3360,3405,drugging and raping CBS reporter Lesley Stahl
707772906,Loaded_Language,3635,3674,I take her to the closet and rape her.’
707772906,Loaded_Language,3916,3967,fantasizing a machine would perform oral sex on him
707772906,Appeal_to_fear-prejudice,4652,4751,and if even half of their allegations are true Clinton should be in prison for the rest of his life
707772906,Appeal_to_fear-prejudice,5077,5172,"There is a culture of corruption in Washington D.C., and we desperately need to drain the swamp"
708071969,Appeal_to_fear-prejudice,2372,2408,antibiotics resistance is inevitable
708071969,"Name_Calling,Labeling",7,18,Black Death
708071969,Loaded_Language,32,40,ESCAPING
708071969,Appeal_to_Authority,115,215,Patients in Madagascar who are currently suffering from the plague have “escaped” multiple hospitals
708071969,"Name_Calling,Labeling",422,433,black death
708071969,Causal_Oversimplification,228,249,over fears of needles
708071969,Causal_Oversimplification,647,673,they are scared of needles
708071969,Causal_Oversimplification,804,845,escaped because they’re afraid of needles
708071969,"Name_Calling,Labeling",2021,2032,black death
708071969,Repetition,2372,2408,antibiotics resistance is inevitable
708071969,Repetition,2455,2485,Once the bacteria is resistant
708071969,Repetition,2159,2202,people will become resistant to antibiotics
708071969,Repetition,1768,1850,it is only a matter of time before the plague becomes resistant to the antibiotics
708071969,Appeal_to_fear-prejudice,32,40,ESCAPING
708071969,Appeal_to_fear-prejudice,78,113,Officials Worry Plague Could Spread
708071969,Loaded_Language,300,308,shocking
708071969,Appeal_to_fear-prejudice,1054,1111,plague could spread even further with each confirmed case
708071969,Appeal_to_fear-prejudice,2724,2768,increasing the likelihood of global pandemic
708487008,"Name_Calling,Labeling",0,11,Black Death
708487008,Repetition,339,374,the plague will never truly be gone
708487008,Appeal_to_Authority,602,714,"the bacteria that causes plague is now so widespread in wildlife, that humans can’t do anything to get rid of it"
708487008,Repetition,820,857,It’s not possible to eradicate plague
708487008,"Name_Calling,Labeling",1735,1746,black death
708487008,Appeal_to_fear-prejudice,21,58,The Plague Is Impossible To Eradicate
708487008,Appeal_to_fear-prejudice,160,267,warning the plague that has sickened over 2000 people in Madagascar since August is impossible to eradicate
708487008,Appeal_to_fear-prejudice,1721,1753,prepare for a black death attack
708561738,Loaded_Language,897,930,the epidemic of sexual harassment
708561738,Flag-Waving,0,85,"How Do You Like Paying For Sexual Harassment Settlements from Your Congress, America?"
708561738,Flag-Waving,87,172,"How Do You Like Paying For Sexual Harassment Settlements from Your Congress, America?"
708561738,Loaded_Language,280,298,they aren’t pretty
708561738,Flag-Waving,792,840,That money has come from the taxpayers of course
708561738,Appeal_to_fear-prejudice,1520,1636,"If such a law was instituted, I guarantee you that sexual harassment on Capitol Hill would come to a screeching halt"
708561738,Causal_Oversimplification,1670,1774,"For many in Congress, having so many attractive young women around is one of the key benefits of the job"
708561738,Loaded_Language,1968,1999,the men “have no self-control.”
708561738,"Exaggeration,Minimisation",2062,2102,the lawmakers with the worst reputations
708561738,Slogans,2291,2318,sex trade on Capitol Hill.”
708561738,Appeal_to_fear-prejudice,2360,2474,It isn’t going to stop until we boot out the corrupt career politicians that are engaging in this type of behavior
708561738,"Name_Calling,Labeling",2529,2552,grassroots deplorables”
708561738,Flag-Waving,2919,2959,The American people have a right to know
708561738,Loaded_Language,1621,1636,screeching halt
709732928,Repetition,10768,10775,control
709732928,Repetition,10826,10833,control
709732928,Loaded_Language,1428,1432,ugly
709732928,Loaded_Language,1811,1820,very ugly
709732928,Loaded_Language,1957,1966,bombshell
709732928,Loaded_Language,8532,8539,hostile
709732928,Flag-Waving,11982,11997,American people
709732928,Loaded_Language,160,172,very nervous
709732928,Loaded_Language,6464,6474,remarkable
709732928,Repetition,8158,8168,controlled
709732928,"Name_Calling,Labeling",8613,8616,bad
709732928,Flag-Waving,10865,10882,national security
709732928,Loaded_Language,12,21,Bombshell
709732928,Loaded_Language,2169,2173,plot
709732928,Loaded_Language,2583,2587,huge
709732928,Flag-Waving,7346,7359,American hero
709732928,Loaded_Language,7579,7590,devastating
709732928,"Name_Calling,Labeling",8521,8530,bad actor
709732928,"Name_Calling,Labeling",8532,8546,hostile regime
709732928,Repetition,10416,10440,without a shred of doubt
709732928,Repetition,10525,10552,without a shadow of a doubt
709732928,Repetition,10660,10675,without a doubt
709732928,Repetition,2177,2184,control
709732928,Repetition,3682,3689,control
709732928,Repetition,3732,3742,controlled
709732928,Repetition,8491,8498,control
709732928,Repetition,9458,9465,control
709732928,Loaded_Language,251,259,annoying
710100700,Appeal_to_fear-prejudice,1203,1375,"ERO has removed more than 1,700 foreign fugitives from the United States who were sought in their native countries for serious crimes, including kidnapping, rape and murder"
710376094,Repetition,505,526,potentially hazardous
710376094,Loaded_Language,1996,2014,a spectacular show
711566593,Black-and-White_Fallacy,1779,1815,There’s no other way you can coin it
711566593,Doubt,3631,3710,“If this was a college student or Swedish kid would he be charged with murder?”
711566593,"Exaggeration,Minimisation",0,27,No Justice for Kate Steinle
711566593,"Whataboutism,Straw_Men,Red_Herring",254,280,including three immigrants
711566593,"Whataboutism,Straw_Men,Red_Herring",854,1029,they are themselves under investigation by a special prosecutor in Washington D.C. and they may soon avail themselves of the presumption of innocence beyond a reasonable doubt
711566593,Loaded_Language,1164,1250,"means to foment hate, to foment division and to foment a program of mass deportation,”"
711566593,Slogans,1381,1441,today is a day of vindication for the rights of immigrants.”
711566593,Loaded_Language,1308,1369,catapult a presidency along that philosophy of hate of others
711566593,Loaded_Language,1652,1693,We’re just shocked — saddened and shocked
711566593,Thought-terminating_Cliches,1698,1715,"that’s about it,”"
711566593,Loaded_Language,1817,1860,"Justice was rendered, but it was not served"
711566593,Loaded_Language,2228,2255,the verdict was “horrifying
711566593,Loaded_Language,2397,2416,heartbreaking death
711566593,Loaded_Language,2689,2708,disgraceful verdict
711566593,"Exaggeration,Minimisation",3305,3356,enjoyed all the rights of the American legal system
711566593,Appeal_to_fear-prejudice,3534,3609,Garcia Zarate’s background and nationality played a role in his prosecution
711566593,Loaded_Language,3724,3752,politically correct nonsense
711566593,"Exaggeration,Minimisation",4431,4544,"He has already proved that in the sanctuary state of California, false-documented illegals are a privileged class"
711566593,"Whataboutism,Straw_Men,Red_Herring",854,1029,they are themselves under investigation by a special prosecutor in Washington D.C. and they may soon avail themselves of the presumption of innocence beyond a reasonable doubt
711566593,Repetition,1189,1195,foment
711566593,Repetition,1212,1218,foment
711566593,Repetition,1686,1693,shocked
711566593,Loaded_Language,2132,2168,utter and complete and total failure
711566593,Appeal_to_Authority,2189,2255,Conservative Ben Shapiro told Fox news the verdict was “horrifying
711566593,Appeal_to_Authority,2313,2432,For Jeff Sessions San Francisco’s sanctuary city policy “led to the preventable and heartbreaking death of Kate Steinle
711566593,Appeal_to_Authority,2435,2644,"According to the Attorney General’s statement, the Justice Department “will continue to ensure that all jurisdictions place the safety and security of their communities above the convenience of criminal aliens"
711596363,Flag-Waving,4373,4389,American citizen
711596363,Loaded_Language,13,33,Disgraceful Verdict”
711596363,Loaded_Language,258,277,disgraceful verdict
711596363,Loaded_Language,1194,1252,The backlash to his release into the community crescendoed
711596363,Loaded_Language,1408,1421,fierce debate
711596363,Loaded_Language,3136,3156,"a horrible tragedy,”"
711596363,Loaded_Language,3065,3084,extremely relieved”
711596363,Loaded_Language,3277,3297,unfairly politicized
711596363,Appeal_to_fear-prejudice,3700,3872,"“When jurisdictions choose to return criminal aliens to the streets rather than turning them over to federal immigration authorities, they put the public’s safety at risk,”"
711596363,Loaded_Language,3973,3992,heartbreaking death
711596363,Loaded_Language,4573,4625,my own damn bricks & building this damn wall myself!
711596363,Loaded_Language,4626,4665,So flipping outraged by this unjustice!
711596363,Loaded_Language,4738,4768,May San Francisco rot in hell!
711596363,Loaded_Language,5391,5412,endorsement of murder
711596363,Loaded_Language,5627,5646,This is outrageous!
711596363,Loaded_Language,5647,5678,A great injustice has been done
711596363,"Exaggeration,Minimisation",1944,1954,just fired
711596363,Loaded_Language,3173,3189,political fodder
711596363,Causal_Oversimplification,3894,4008,San Francisco’s decision to protect criminal aliens led to the preventable and heartbreaking death of Kate Steinle
711596363,Causal_Oversimplification,4985,5098,"SF city just proved beyond a shadow of a doubt that they dont care if YOU, or others get killed by their policies"
711596363,Loaded_Language,5745,5779,grieve from the bottom of my heart
711622457,"Whataboutism,Straw_Men,Red_Herring",457,573,"don’t focus on me, focus on the destructive Radical Islamic Terrorism that is taking place within the United Kingdom"
711622457,Thought-terminating_Cliches,575,599,We are doing just fine!”
711622457,"Whataboutism,Straw_Men,Red_Herring",616,732,"don’t focus on me, focus on the destructive Radical Islamic Terrorism that is taking place within the United Kingdom"
711622457,Thought-terminating_Cliches,734,757,We are doing just fine!
711622457,Causal_Oversimplification,934,997,British authorities want to ignore that and shoot the messenger
711622457,Appeal_to_fear-prejudice,1095,1251,and issue an official ban on Donald Trump from entering the UK on the grounds he is condoning fascism and his presence is ‘not conducive to the public good’
711622457,Appeal_to_fear-prejudice,1882,1969,Islam] is a religion and is a belief system that mandates warfare against unbelievers…”
711622457,Black-and-White_Fallacy,2408,2699,"“If there’s homosexual men, the punishment is one of five things.
One – the easiest one maybe – chop their head off, that’s the easiest.
Second – burn them to death.
Third – throw ’em off a cliff.
Fourth – tear down a wall on them so they die under that.
Fifth – a combination of the above.”"
711622457,Loaded_Language,2754,2812,praised the murderer of a foe of Pakistan’s blasphemy laws
711622457,Appeal_to_fear-prejudice,3303,3459,and issue an official ban on Donald Trump from entering the UK on the grounds he is condoning fascism and his presence is “not conducive to the public good”
711622457,Flag-Waving,1329,1362,defense of Britain and its values
711622457,Loaded_Language,489,526,destructive Radical Islamic Terrorism
711622457,Doubt,813,847,I’m not sure we’re doing just fine
711622457,Appeal_to_fear-prejudice,2409,2697,"If there’s homosexual men, the punishment is one of five things.
One – the easiest one maybe – chop their head off, that’s the easiest.
Second – burn them to death.
Third – throw ’em off a cliff.
Fourth – tear down a wall on them so they die under that.
Fifth – a combination of the above"
711716996,"Name_Calling,Labeling",1610,1632,"the credulous ""judges"""
711716996,Repetition,5284,5298,illegal aliens
711716996,Causal_Oversimplification,30,85,Kritarch Patti Saris thinks she runs immigration policy
711716996,Causal_Oversimplification,724,862,"Tellingly, these asylum applicants were the elite of Indonesian society, because their higher average IQ, than the rather dull Indonesians"
711716996,Loaded_Language,957,992,so the locals really are a dull lot
711716996,"Name_Calling,Labeling",1444,1453,Red China
711716996,"Whataboutism,Straw_Men,Red_Herring",1936,2064,"Fortunately, elections have consequences, and the Obama Regime Administrative Amnesty, or parts of it, came to an inglorious end"
711716996,"Exaggeration,Minimisation",2231,2268,decider-in-chief on who gets deported
711716996,Loaded_Language,2320,2345,another bite at the apple
711716996,Causal_Oversimplification,2760,2843,the country would not last long without an outside high IQ elite to run the country
711716996,Loaded_Language,2910,2941,an 87 IQ is just about retarded
711716996,Loaded_Language,4002,4025,she has gone full rogue
711716996,Loaded_Language,298,304,pogrom
711716996,"Name_Calling,Labeling",839,862,rather dull Indonesians
711716996,"Name_Calling,Labeling",982,992,a dull lot
711716996,Loaded_Language,1600,1631,"fool even the credulous ""judges"
711716996,Loaded_Language,2050,2060,inglorious
711716996,"Name_Calling,Labeling",2933,2941,retarded
711716996,Repetition,2308,2314,aliens
711716996,Repetition,3978,3992,illegal aliens
711716996,Repetition,4068,4082,illegal aliens
711716996,Repetition,4563,4569,aliens
711716996,Repetition,4959,4973,illegal aliens
711964584,Doubt,1822,1871,did she really think she or anyone would be safe?
711964584,Doubt,1872,1943,"Safe by surrender?
When did they ever work in the history of humankind?"
711964584,"Whataboutism,Straw_Men,Red_Herring",2918,3005,Once again the media are blaming the messenger instead of dealing with Islamic violence
711964584,Appeal_to_fear-prejudice,293,373,he is condoning fascism and his presence is ‘not conducive to the public good.'”
711964584,Loaded_Language,494,557,once great nation’s darkest moments and a low point for freedom
711964584,Loaded_Language,566,630,"the victory of Islamic law over Western law, sharia over freedom"
711964584,Loaded_Language,757,769,this madness
711964584,Loaded_Language,982,1032,a true rainbow coalition of human rights activists
711964584,Causal_Oversimplification,2543,2676,The worldwide howl at Trump’s retweets of videos tweeted out by a British politician is further proof of the Islamization of the West
711964584,Loaded_Language,3240,3276,grim and increasingly common reality
711964584,Black-and-White_Fallacy,3289,3379,"If Muslims sincerely condemn jihad terror and sharia oppression, they shouldn’t oppose him"
711964584,Flag-Waving,4087,4113,defending British values.”
711964584,Loaded_Language,4179,4199,the voices of sanity
711964584,Flag-Waving,4211,4351,call that nation back to a path that would secure freedom for her children and her children’s children instead of a path to national suicide
712382330,Loaded_Language,3611,3673,the most tyrannical and unprincipled papacy of recent history—
712382330,Loaded_Language,3943,3965,a gross understatement
712382330,Loaded_Language,4216,4264,the Mystical Body would then be without its head
712382330,Appeal_to_Authority,919,1054,"""The document is very good and completely explains the meaning of chapter VIII of Amoris Laetitia.
There are no other interpretations."""
713130996,"Bandwagon,Reductio_ad_hitlerum",4555,4677,"As Bertolt Brecht told Sidney Hook about Stalin’s victims, “the more innocent they are, the more they deserve to be shot.”"
713130996,Loaded_Language,962,1013,the San Francisco show-trial in which he co-starred
713130996,"Name_Calling,Labeling",1296,1317,"The Great Left Hope,”"
713130996,Slogans,1783,1798,SMASH THE STATE
713130996,Loaded_Language,2698,2734,"secret version of Russian roulette,”"
713130996,"Bandwagon,Reductio_ad_hitlerum",3778,3984,"Unlike Stalin’s trials of the old Bolsheviks, and Fidel Castro’ trial of General Arnaldo Ochoa, this show trial aimed to establish innocence for the guilty, and the dynamics of the left were on full display"
713130996,"Exaggeration,Minimisation",4355,4463,society is progressing toward a social justice paradise ruled by a wise elite that knows what’s best for all
713130996,"Name_Calling,Labeling",5251,5271,The Great Left Hope”
713130996,Causal_Oversimplification,5222,5332,That explains the effort of “The Great Left Hope” to have his client’s felony gun possession conviction tossed
713130996,Appeal_to_Authority,2149,2196,"He has a great, steadfast commitment to justice"
715588833,"Exaggeration,Minimisation",660,681,to smash everything!”
715588833,Loaded_Language,2437,2464,single worst act of tyranny
715588833,Loaded_Language,7098,7129,toying with the teaching office
715588833,Doubt,7155,7185,half-baked theological notions
715588833,"Name_Calling,Labeling",8811,8841,a tyrant on the Chair of Peter
715588833,"Whataboutism,Straw_Men,Red_Herring",10678,10918,That error threatens to overwhelm the Church while they do little more than fret about a situation whose self-evident cause—a reckless Pope in love with his own ideas and filled with contempt for Tradition—they seem incapable of identifying
715588833,"Name_Calling,Labeling",0,17,The Dictator Pope
715588833,"Name_Calling,Labeling",412,499,"a power-hungry, manipulative dictator, [who] celebrated the abdication of Benedict XVI”"
715588833,Loaded_Language,624,681,"We elected you to make reforms, not to smash everything!”"
715588833,Loaded_Language,1046,1074,in the explosive best-seller
715588833,Repetition,1753,1770,The Dictator Pope
715588833,Loaded_Language,2061,2160,given the disordered mélange of bits and pieces of things he has read that constitutes his theology
715588833,"Exaggeration,Minimisation",2622,2773,"But never, before Francis, has there been a Pope who dared to tyrannize the Magisterium itself by attempting to bend it to his errant personal opinions"
715588833,Loaded_Language,6660,6744,is derived from divine law and transcends the domain of positive ecclesiastical laws
715588833,Black-and-White_Fallacy,7638,7734,Even if the attempt is void and of no effect before man and God—an immoral law is no law at all—
715588833,Loaded_Language,7829,7855,cloak his absurd novelties
715588833,"Exaggeration,Minimisation",7857,7909,No Pope before him has ever dared to do such a thing
715588833,Loaded_Language,8548,8641,that at the epicenter of the chaos is the most wayward Pope the Church has ever had to endure
715588833,"Exaggeration,Minimisation",8479,8546,is a standing rebuke to all the hierarchs who know what we all know
715588833,Loaded_Language,8797,8841,the abuses of a tyrant on the Chair of Peter
715588833,Appeal_to_fear-prejudice,8643,8940,"Continued inaction while the laity and a few good priests are left to themselves to defend, as best they can, the constant teaching of the Church against the abuses of a tyrant on the Chair of Peter threatens the hierarchs with a legacy of shame and a terrible accountability before the Just Judge"
715588833,Thought-terminating_Cliches,9232,9268,The time for “prudence” is long past
715588833,Loaded_Language,9456,9504,a papal tyranny the Church has never before seen
715588833,Loaded_Language,9836,10048,"to cut out the cancerous growth of modernist theology that has implanted itself and is festering within the celebration of even the most sacred mysteries, before the cancer spreads and causes even greater damage?"
715588833,"Name_Calling,Labeling",10802,10884,a reckless Pope in love with his own ideas and filled with contempt for Tradition—
715588833,Loaded_Language,11273,11388,"the divinely bestowed power to repel an assault on marriage, family and the very integrity of the Faith that is now"
715588833,Repetition,11390,11426,for the first time in Church history
715588833,Loaded_Language,11846,12085,"May Our Lady of Fatima intercede to obtain for them the grace of fortitude to do what must be done and what only they can do.
Our hopes and prayers are with them as the foremost instruments of divine providence in the ecclesia Dei adflicta"
715588833,Flag-Waving,11575,11844,"True love for the Church, indeed true charity toward Francis himself, requires of them nothing less than what was required of Saint Paul when the first Pope fell into error that jeopardized the very mission of the Church: that Peter be withstood to his face (Gal.
2:11)"
715588833,Loaded_Language,412,498,"a power-hungry, manipulative dictator, [who] celebrated the abdication of Benedict XVI"
715790840,Loaded_Language,1438,1483,lacking in any magisterial weight whatsoever—
715790840,Appeal_to_Authority,1616,1846,Francis made it clear that the Argentine bishops’ interpretation of AL allowing public adulterers to receive Holy Communion “explains precisely the meaning of Chapter VIII of ‘Amoris Laetitia.’ There are no other interpretations.”
715790840,Loaded_Language,1868,1907,outrageous overreach of papal authority
715790840,Loaded_Language,1941,1956,ominously clear
715790840,Loaded_Language,2293,2319,this latest papal travesty
715790840,Loaded_Language,2134,2245,"God's Holy Name, we beg you to act now -- before Pope Francis succeeds in tearing the Church in half completely"
716469423,"Whataboutism,Straw_Men,Red_Herring",2492,2673,This warning will infuriate environmental campaigners who argue by 2030 the world faces increased sea levels and flooding due to glacial melt at the poles and a warming of the globe
716469423,Loaded_Language,2505,2519,will infuriate
716469423,Appeal_to_Authority,1955,2197,"A team of experts have warned that huge seismic events, including volcanic eruptions, plunging global temperatures and destabilization of the Earth’s crust will become more common after worrying changes to the surface of the Sun were recorded"
718312499,Doubt,124,231,"Does this new footage reveal muzzle flashes from helicopters, an air assault, on the night of the massacre?"
718595845,Appeal_to_fear-prejudice,904,1003,"If we do nothing about the missiles fired at Saudi Arabia, we will not be able to stop the violence"
718595845,Doubt,2154,2259,"Did she disingenuously omit that inconvenient bit from her remarks, or fail to read the entire UN report?"
718595845,Loaded_Language,5170,5182,hypocritical
718595845,Doubt,0,32,The US Is Blatantly Telling Lies
718595845,Doubt,2380,2444,entire premise of the U.N. report is almost completely incorrect
718595845,Appeal_to_fear-prejudice,7086,7235,"This is the critical lesson of Yemen, and the United States would do well to heed it before it tries to foment a crisis based upon trumped-up charges"
718595845,Loaded_Language,1183,1219,Made in Iran’ stickers all over it.”
718595845,Doubt,5443,5542,"Why is the U.S. singling out Iran, especially when the Houthi rebels are sworn enemies of al-Qaeda?"
718595845,"Whataboutism,Straw_Men,Red_Herring",305,337,goes against the better judgment
718595845,Appeal_to_fear-prejudice,355,448,anti-Iranian advisors in his staff who don’t want to see the U.S. isolated on the world stage
718595845,Loaded_Language,5405,5427,schizophrenic approach
718595845,Loaded_Language,6962,7084,No amount of chest-thumping and empty rhetoric by American political and/or military leaders can offset this harsh reality
721406153,"Name_Calling,Labeling",97,129,the imaginary Catholic Pharisees
721406153,Doubt,3079,3218,"nullity, how can an individual priest be capable of making such a judgment having to do with the eternal salvation of the soul in question?"
721406153,Repetition,4102,4106,fool
721406153,Repetition,5473,5478,fools
721406153,Repetition,5502,5506,fool
721406153,Repetition,5942,5947,fools
721406153,Loaded_Language,0,35,"Apparently, They Think We are Fools"
721406153,Loaded_Language,294,466,he and his collaborators are busily engineering neo-Pharisaical escape hatches from the negative precepts of the divine and natural law emanating from the Sixth Commandment
721406153,Loaded_Language,1123,1150,Do they think we are fools?
721406153,Loaded_Language,1264,1282,verbal contortions
721406153,Loaded_Language,1465,1488,preposterous “solution”
721406153,Loaded_Language,1992,2020,moral and canonical nonsense
721406153,Black-and-White_Fallacy,2022,2210,"No Catholic, whether or not he consults a priest, can declare for himself that his marriage in the Church was invalid, especially when—indeed because—he lacks canonical proof of invalidity"
721406153,Loaded_Language,2530,2575,the conspiracy culminating in Amoris Laetitia
721406153,Causal_Oversimplification,2893,3218,"If a college of judges in a matrimonial tribunal is not able to arrive at moral certitude regarding the nullity of a marriage after a careful and thorough examination of the petition of nullity, how can an individual priest be capable of making such a judgment having to do with the eternal salvation of the soul in question?"
721406153,Loaded_Language,5339,5439,"all of which will be utter fakes, including some form of “pastoral integration” of homosexual unions"
721406153,Appeal_to_fear-prejudice,5787,5926,Silence at best is the price it must pay for remaining in good standing with the pro-homosexual bishop Francis has installed in San Diego.)
721406153,Loaded_Language,5927,6036,"But we are not fools.
And God will not be mocked.
Francis and all his designs will ultimately come to nothing"
721406153,Loaded_Language,5115,5139,lie from the pit of hell
721710340,Repetition,4286,4299,public safety
721710340,Appeal_to_Authority,3416,3671,Our dedicated officers strive to make our communities safer by arresting convicted criminal aliens and removing them from the United States despite the reckless sanctuary policies that are currently in place in Cook County that put our communities at risk
721710340,Repetition,3416,3475,Our dedicated officers strive to make our communities safer
721710340,Repetition,3879,4010,"By removing criminal aliens from the streets, our ICE officers provide an invaluable community service by improving public safety.”"
721710340,"Name_Calling,Labeling",3568,3595,reckless sanctuary policies
721710340,Flag-Waving,3648,3663,our communities
721710340,Flag-Waving,4259,4277,protect the nation
721710340,Flag-Waving,4305,4350,protect the integrity of our immigration laws
721890296,Repetition,1322,1337,Muslim invaders
721890296,Loaded_Language,2109,2257,"sexual assaults by Muslim migrants, attacks on Christians and there's no telling the amount of damage to the unethical welfare system in the country"
721890296,Loaded_Language,5173,5238,Thank you Prime Minister Orban for saying what needed to be said!
721890296,"Name_Calling,Labeling",4429,4451,man behind the curtain
721890296,"Name_Calling,Labeling",70,87,"""Muslim Invaders"""
721890296,Appeal_to_Authority,48,87,"Refugees Are Actually ""Muslim Invaders"""
721890296,Repetition,71,87,"Muslim Invaders"""
721890296,Repetition,168,183,Muslim invasion
721890296,Repetition,260,275,Muslim invaders
721890296,Repetition,883,898,Muslim invaders
721890296,Repetition,3895,3910,Muslim invaders
721890296,Repetition,4486,4501,Muslim invasion
721890296,Repetition,4661,4676,Muslim invasion
721890296,Repetition,4764,4779,Muslim invaders
721890296,Appeal_to_Authority,1825,1854,they “don’t want” immigration
721890296,"Exaggeration,Minimisation",2934,2986,"the best example of discipline and the rule of law,”"
721890296,Repetition,3053,3061,invasion
721890296,Appeal_to_Authority,3427,3477,Christian and Muslim societies “will never unite.”
721890296,"Exaggeration,Minimisation",3501,3539,They have absolutely nothing in common
721890296,Loaded_Language,5013,5164,"They are in Europe to conquer and Islamize it, with willing and eager help from Europe’s short-sighted, self-serving, internationalist intelligentsia."""
721890296,Thought-terminating_Cliches,5165,5172,Indeed!
721890296,Loaded_Language,759,790,an Islamic dominionist attitude
721890296,Flag-Waving,4122,4385,"He has genuinely reached out his hand to help Christian migrants instead of Muslim migrants and he seems to be one that holds to the Christian faith, as emulated by the Protestant Reformers, saying, ""That which serves the glory of God is the best for the people."""
721890296,Loaded_Language,25,46,Hits Nail On The Head
721890296,Loaded_Language,560,579,putting their noses
721890296,Loaded_Language,2091,2105,untold numbers
721890296,Black-and-White_Fallacy,2456,2567,"The reason why people are in your country is not because they are refugees, but because they want a German life"
721890296,Loaded_Language,2817,2860,"chaos, anarchy and illegal border crossings"
721890296,Flag-Waving,3616,3643,including the united States
721890296,Appeal_to_fear-prejudice,3541,3614,"They cannot agree on God's law, which most Western societies were base on"
721890296,Repetition,3645,3662,They cannot agree
721890296,Repetition,3682,3702,They cannot agree on
721890296,Flag-Waving,3914,3947,leave Hungary and never come back
721890296,Flag-Waving,4020,4064,"Hungary would defend its borders, and it has"
721890296,Repetition,4900,4918,"Many, all too many"
721890296,Appeal_to_fear-prejudice,4923,5011,"them want to overwhelm German values, and European values in general, with sharia values"
721890296,Appeal_to_fear-prejudice,5032,5058,to conquer and Islamize it
721890296,"Name_Calling,Labeling",5131,5162,internationalist intelligentsia
722507879,Loaded_Language,1369,1376,corrupt
722507879,Loaded_Language,1381,1391,fraudulent
722507879,Flag-Waving,3019,3036,national security
722507879,Appeal_to_fear-prejudice,3937,3949,“threatened”
722507879,"Whataboutism,Straw_Men,Red_Herring",2307,2350,Arabic Linguist for the Navy for five years
722507879,"Whataboutism,Straw_Men,Red_Herring",2356,2414,a Senior Intel Analyst for the Department of Defense (DoD)
722507879,"Whataboutism,Straw_Men,Red_Herring",2432,2516,"Lambert also speaks fluent Arabic and Farsi (Persian), along with French and Italian"
722507879,"Whataboutism,Straw_Men,Red_Herring",4053,4079,former Reagan Justice Dept
722512241,Doubt,2751,2838,"If Islam is a good religion in itself, as you seem to teach, why did we become Catholic"
722512241,Appeal_to_fear-prejudice,391,570,"if you don’t believe that Islam is a Religion of Peace, you will be ruthlessly harassed and silenced by the U.S. Conference of Catholic Bishops and the hierarchy elsewhere as well"
722512241,"Name_Calling,Labeling",3903,3925,the worst of Creation”
722512241,Appeal_to_fear-prejudice,37,98,“Naiveté in the face of Islam is suicidal and very dangerous”
722512241,Loaded_Language,168,309,"disgusted by her cowardice, wounded by equivocal gestures, confused by the lack of evangelization, scandalized by the praise given to Islam.”"
722512241,"Exaggeration,Minimisation",572,729,"The bishops of the Catholic Church are much more concerned that you believe that Islam is a religion of peace than that you believe in, say, the Nicene Creed"
722512241,Black-and-White_Fallacy,2490,2594,"it does not account for the fact that Islam came AFTER Christ, and so is, and can only be, an Antichrist"
722512241,Black-and-White_Fallacy,3673,3733,"As a proper Antichrist, Islam exists only as an enemy of all"
722512241,Black-and-White_Fallacy,3840,3886,"For the Qur’an, Christians “are only impurity”"
722512241,Loaded_Language,3903,3925,the worst of Creation”
722512241,Loaded_Language,3941,3962,all condemned to Hell
722512241,Loaded_Language,3978,4008,so Allah must exterminate them
722512241,Black-and-White_Fallacy,4325,4417,Allah has nothing to offer but war and murder of the “infidels” in exchange for his paradise
722512241,"Bandwagon,Reductio_ad_hitlerum",5116,5333,The authors say that Islam can be no ally in the battle “against the powers that want to dominate and enslave the world” because “they share the same totalitarian logic based on the rejection of the kingship of Christ
722512241,Black-and-White_Fallacy,5527,5589,Jesus has never indicated any other way than that of the Cross
722512241,"Whataboutism,Straw_Men,Red_Herring",5787,5934,The letter also contrasts the stance of Islamic countries like Turkey and Saudi Arabia who “do not welcome any refugee” while Pope Francis preaches
722512241,Loaded_Language,6338,6377,the utter scandal of the pope’s failure
722512241,Loaded_Language,6673,6846,"disgusted by her cowardice, wounded by equivocal gestures, confused by the lack of evangelization, scandalized by the praise given to Islam … Thus ignorant souls are misled…"
722512241,Appeal_to_fear-prejudice,6847,7044,"Taking the matter further, they warn, too, of the physical danger the pope’s disposition toward Islam invites, saying that it has resulted in Christians
not preparing for a confrontation with Islam"
722512241,Black-and-White_Fallacy,7424,7546,The headquarters of my archdiocese and my apostolate have been occupied by radical Islamists who want us to convert or die
722512241,Appeal_to_fear-prejudice,7552,7698,"You are welcoming into your country an ever increasing number of Muslims.
You are in danger as well.
You must make strong and courageous decisions"
722512241,Appeal_to_fear-prejudice,7933,8111,"This is a matter of life and death, and any complacency towards Islam is treasonous.
We do not wish the West to continue with Islamization, nor that your actions contribute to it"
722512241,Loaded_Language,7933,7967,This is a matter of life and death
722512241,Appeal_to_fear-prejudice,7276,7398,"Our present sufferings are the prelude to those that you, Europeans and Western Christians, will suffer in the near future"
723501118,Loaded_Language,157,176,a hopeless hellhole
723501118,Loaded_Language,727,741,Demolition Man
723501118,Thought-terminating_Cliches,1559,1592,"Sweden.
That tells you everything"
723501118,"Exaggeration,Minimisation",157,257,a hopeless hellhole where the native population is overtaxed and terrorized by warring foreign gangs
723501118,Doubt,695,720,Of course they can't cope
723501118,Loaded_Language,1440,1451,stamped out
723501118,Doubt,1944,2030,Mass repression and police powers that don't actually address the cause of the problem
723537899,Doubt,3125,3182,"Are the 2,000 U.S. troops in Syria really up to that task"
723537899,Loaded_Language,1917,1925,ruthless
723537899,Appeal_to_fear-prejudice,3463,3515,risks a major U.S. war with no allies but the Kurds?
723537899,Doubt,4586,4691,"Have the generals taking us into Syria told the president how and when, if ever, they plan to get us out?"
723537899,Appeal_to_fear-prejudice,766,778,mortal peril
723537899,"Name_Calling,Labeling",436,448,terror nests
723537899,"Name_Calling,Labeling",1100,1113,"terror army,"""
723537899,"Name_Calling,Labeling",1174,1184,"traitors."""
723537899,Loaded_Language,1264,1323,blatant attack on the sovereignty and territorial integrity
723537899,Loaded_Language,1350,1391,"flagrant violation of international law."""
723537899,Doubt,1491,1628,by what authority do U.S. forces remain to arm troops to keep the Damascus government from reimposing its authority on its own territory?
723537899,Causal_Oversimplification,2228,2300,Donald Trump won the presidency on a promise of no more unnecessary wars
723537899,Doubt,2302,2342,Have the American people been had again?
723537899,Appeal_to_fear-prejudice,2474,2686,"Are we prepared for a shooting war with a Syrian army, backed by Russia, Iran, Hezbollah and Shiite militias from Iraq, Afghanistan and Pakistan, to hold onto a fourth of Syria's territory in alliance with Kurds?"
723537899,Appeal_to_fear-prejudice,817,871,"If Erdogan is serious, a clash with the U.S. is coming"
723537899,Doubt,1392,1436,Does not the Syrian government have a point?
723537899,Doubt,1934,1978,But who authorized this strategic commitment
723793978,Repetition,973,979,people
723793978,Thought-terminating_Cliches,1418,1430,That’s crazy
723793978,"Exaggeration,Minimisation",1106,1256,"This is the new Sweden; the new, exciting dynamic, multicultural paradise that so many here in this assembly … have fought to create for so many years"
723823436,Doubt,1581,1679,Why would the autopsy report be something that needs to be withheld from the public or his family?
723823436,Doubt,3749,3902,What is surprising is the level of secrecy surrounding the Las Vegas shooting and the containment of information more than three months after it occurred
723823436,Repetition,365,382,credible evidence
723823436,Repetition,1735,1752,credible evidence
723823436,Doubt,2061,2088,"Something’s not adding up."""
723823436,Thought-terminating_Cliches,3439,3458,"There's no threat."""
723844295,Loaded_Language,15,29,shocking claim
723844295,Doubt,220,273,government is covering up a big story about terrorism
723844295,Doubt,1242,1270,"something is not adding up,”"
723844295,Causal_Oversimplification,2445,2696,"“If ISIS warns about an attack and then an attack occurs and claims responsibility after the fact, it seems to me that at a minimum, they should have some portion of the investigation to clearly debunk that claim and, yet, it hasn’t happened,” he said"
723844295,Repetition,1963,1994,waiting and waiting and waiting
723844295,Flag-Waving,2027,2040,all Americans
723883127,Loaded_Language,482,499,shocking comments
723883127,Repetition,1091,1096,shock
723883127,Loaded_Language,1053,1064,all calumny
723883127,Loaded_Language,1789,1822,kiss and fondle them in the swank
723883127,Loaded_Language,2458,2486,These people are truly crazy
723883127,Loaded_Language,0,5,Shock
723883127,Loaded_Language,160,173,shocking move
723883127,"Name_Calling,Labeling",2475,2486,truly crazy
724095467,Loaded_Language,145,161,gross negligence
724095467,Doubt,3785,3878,"How was this victim overlooked by investigators but known by Intellihub?
Who was this victim?"
724095467,Doubt,165,218,"a massive cover-up of the truth, the F.B.I.
and LVMPD"
724095467,Doubt,2792,2857,law enforcement investigators have never asked to see the footage
724095467,"Exaggeration,Minimisation",2963,2970,placed”
724095467,Doubt,3709,3784,"Will the F.B.I.
and LVMPD please explain what in the Hell is going on here?"
724095467,Doubt,3932,3984,How many more victims went ignored by investigators?
724095467,Loaded_Language,165,196,a massive cover-up of the truth
724095467,Loaded_Language,599,620,botched investigation
724095467,Loaded_Language,3735,3766,please explain what in the Hell
724095467,Doubt,3883,3931,were people getting haircuts at the crime scene?
724095598,Causal_Oversimplification,848,1011,"Let’s face it, twice before the attack ISIS warned the United States that they would attack Las Vegas and then after the attack claimed responsibility four times,”"
724095598,Loaded_Language,210,218,horrific
724095598,Doubt,497,517,One can imagine that
724095598,Doubt,1381,1394,Interestingly
724791253,"Name_Calling,Labeling",3015,3031,Hitler the Great
724791253,"Exaggeration,Minimisation",118,137,deeply disappointed
724791253,Loaded_Language,189,228,ridiculous exercise in virtue-signaling
724791253,"Exaggeration,Minimisation",459,515,for the crime of telling the truth about Islam and jihad
724791253,Black-and-White_Fallacy,918,1208,"If there’s homosexual men, the punishment is one of five things.
One – the easiest one maybe – chop their head off, that’s the easiest.
Second – burn them to death.
Third – throw ’em off a cliff.
Fourth – tear down a wall on them so they die under that.
Fifth – a combination of the above.”"
724791253,"Name_Calling,Labeling",1223,1265,relentlessly appeasement-minded government
724791253,Loaded_Language,2585,2611,“doesn’t applaud diversity
724791253,Appeal_to_fear-prejudice,2770,2829,We must be vigorous in our intolerance of his intolerance.”
724791253,"Exaggeration,Minimisation",3015,3033,Hitler the Great.’
724791253,Loaded_Language,3048,3065,corruptly elected
724791253,Loaded_Language,3579,3602,Islamophobic propaganda
724791253,Loaded_Language,3665,3744,"he has allegedly “bigoted attitude towards women, ethnic minorities and Muslims"
724791253,"Bandwagon,Reductio_ad_hitlerum",3912,4039,The motion also notes that the neighbouring Royal Borough of Greenwich formally adopted a similar motion in December last year…
724791253,"Whataboutism,Straw_Men,Red_Herring",517,629,"Meanwhile, Britain has a steadily lengthening record of admitting jihad preachers without a moment of hesitation"
724791253,Loaded_Language,319,349,hypocrisy and double standards
724791253,Appeal_to_fear-prejudice,918,1206,"If there’s homosexual men, the punishment is one of five things.
One – the easiest one maybe – chop their head off, that’s the easiest.
Second – burn them to death.
Third – throw ’em off a cliff.
Fourth – tear down a wall on them so they die under that.
Fifth – a combination of the above"
724791253,Loaded_Language,1223,1254,relentlessly appeasement-minded
724791253,"Name_Calling,Labeling",1799,1804,bigot
724791253,Appeal_to_Authority,2702,2827,"He is failing in his leadership and we should not welcome him here.
We must be vigorous in our intolerance of his intolerance"
724791253,Loaded_Language,3488,3503,shock and alarm
725276027,"Bandwagon,Reductio_ad_hitlerum",418,499,Saris like many other Federal judges does not like our current immigration system
725276027,"Name_Calling,Labeling",765,789,The Indonesian Christian
725276027,Causal_Oversimplification,52,160,who thinks it is the job of District Court judges to micromanage the deportation system of the United States
725276027,Loaded_Language,229,247,her little amnesty
725276027,Appeal_to_fear-prejudice,2063,2268,"expressed concern the Indonesians could be deported before their administrative appeals were finished, given their claims they could face religious persecution in the world’s largest majority-Muslim nation"
725276027,Loaded_Language,5787,5806,some minor kritarch
725276027,Thought-terminating_Cliches,162,174,got her wish
725276027,Loaded_Language,198,212,illegal aliens
725276027,Repetition,1339,1353,illegal aliens
725276027,Repetition,1506,1520,illegal aliens
725276027,Thought-terminating_Cliches,3316,3333,That’s my concern
725276027,Repetition,3434,3448,illegal aliens
725276027,Repetition,3876,3890,illegal aliens
725276027,Repetition,5311,5325,illegal aliens
725276027,Loaded_Language,5381,5406,another bite at the apple
725276027,"Name_Calling,Labeling",5792,5806,minor kritarch
725498022,Loaded_Language,4518,4580,the charismatic homosexual/pederast predator Fernando Karadima
725498022,Slogans,6105,6131,Neither lefties nor stupid
725498022,"Exaggeration,Minimisation",8065,8084,It’s all in the air
725498022,Thought-terminating_Cliches,16921,16939,who am I to judge”
725498022,"Whataboutism,Straw_Men,Red_Herring",18642,18707,What happened to ‘Zero Tolerance’ for clerical sexual offenders?”
725498022,Loaded_Language,757,770,to blaze down
725498022,"Name_Calling,Labeling",1058,1085,leftist secular journalists
725498022,"Name_Calling,Labeling",1452,1468,a “leftist” pope
725498022,Loaded_Language,2686,2720,her voice cracked with nervousness
725498022,"Name_Calling,Labeling",4518,4580,the charismatic homosexual/pederast predator Fernando Karadima
725498022,Thought-terminating_Cliches,5585,5607,think with your head.”
725498022,Loaded_Language,5843,5858,you are foolish
725498022,Loaded_Language,7181,7203,the egregious failures
725498022,Loaded_Language,7672,7695,this horrified me a lot
725498022,"Name_Calling,Labeling",10212,10237,a voyeuristic participant
725498022,"Name_Calling,Labeling",10881,10895,priest-abusers
725498022,"Name_Calling,Labeling",16716,16740,the notorious homosexual
725498022,Loaded_Language,17429,17452,the sinister appearance
725498022,"Name_Calling,Labeling",19752,19789,the notorious Italian priest-pederast
725498022,Loaded_Language,20050,20079,the abuse was approved by God
725498022,Loaded_Language,21226,21249,a loudly trumpeted part
725498022,Appeal_to_fear-prejudice,21723,21950,"“The reluctance of some in the Vatican Curia to implement recommendations or cooperate with the work of a commission when the purpose is to improve the safety of children and vulnerable adults around the world is unacceptable,”"
725498022,Loaded_Language,201,211,tossed out
725498022,Loaded_Language,291,302,snippy tone
725498022,Loaded_Language,535,581,unending stream of outrages and embarrassments
725498022,Loaded_Language,1869,1879,gobsmacked
725498022,Loaded_Language,3705,3729,serious and painful evil
725498022,"Name_Calling,Labeling",5661,5696,leftists who have set up this thing
725498022,Loaded_Language,6618,6634,calumny” comment
725498022,Loaded_Language,7261,7279,devastating impact
725498022,"Name_Calling,Labeling",8684,8702,unusually contrite
725498022,"Name_Calling,Labeling",11946,11987,the kingpin of South American Catholicism
725498022,Loaded_Language,14333,14340,plagued
725498022,Loaded_Language,14373,14389,ignored to death
725498022,Loaded_Language,17386,17401,under his thumb
725498022,"Name_Calling,Labeling",17832,17837,mafia
725498022,Doubt,20682,20795,"given Francis’s usual methods, it’s anyone’s guess who in reality is actually dealing with these cases, if anyone"
725498022,Loaded_Language,21137,21152,harsh criticism
725731328,Slogans,547,563,God damn America
725731328,"Bandwagon,Reductio_ad_hitlerum",1007,1044,"the terror group, the Nation of Islam"
725731328,Loaded_Language,2099,2115,wicked deceivers
725731328,Loaded_Language,2149,2167,sucked their blood
725731328,Thought-terminating_Cliches,2132,2167,"people.
You have sucked their blood"
725731328,Repetition,2252,2279,Hitler was a very great man
725731328,"Bandwagon,Reductio_ad_hitlerum",2617,2654,Hitler exterminating six million Jews
725731328,Appeal_to_fear-prejudice,2817,2827,terrorists
725731328,Loaded_Language,120,139,worked as furiously
725731328,Loaded_Language,619,640,nefarious connections
725731328,Doubt,794,1076,"The Muslim photographer Askia Muhammad, who took this photo of candidate Barack Obama and vicious jihad-supporting racist Louis Farrakhan, knew this would impact the election: he said so.
And so he conspired with the terror group, the Nation of Islam, to keep it hidden for 10 years"
725731328,"Exaggeration,Minimisation",1945,1992,"that’s a good name.
Hitler was a very great man"
725731328,"Exaggeration,Minimisation",2232,2279,"that’s a good name.
Hitler was a very great man"
725731328,Loaded_Language,2505,2577,how long do you think a nation can do evil and not face the wrath of god
725731328,"Whataboutism,Straw_Men,Red_Herring",2670,2722,But don’t nobody ever ask what did they do to Hitler
725731328,Loaded_Language,2933,2973,will rain destruction upon white America
725731328,Loaded_Language,4044,4062,sort of in a panic
725731328,Loaded_Language,4719,4731,shines forth
725731328,"Exaggeration,Minimisation",282,289,destroy
725731328,Appeal_to_fear-prejudice,1996,2062,My god will wipe this country (America) from the face of the earth
725731328,Flag-Waving,2091,2167,"You are wicked deceivers of the American people.
You have sucked their blood"
725731328,"Bandwagon,Reductio_ad_hitlerum",2171,2224,"The Jews don’t like Farrakhan, so they call me Hitler"
725731328,Appeal_to_fear-prejudice,2381,2577,"America is in trouble, and I say God is about to wipe this nation from the face of the Earth.
I’m not crazy, I’m not drunk, how long do you think a nation can do evil and not face the wrath of god"
725731328,Appeal_to_fear-prejudice,2861,3020,"The Mother Wheel is a heavily armed spaceship the size of a city, which will rain destruction upon white America but save those who embrace the Nation of Islam"
725824328,"Name_Calling,Labeling",3313,3330,spiritual advisor
725824328,Loaded_Language,1027,1045,sort of in a panic
725824328,Repetition,2959,2964,black
725824328,Loaded_Language,3081,3112,shaking down white institutions
725824328,Loaded_Language,4189,4199,black rage
725824328,Doubt,4001,4406,"Reading Obama’s 1995 memoir, you might almost get the impression that after a prudent first term, during his second he might side with, I dunno, Black Lives Matter and encourage a wave of black rage and police retreat that drove up the death toll from murder by 20% in his last two years in office, an incremental death toll a little bigger than the U.S. combat death toll from the equally stupid Iraq War"
725824328,Appeal_to_fear-prejudice,1962,2033,was afraid that someone might “break into his apartment” looking for it
725824328,Loaded_Language,2056,2060,crap
727128296,Loaded_Language,2296,2312,racking my brain
727174208,"Exaggeration,Minimisation",112,162,the deadliest mass shooting in modern U.S. history
727174208,"Exaggeration,Minimisation",1452,1494,the guy who sold him a hamburger for lunch
727405181,Loaded_Language,193,210,in one fell swoop
727493378,Doubt,563,822,"The family finally got the remains in a box marked ""evidence"" over three months after the shooting and the autopsy report hasn't been finalized?
Wait, were the same guys in the autopsy room that were there when the doctors and coroners examined John F Kennedy"
727493378,Thought-terminating_Cliches,1272,1285,No more games
727493378,Loaded_Language,493,502,Seriously
727493378,Doubt,1769,1866,How can the autopsy report not be ‘finalized’ when the body was cremated more than five weeks ago
727493378,Loaded_Language,1943,1995,"That's exactly right!
Something is rotten in Denmark"
727493378,Doubt,1997,2265,"On top of that, we have questions as to whether the body was even that of Stephen Paddock, given the fact that certain elements of the Paddock in the preliminary police report, which mentioned the autopsy, are apparently at odds with the Paddock of other documentation"
727493378,Doubt,3072,3149,"By the way, the toxicology report was not mentioned in the preliminary report"
727497152,Loaded_Language,516,529,drag his feet
727497152,Loaded_Language,10,18,Massacre
727497152,Doubt,491,695,"Not only did the coroner drag his feet and release the autopsy reports late Wednesday, but all of the names were redacted in the reports, with no mention of ballistic data, bullet caliber, or trajectories"
727569885,Flag-Waving,1061,1142,America stands with the people of Iran in their courageous struggle for freedom.”
727569885,"Name_Calling,Labeling",1177,1196,obsequious acolytes
727569885,"Name_Calling,Labeling",1255,1271,despotic mullahs
727569885,Loaded_Language,191,204,pusillanimous
727569885,Loaded_Language,530,576,the nefarious nature of this fascist theocracy
727569885,Loaded_Language,5947,5999,doesn’t ask “how high” when they say “jump.” Clearly
727569885,Loaded_Language,6016,6030,docile posture
727569885,Loaded_Language,3630,3662,"weak, indecisive and ineffectual"
727569885,Loaded_Language,1548,1564,misguided effort
727569885,Loaded_Language,1642,1690,Obama sold everything including the kitchen sink
727569885,Loaded_Language,2016,2048,fecklessness through appeasement
727569885,Loaded_Language,2843,2860,Obama’s groveling
727569885,Loaded_Language,2869,2884,mischief-making
727569885,Flag-Waving,4545,4619,he didn’t think that the seizure of Americans was important enough to note
727569885,Loaded_Language,5879,5900,a new sheriff in town
727569885,"Bandwagon,Reductio_ad_hitlerum",559,576,fascist theocracy
727569885,"Name_Calling,Labeling",2600,2618,messianic zealotry
727569885,Loaded_Language,3312,3328,deterrent effect
727569885,Loaded_Language,3914,3949,"ritualistic, belligerent encounters"
727569885,Loaded_Language,5156,5170,empty rhetoric
727634031,Thought-terminating_Cliches,12173,12206,I had no way to see into his mind
727634031,Doubt,8017,8133,Haig did not mention the incendiary rounds -- which are meant to ignite what they hit -- in Friday's news conference
727634031,Loaded_Language,11405,11421,"Sickness.
Horror"
727634031,Appeal_to_fear-prejudice,11940,12022,One woman (was) screaming through my door that I should be killed and I should die
727658675,Loaded_Language,807,862,"will proclaim, with all clarity, unambiguity and beauty"
727658675,Loaded_Language,1222,1444,would be a beautiful common voice defending the sanctity and the indissolubility of marriage in the midst of a real neo-pagan society where divorce has become a plague and where sexual depravity is increasingly spreading.”
727658675,Loaded_Language,2273,2426,"Such a reading is causing “rampant confusion,” will spread “a plague of divorce” in the Church, and is “alien” to the Church’s entire faith and Tradition"
727658675,Appeal_to_fear-prejudice,1215,1444,and it would be a beautiful common voice defending the sanctity and the indissolubility of marriage in the midst of a real neo-pagan society where divorce has become a plague and where sexual depravity is increasingly spreading.”
727658675,Black-and-White_Fallacy,2556,2842,"the “beautiful explanations” that are being presented to clergy and faithful as “discernment” and “pastoral accompaniment,” or a “change of paradigm” and “discovery of the subjective part of the truth,” when translated into “common sense language,” are tantamount to an allowance to sin"
727658675,Causal_Oversimplification,3033,3115,"As Successors of the Apostles, Schneider said they “could not act in another way.”"
727658675,"Exaggeration,Minimisation",1383,1389,plague
727658675,Appeal_to_Authority,2138,2271,"Some of these norms, Schneider told LifeSiteNews, give “implicit approval” of divorce and of sexual activity outside a valid marriage"
727658675,"Exaggeration,Minimisation",2335,2352,plague of divorce
727658675,Black-and-White_Fallacy,3033,3113,"As Successors of the Apostles, Schneider said they “could not act in another way"
727736557,Repetition,2840,2884,a gun running operation gone wrong every day
727736557,Thought-terminating_Cliches,4511,4544,I had no way to see into his mind
727736557,"Name_Calling,Labeling",85,94,crackpots
727736557,Loaded_Language,650,669,pounded on his door
727736557,Loaded_Language,983,1001,to lob wild claims
727736557,Causal_Oversimplification,1203,1347,posted an article this week that pointed to Haig's background in the aerospace industry as a sign of U.S. government involvement in the massacre
727736557,"Name_Calling,Labeling",2226,2239,a CIA cut-out
727736557,"Name_Calling,Labeling",2351,2382,a noxious far-right personality
727736557,Loaded_Language,2429,2447,started making hay
727736557,Thought-terminating_Cliches,4018,4068,"I've seen all kinds of people.
There were no tells"
727736557,"Exaggeration,Minimisation",4574,4602,had absolutely nothing to do
727736557,"Name_Calling,Labeling",186,212,the Las Vegas mass shooter
727736557,"Name_Calling,Labeling",305,328,Las Vegas mass murderer
727736557,Loaded_Language,1761,1770,ludicrous
727736557,"Name_Calling,Labeling",1819,1858,internet's conspiracy-theorist-in-chief
727736557,"Name_Calling,Labeling",4715,4742,YouTube conspiracy theorist
727736557,Doubt,5074,5132,Did he know something that Stephen Paddock was going to do
727736595,"Exaggeration,Minimisation",285,335,the deadliest mass shooting in modern U.S. history
727869189,Appeal_to_fear-prejudice,1955,1994,his most theologically unsettling point
727869189,Appeal_to_fear-prejudice,2355,2379,"bad for evangelization,”"
727869189,Doubt,5091,5216,"Could we possibly say, for instance, that it’s impossible to judge the presidency of Donald Trump relative to past presidents"
727869189,Loaded_Language,1136,1167,a genuinely surprising position
727869189,Loaded_Language,1708,1771,a combination of rhetorical tricks and soft-peddled Hegelianism
727869189,Loaded_Language,2622,2641,a lovely suggestion
727869189,Loaded_Language,4033,4049,rank historicism
727869189,Thought-terminating_Cliches,4544,4615,There are different responses to the same question in different times.”
727869189,Loaded_Language,4933,4956,has a dog in this fight
727869189,Causal_Oversimplification,2172,2334,"For Faggioli, the implication is that at least 50 percent of German Catholic children never see their parents receive communion and lose their faith because of it"
727869189,Doubt,4332,4473,Were priests throughout history in fact misleading their divorced and remarried parishioners by telling them they could not receive communion
727869189,Appeal_to_fear-prejudice,5557,5773,"If we don’t, we will find ourselves, in the words of Pope Benedict, in “a dictatorship of relativism that does not recognize anything as definitive and whose ultimate goal consists solely of one’s own ego and desires"
728169864,Loaded_Language,423,440,blatant hypocrisy
728169864,"Name_Calling,Labeling",1628,1642,“Dirty Bomber”
728169864,"Name_Calling,Labeling",2632,2640,arrogant
728169864,"Name_Calling,Labeling",2644,2651,jealous
728169864,"Name_Calling,Labeling",2655,2662,selfish
728169864,"Name_Calling,Labeling",2666,2674,spiteful
728169864,"Name_Calling,Labeling",2678,2684,greedy
728169864,"Name_Calling,Labeling",2688,2694,cursed
728169864,"Name_Calling,Labeling",2698,2712,apes and swine
728169864,"Name_Calling,Labeling",3161,3184,perverted transgressors
728169864,Loaded_Language,5517,5525,venomous
728169864,Loaded_Language,2720,2744,under divine displeasure
728169864,Loaded_Language,4125,4132,barking
728169864,Black-and-White_Fallacy,6198,6259,Failure to do so exposes the party’s liberal agenda as a sham
728169864,"Name_Calling,Labeling",0,8,Anti-Gay
728169864,Doubt,2747,2878,"This may seem an innocent mistake on the imam’s part, but his actions against the gay community and sinister views are anything but"
728169864,"Name_Calling,Labeling",5313,5330,white supremacist
728169864,Slogans,5753,5774,a man to believe in!”
728343601,"Name_Calling,Labeling",125,144,a paedophile priest
728343601,Loaded_Language,1451,1492,"tired of fighting, crying and suffering,"""
728343601,Loaded_Language,1952,1976,doing all the dirty work
728343601,Appeal_to_fear-prejudice,2865,2889,don't be like the others
728343601,"Name_Calling,Labeling",4630,4651,disgraced predecessor
728343601,"Name_Calling,Labeling",4694,4712,paedophile priests
728343601,Loaded_Language,1025,1047,dramatically disrupted
728343601,Loaded_Language,1673,1744,horror of having experienced this abuse and how I wanted to kill myself
728680557,Loaded_Language,663,699,the three bishops solemnly professed
728680557,Loaded_Language,1475,1537,in defense of the sanctity and the indissolubility of marriage
728680557,Loaded_Language,1624,1748,"will proclaim, with all clarity, unambiguity and beauty, the sanctity of marriage, and of the family, and of the Eucharist,”"
728680557,Loaded_Language,1990,2203,a beautiful common voice defending the sanctity and the indissolubility of marriage in the midst of a real neo-pagan society where divorce has become a plague and where sexual depravity is increasingly spreading.”
728758697,Appeal_to_Authority,819,1036,"I regard him as an outstanding human being who commands a following of individuals who are learned and articulate and he plays a big role in the lives of thousands and thousands and thousands and thousands of people,”"
728758697,Flag-Waving,1512,1599,"Would a Republican get a pass on meeting with a racist hate group leader?
Obviously not"
728758697,Causal_Oversimplification,1697,1788,"Don't expect it to condemn Rep. Davis' comments.
He was just saying what most of them think"
728758697,"Bandwagon,Reductio_ad_hitlerum",1232,1383,"Farrakhan had praised Hitler and declared that the Jews, ""can't say 'Never Again' to God, because when he puts you in the ovens, you're there forever.”"
728758697,"Bandwagon,Reductio_ad_hitlerum",1384,1511,"""Here come the Jews.
They don't like Farrakhan, so they call me Hitler.
Well, that's a good name.
Hitler was a very great man."""
728758697,"Name_Calling,Labeling",31,49,Loving Anti-Semite
728758697,"Whataboutism,Straw_Men,Red_Herring",51,89,The media is very interested in racism
728758697,Thought-terminating_Cliches,1456,1509,"Well, that's a good name.
Hitler was a very great man"
728758697,Doubt,1512,1584,Would a Republican get a pass on meeting with a racist hate group leader
728758697,"Whataboutism,Straw_Men,Red_Herring",1790,1836,The media is happy to talk about anti-Semitism
728972961,Loaded_Language,4679,4734,I refuse to contribute to the destruction of the Church
728972961,Repetition,4852,4878,You destroyed the Church.”
728972961,Repetition,4757,4778,destroying the Church
728972961,Black-and-White_Fallacy,8558,8706,"You have no authority to compose this schema, because it is a theological thesis and therefore within the competence of the Theological Commission.”"
728972961,Repetition,10317,10328,Freemasonry
728972961,Repetition,10257,10268,Freemasonry
728972961,Repetition,10157,10168,Freemasonry
728972961,Repetition,14308,14334,in the name of the Council
728972961,Repetition,16330,16349,destroys the Church
728972961,Repetition,21472,21486,smoke of Satan
728972961,Appeal_to_fear-prejudice,25147,25202,"And if He is God, we must give Him the adoration of God"
728972961,Appeal_to_fear-prejudice,29700,29756,It is impossible to do all this without God’s assistance
728972961,Slogans,1400,1451,"Stay in the fight!
Keep the Faith.
Never surrender!"
728972961,Loaded_Language,1692,1733,the infallible teachings of Mother Church
728972961,Loaded_Language,3486,3521,"a mutation, a change, in the Church"
728972961,Repetition,4910,4935,destruction of the Church
728972961,Loaded_Language,5126,5152,the mutation in the Church
728972961,Loaded_Language,9021,9032,Impossible!
728972961,Appeal_to_Authority,8744,8930,"I do have the right to compose this schema because if anything concerns Christian Unity it is religious liberty, and I am the President of the Secretariat for Promoting Christian Unity.”"
728972961,Repetition,10381,10392,Freemasonry
728972961,Repetition,10646,10670,a mutation in the church
728972961,Causal_Oversimplification,11014,11181,"if the reforms are bad, then it is impossible that the Council is good and all the reforms are bad, because that is the authentic interpretation of the Council by Rome"
728972961,Loaded_Language,12301,12319,"very, very anxious"
728972961,Loaded_Language,13047,13074,in the name of the Holy See
728972961,Black-and-White_Fallacy,15155,15273,"We must tolerate - have tolerance for the error - but never give the same right to error and truth.
That is impossible"
728972961,Repetition,19505,19515,impossible
728972961,"Name_Calling,Labeling",20640,20667,he is an infamous Freemason
728972961,Loaded_Language,21257,21271,smoke of Satan
728972961,Loaded_Language,23063,23083,the devil is in Rome
728972961,Loaded_Language,23852,23867,sensual dancing
728972961,Repetition,19826,19840,That is a fact
728972961,Loaded_Language,24223,24265,"Ay.
Impossible.
Impossible.
No, no, no, no"
728972961,Doubt,26467,26505,the pope is not man of true conviction
728972961,Appeal_to_fear-prejudice,27636,27698,"if I do that, then I betray my mother, the Church.
The Church!"
728972961,Loaded_Language,154,169,desperate state
728972961,"Name_Calling,Labeling",762,780,diabolical debacle
728972961,Appeal_to_fear-prejudice,5422,5563,"if the Church continues to remain under the influence of the prince of the revolution, then, in the future a crisis will come upon the Church"
728972961,Repetition,7402,7433,"They said that.
They wrote that"
728972961,Loaded_Language,9033,9073,"We were in a very sad, serious situation"
728972961,Repetition,10921,10947,In the name of the Council
728972961,Flag-Waving,12446,12519,I do everything possible for the Council and the Catholics in our country
728972961,Appeal_to_fear-prejudice,12770,12902,"in the name of the Declaration of Religious Freedom [of Vatican II], we ask the President to remove this article in the Constitution"
728972961,Appeal_to_fear-prejudice,14336,14489,"We must take care, because this change in the church is a liberal change.
The liberal principles have entered the Church now, and they destroy the Church"
728972961,Repetition,15033,15043,Impossible
728972961,Repetition,15556,15636,"The authority comes from God.
Not from the people.
Not from the masses.
From God"
728972961,Repetition,15667,15687,democratic principle
728972961,Repetition,15735,15748,in the masses
728972961,Repetition,16460,16472,hierarchical
728972961,Repetition,16699,16716,That is hierarchy
728972961,Repetition,17455,17472,I do not say that
728972961,Repetition,17779,17789,the belief
728972961,Repetition,18033,18041,No faith
728972961,Repetition,18773,18795,They learn nothing now
728972961,Doubt,19864,20009,"How is it possible that the pope gives the authorization to this change?
How is it possible the pope signed this decree?
Signed this constitution"
728972961,Repetition,20026,20038,I don’t know
728972961,Repetition,20061,20074,A big mystery
728972961,Repetition,20344,20356,I don’t know
728972961,Repetition,20775,20802,"I don’t know.
We don’t know"
728972961,Repetition,20938,20952,we do not know
728972961,Repetition,21005,21013,Not pope
728972961,Repetition,22844,22857,I do not know
728972961,Appeal_to_fear-prejudice,23221,23282,"Because if this crisis continues, many people will go to hell"
728972961,Loaded_Language,23956,23965,sacrilege
728972961,Repetition,23995,24012,That is sacrilege
728972961,Repetition,24239,24249,Impossible
728972961,Repetition,24384,24401,Against our faith
728972961,Repetition,25136,25145,Essential
728972961,Repetition,27300,27320,I know him very well
728972961,Repetition,29873,29894,That we cannot change
728972961,Repetition,29921,29944,The Church is tradition
728972961,Thought-terminating_Cliches,29968,29998,I thank you for your attention
729303442,Doubt,303,504,"But Jewish groups on and off campus have denounced the report as flawed, saying it missed the significance of an anti-Semitic text circulated online before Noah Lew was removed from the board last fall"
729303442,Loaded_Language,1489,1525,a target was placed squarely upon me
729303442,Causal_Oversimplification,1450,1552,"My Jewish identity was now public, and a target was placed squarely upon me by the McGill BDS movement"
729303442,Loaded_Language,1555,1564,An outcry
729303442,"Name_Calling,Labeling",2878,2914,anti-Semitic tropes of Jewish people
729303442,Doubt,2953,3233,"The Jewish groups said this anti-Semitic rhetoric “was used to encourage students to vote specifically against Noah Lew.
It is under this context that the (general assembly) occurred, and the report fundamentally misunderstands this, which alters the entire findings of the report"
729303442,"Exaggeration,Minimisation",4046,4083,absolutely no place for anti-Semitism
729303442,Loaded_Language,1303,1326,overwhelmingly approved
729303442,"Name_Calling,Labeling",3659,3670,a whitewash
729348908,Appeal_to_fear-prejudice,1976,2018,a holy war between Muslims and non-Muslims
729348908,Doubt,380,567,"in the application process, he lied to military recruiters about a recent trip he'd taken to Jordan in a failed attempt to make contact with the Islamic State and join a ""real Muslim Army"
729348908,"Exaggeration,Minimisation",1749,1847,"he wanted to do something “bigger, better, and more purposeful” – like dying in the cause of Allah"
729348908,"Name_Calling,Labeling",2823,2831,a martyr
729348908,Doubt,2673,2886,"In the process, however, he misidentified Hasan as Nidal Hussein and said the shooting happened at Fort Knox in Kentucky.
He also said Hasan had died a martyr, though in fact he remains alive on military death row"
729348908,Flag-Waving,2020,2177,"He also sang an Islamic State fight song and recalled making a replica of the group’s flag.
He said he wanted to replace his neighbor’s American flag with it"
729348908,Doubt,3669,3812,"Patel agreed to bring it by, but two days later he told the State Department he had accidentally thrown it away in October and needed a new one"
729368012,Loaded_Language,10584,10594,"""disaster"""
729368012,"Name_Calling,Labeling",10584,10612,"""disaster"" potential witness"
729368012,Doubt,6367,6477,"Of course, we know what Obama did with his daily briefings.
They are somewhere in the White House sewer system"
729368012,Doubt,8080,8091,purportedly
729410793,Loaded_Language,29,77,blessing’ for gay unions is ‘truly…sacrilegious’
729410793,Loaded_Language,316,397,"Marx’s idea “truly seems sacrilegious” and “ignores the clear Revelation of God,”"
729410793,Black-and-White_Fallacy,657,705,homosexuality always contradicts the Will of God
729410793,Appeal_to_Authority,708,752,citing church teaching through the centuries
729410793,Causal_Oversimplification,754,1017,"Rather than being about receiving “God’s assistance for themselves,” those engaging in sodomy and wishing to have it “blessed” by the Church “aim with their request at the recognition and acceptance of their homosexual way of life and its ecclesial valorization.”"
729410793,Appeal_to_Authority,1018,1342,"The Catechism of the Catholic Church teaches that “under no circumstances” can homosexual activity “be approved” as it is “intrinsically disordered.” Such acts are “contrary to the natural law.
They close the sexual act to the gift of life.
They do not proceed from a genuine affective and sexual complementarity” (CCC 2357)"
729410793,Thought-terminating_Cliches,1563,1603,I do not really see any problems there.”
729410793,Black-and-White_Fallacy,3356,3482,"“Any such ‘blessing rite’ would cooperate in a morally forbidden act, no matter how sincere the persons seeking the blessing,”"
729410793,Appeal_to_fear-prejudice,3510,3676,"such a “blessing” would encourage people to continue living in a way the Church considers gravely sinful and spiritually damaging, and therefore would be uncharitable"
729410793,Loaded_Language,4126,4166,as children of God with inherent dignity
729410793,Black-and-White_Fallacy,4237,4365,"there is no truth, no real mercy, and no authentic compassion, in blessing a course of action that leads persons away from God.”"
729410793,Appeal_to_Authority,4586,4678,"Jesus said the truth will make us free.
Nowhere did he suggest it will make us comfortable.”"
729410793,"Exaggeration,Minimisation",841,847,sodomy
729549972,Repetition,2356,2371,record-breaking
729549972,"Name_Calling,Labeling",1303,1321,"the ""Pale Blue Dot"
729549972,"Name_Calling,Labeling",1413,1431,the 'Pale Blue Dot
729549972,"Exaggeration,Minimisation",14,33,farthest ever image
729549972,"Exaggeration,Minimisation",1652,1701,the most-distant course-correction manoeuvre ever
729549972,"Exaggeration,Minimisation",1845,1888,the farthest planetary encounter in history
729549972,"Exaggeration,Minimisation",2347,2381,the next record-breaking encounter
729549972,Loaded_Language,2356,2371,record-breaking
729549972,Loaded_Language,154,169,record-breaking
729561658,Repetition,754,778,continent; not a country
729561658,Thought-terminating_Cliches,809,833,just so we're clear here
729561658,Repetition,1033,1052,it is not a country
729561658,Doubt,1494,1738,"Australia is both a country and a continent.
It's the only country that is both.
I provided a resource in the first email that clarifies that for you.
If you need further clarification google or the SNHU Shapiro Library has that information you"
729561658,Repetition,1494,1537,Australia is both a country and a continent
729561658,Doubt,39,89,her professor believed Australia 'is not a country
729561658,Doubt,251,312,"the professor incorrectly thought Australia ""is not a country"
729561658,Doubt,1007,1052,Australia is a continent; it is not a country
729578579,Doubt,645,742,"the accusations are, after all, still lies, and that there’s still “no evidence” against Barros…?"
729578579,Thought-terminating_Cliches,6851,6898,"Lie big, lie often, and when caught, keep lying"
729578579,Thought-terminating_Cliches,16495,16517,who am I to judge him?
729578579,Doubt,18426,18473,"We cool and hip people don’t hate gays, do we?”"
729578579,Repetition,21886,21905,secular journalists
729578579,"Name_Calling,Labeling",225,260,his good friend Bishop Juan Barros?
729578579,"Name_Calling,Labeling",368,403,the convicted sex-predator Karadima
729578579,Loaded_Language,604,636,had apologised-except-not-really
729578579,Doubt,1794,1861,It also calls into question his stated empathy with abuse survivors
729578579,Appeal_to_Authority,3538,3671,"I am the pope, I do not need to give reasons for any of my decisions.
I have decided that they have to leave and they have to leave.”"
729578579,"Name_Calling,Labeling",6929,6946,secular reporters
729578579,"Name_Calling,Labeling",7133,7153,predatory homosexual
729578579,Thought-terminating_Cliches,7731,7744,No evidence.”
729578579,Loaded_Language,13378,13403,for the strong-of-stomach
729578579,"Name_Calling,Labeling",14278,14294,papal apologists
729578579,Thought-terminating_Cliches,16987,17002,so many lobbies
729578579,"Name_Calling,Labeling",18429,18448,cool and hip people
729578579,Loaded_Language,18738,18761,astoundingly brazen lie
729578579,Loaded_Language,18932,18958,nudge-nudge-wink-wink joke
729578579,Loaded_Language,19546,19578,Squandering the capital of trust
729578579,Loaded_Language,21375,21389,watched aghast
729578579,Loaded_Language,21538,21553,dizzying detail
729578579,"Name_Calling,Labeling",21766,21785,secular journalists
729578579,"Name_Calling,Labeling",22024,22037,habitual liar
729578579,Loaded_Language,22774,22811,blatantly using lies and manipulation
729578579,Appeal_to_fear-prejudice,23321,23414,"if Paul VI is canonised, their loss of faith in the Church as an institution will be complete"
729578579,Loaded_Language,23700,23714,shouting match
729578579,Loaded_Language,23757,23780,vicious temper tantrums
729578579,Loaded_Language,23823,23867,terrorising his subordinates into submission
729578579,Loaded_Language,24443,24488,apparently unbreachable shell of papal teflon
729578579,Loaded_Language,421,428,calumny
729578579,Loaded_Language,509,513,pain
729578579,Loaded_Language,1090,1106,dropped the bomb
729578579,Repetition,6046,6058,in his hands
729578579,Thought-terminating_Cliches,7201,7218,Who am I to judge
729578579,Loaded_Language,8306,8314,flagrant
729578579,Loaded_Language,8907,8922,under his thumb
729578579,"Exaggeration,Minimisation",9194,9218,lie big and lie brazenly
729578579,"Name_Calling,Labeling",13405,13432,A virtuoso performance-liar
729578579,Loaded_Language,13500,13507,mastery
729578579,Loaded_Language,13997,14021,blatant and enormous lie
729578579,Loaded_Language,14627,14644,thoroughly vetted
729578579,Loaded_Language,14809,14822,duly rewarded
729578579,Appeal_to_fear-prejudice,15614,15630,That is a danger
729578579,Loaded_Language,17741,17758,violently opposed
729578579,Loaded_Language,18366,18386,"nonsense, propaganda"
729578579,Appeal_to_Authority,18656,18706,We are simply asked to take the pope’s word for it
729578579,Loaded_Language,19054,19073,hysterical nonsense
729578579,Loaded_Language,19377,19401,intrinsically disordered
729578579,Loaded_Language,19466,19544,a serious emotional dysfunction that “must” preclude a man from being ordained
729578579,Loaded_Language,21304,21337,one of the great confidence scams
729578579,Appeal_to_fear-prejudice,22303,22521,"They warn that the general loss of trust in institutions leads to a general state of chaos, in which laws on the books matter little as citizens turn to their last resort of protecting themselves and their own families"
729578579,"Name_Calling,Labeling",22719,22752,professional confidence trickster
729578579,Loaded_Language,24898,24905,horrors
729578579,Loaded_Language,25127,25146,slander and calumny
729578579,Doubt,26581,26625,Not that anyone in Rome was trying very hard
729581752,Appeal_to_Authority,2235,2354,researchers say it will have very little effect on the overall global warming trend that mankind has created for itself
729581752,Thought-terminating_Cliches,38,67,but scientists aren’t worried
729651527,Loaded_Language,1668,1688,layers of corruption
729651527,Doubt,1658,1763,alleging “layers of corruption” within the student government and favouritism in appointing board members
729651527,Slogans,2760,2775,punch a zionist
729651527,"Exaggeration,Minimisation",3131,3159,there is absolutely no place
729651527,Appeal_to_fear-prejudice,3704,3867,"However, he said any Jewish students thinking of being involved in student politics or activism “will have encounters that are profoundly disturbing and unpleasant"
729651527,"Whataboutism,Straw_Men,Red_Herring",3870,3977,"He said McGill is not alone in this respect, as this is a continent-wide phenomenon within student politics"
729668796,Loaded_Language,2351,2361,outrageous
729668796,Flag-Waving,68,96,Christian Identity of Europe
729668796,Repetition,545,585,Christian identity of Hungary and Europe
729668796,Repetition,1270,1353,We will fight those who want to change the Christian identity of Hungary and Europe
729668796,Loaded_Language,2090,2115,unacceptable and shocking
729668796,Loaded_Language,3756,3776,flood of antichrists
729668796,Repetition,2118,2184,Hungary has never admitted and will never admit illegal immigrants
729668796,Repetition,3361,3376,Muslim invaders
729668796,Black-and-White_Fallacy,3804,3940,"Were the Ammonites and Moabites not kept out of the assembly of Israel because of their hatred of the people of God?
(Deuteronoy 23:3-6)"
729668796,Repetition,296,361,"fight those who want to change the Christian Identity of Europe."""
729668796,Loaded_Language,1938,2047,"Hungary will not become an immigrant country, it has never admitted and will never admit illegal immigrants."""
729668796,Loaded_Language,3341,3418,ordered all illegal Muslim invaders to get out of Hungary and never come back
729668796,"Name_Calling,Labeling",3361,3376,Muslim invaders
729668796,Flag-Waving,3647,3663,openly Christian
729668796,Appeal_to_fear-prejudice,2854,2939,people with immigrant backgrounds have committed 27 major terrorist attacks in Europe
729668796,Black-and-White_Fallacy,3997,4124,"one cannot allow such an influx into the country, or all you are asking for is the judgments God warned about in Deuteronomy 28"
729668796,Flag-Waving,238,251,Hungary First
729668796,Slogans,238,251,Hungary First
729668796,Flag-Waving,476,500,"For us, Hungary is first"
729668796,Slogans,476,500,"For us, Hungary is first"
729668796,Flag-Waving,815,828,America First
729668796,Slogans,815,828,America First
729668796,Repetition,1242,1266,"For us, Hungary is first"
729668796,Flag-Waving,1938,2045,"Hungary will not become an immigrant country, it has never admitted and will never admit illegal immigrants"
729668796,Appeal_to_fear-prejudice,3027,3081,the threat of terrorism becomes an everyday regularity
729668796,Thought-terminating_Cliches,4133,4142,well done
729670169,Loaded_Language,1399,1417,cataclysmic damage
729670169,"Name_Calling,Labeling",1857,1886,"sub-standard ""informal"" homes"
729940206,Loaded_Language,571,609,a perfect storm of sociology stupidity
729940206,Thought-terminating_Cliches,1178,1216,You really don't need to know anything
729940206,Repetition,1866,1874,my truth
729940206,Loaded_Language,327,337,corrupting
729940206,Doubt,251,402,Sociology helped generate a whole range of fake new academic subjects while corrupting existing ones into a toxic stew of racism and meaningless jargon
729940206,"Exaggeration,Minimisation",522,540,absolute ignorance
729940206,Loaded_Language,1039,1046,shocked
729940206,Doubt,1167,1216,"Sociology.
You really don't need to know anything"
729940206,Doubt,1218,1282,"The professor, who has a PhD in philosophy...
Of course she does"
729940206,"Name_Calling,Labeling",1838,1859,"the age of, ""My truth"
729940206,Loaded_Language,357,402,a toxic stew of racism and meaningless jargon
730019938,"Whataboutism,Straw_Men,Red_Herring",1024,1029,white
730019938,"Whataboutism,Straw_Men,Red_Herring",2665,2703,a black gunman shooting two white cops
730019938,Loaded_Language,2618,2759,"I can't think of anything less irrelevant than a black gunman shooting two white cops--after five years of the ""Blacks Lives Matter"" movement"
730149656,Repetition,3428,3433,Satan
730149656,Repetition,3486,3491,Satan
730149656,Loaded_Language,5251,5267,obscene travesty
730149656,Loaded_Language,3017,3025,venomous
730149656,Repetition,3526,3531,Satan
730149656,Loaded_Language,216,220,hate
730149656,Loaded_Language,225,241,even mass murder
730149656,Loaded_Language,1742,1762,incredibly offensive
730149656,"Name_Calling,Labeling",2379,2395,monkeys and pigs
730149656,"Name_Calling,Labeling",2639,2680,greatest leader in modern Western history
730149656,Repetition,3371,3376,Satan
730149656,Black-and-White_Fallacy,4647,4905,"If the board members of Crime Stoppers and Citizens’ Crime Watch do not wish to be associated with anti-Semitism or white supremacism or Hamas or Holocaust denial or Steve Anderson or David Duke or Louis Farrakhan, then they must cut ties with Sofian Zakkout"
730149656,"Name_Calling,Labeling",7,20,Crime Stopper
730149656,Causal_Oversimplification,306,398,making the claim that Jews have experienced such abuse because they have somehow been cursed
730149656,Causal_Oversimplification,1493,1574,‘Cause they’re under the curse of God for having rejected the Lord Jesus Christ.”
730149656,Slogans,3070,3104,"“David Duke, a man to believe in!”"
730149656,Slogans,3832,3846,“We are Hamas”
730149656,Slogans,3851,3868,“Let’s go Hamas.”
730149656,Flag-Waving,5049,5068,the American public
730149656,Appeal_to_fear-prejudice,5147,5185,documented threat to national security
730222442,Loaded_Language,170,230,is tumbling chaotically as the result of a violent collision
730222442,Repetition,2349,2369,its topsy-turvy spin
730237078,Loaded_Language,188,196,stunning
730237078,Thought-terminating_Cliches,657,681,"Yeah, it’s kind of crazy"
730237078,"Exaggeration,Minimisation",33,50,a record-breaking
730237078,Loaded_Language,106,136,fancy image-gathering hardware
730237078,"Exaggeration,Minimisation",516,581,a greatest distance from Earth than any in the history of mankind
730237078,"Exaggeration,Minimisation",1030,1062,fastest spacecraft ever launched
730237078,"Exaggeration,Minimisation",1234,1283,farther from Earth than any spacecraft in history
730237078,Loaded_Language,35,50,record-breaking
730237078,Loaded_Language,312,341,gorgeously detailed eye candy
730268758,Repetition,2346,2365,extremely dangerous
730268758,"Name_Calling,Labeling",34,58,principal in a cover-up’
730268758,Loaded_Language,259,282,a “classic” move of his
730268758,"Name_Calling,Labeling",320,336,sexual predators
730268758,"Name_Calling,Labeling",517,535,"predator priests,”"
730268758,"Name_Calling,Labeling",686,703,classic Bergoglio
730268758,"Name_Calling,Labeling",1414,1439,"principal in a cover-up,”"
730268758,"Name_Calling,Labeling",2006,2036,infamous Chilean priest abuser
730268758,Loaded_Language,2088,2117,scandal of epic proportions.”
730268758,Loaded_Language,5051,5097,violating his seal of Confession with Karadima
730268758,Loaded_Language,6052,6068,begging the Pope
730268758,"Exaggeration,Minimisation",6213,6298,"The whole of Latin America, including Argentina, was well aware of what was happening"
730268758,"Exaggeration,Minimisation",6587,6706,there were never any cases of clerical abuse in the entirety of the two-million-plus member Archdiocese of Buenos Aires
730268758,Repetition,6748,6765,"predator priest,”"
730268758,"Name_Calling,Labeling",7129,7163,"a grooming gang, a predator priest"
730268758,Loaded_Language,7654,7680,to be haunting this papacy
730268758,Loaded_Language,320,336,sexual predators
730268758,Loaded_Language,728,737,predators
730268758,"Bandwagon,Reductio_ad_hitlerum",2539,2621,"Well if the Pope is not going to intervene and impose zero tolerance, why should I"
730268758,"Name_Calling,Labeling",3350,3357,calumny
730268758,Loaded_Language,3527,3534,slander
730268758,Loaded_Language,4818,4839,incredibly frustrated
730268758,Loaded_Language,7131,7163,"grooming gang, a predator priest"
730268758,Loaded_Language,7186,7193,heinous
730389374,Loaded_Language,1684,1706,"lies"" and ""ridiculous"""
730389374,Loaded_Language,1801,1821,monumental stupidity
730389374,Doubt,3517,3611,Has President Trump thought through where we are going with this deepening commitment in Syria
730389374,Flag-Waving,1530,1634,"If you (Americans) are committed to countering Iran in the region, then you must do so in Syria--first."""
730389374,"Name_Calling,Labeling",2955,2970,bargaining chip
730389374,Loaded_Language,3239,3255,Erdogan exploded
730389374,Black-and-White_Fallacy,4016,4053,"active diplomacy, not military action"
730389374,Flag-Waving,4439,4598,"What outcome would justify another U.S. war in a region where all the previous wars in this century have left us bleeding, bankrupt, divided and disillusioned?"
730389374,Loaded_Language,4552,4598,"bleeding, bankrupt, divided and disillusioned?"
730389374,Flag-Waving,4400,4438,what would be the U.S. vital interest?
730389374,Doubt,4599,4659,"When he was running , Donald Trump seemed to understand this"
730559808,Appeal_to_fear-prejudice,5353,5419,"but if one dares something, one might win, but one also can perish"
730559808,Black-and-White_Fallacy,955,993,there is only one Catholic answer: No!
730559808,Loaded_Language,998,1088,"your addition “in individual cases” is absolutely worthless, it has no argumentative force"
730559808,"Exaggeration,Minimisation",1251,1341,"Why not, one could say, since the Church is ready to bless nearly everything on the earth?"
730559808,Black-and-White_Fallacy,2544,2640,"only then when there is a blessing upon a cause or a project, will something good come out of it"
730559808,Black-and-White_Fallacy,3006,3186,"That is to say, one could not consecrate a brothel, one could not bless a concentration camp or weapons which are not explicitly ordained for hunting or for legitimate self-defense"
730559808,"Bandwagon,Reductio_ad_hitlerum",3215,3490,"one may not bless a relationship which is sinful; [one may not bless] the mafia; no blessing for organizations or institutions which promote or procure abortions or which propagate ideologies which are against the Faith, antisemitic contents, or other forms of racist thought"
730559808,Causal_Oversimplification,3492,3611,"If one considers and weighs this matter, one knows: one may not bless a union of two homosexual men or of lesbian women"
730559808,Thought-terminating_Cliches,3953,4017,This position which is really simple and easily to be understood
730559808,"Bandwagon,Reductio_ad_hitlerum",4279,4361,"I am sure there are many many others, too, who think alike, but whom I do not know"
730559808,Black-and-White_Fallacy,4404,4442,there is only one Catholic answer: No!
730559808,"Exaggeration,Minimisation",5659,5889,"To contradict two popes – whom the Church has already “beatified” the one and “canonized” the other – so shortly after their deaths, and in such a radical and open manner, probably has never happened before in the Church's history"
730559808,Appeal_to_Authority,5891,5970,"Isaiah says that such people draw unto them God's punishment, with thick cords!"
730559808,Loaded_Language,5353,5419,"but if one dares something, one might win, but one also can perish"
730559808,"Bandwagon,Reductio_ad_hitlerum",1251,1341,"Why not, one could say, since the Church is ready to bless nearly everything on the earth?"
730559808,Causal_Oversimplification,2483,2640,"To bless always means that something shall flourish, because only then when there is a blessing upon a cause or a project, will something good come out of it"
730559808,Repetition,4357,4537,"know.
Dear Cardinal Marx and dear Bishop Bode, there is only one Catholic answer: No!
And your addition “in individual cases” is absolutely worthless, it has no argumentative force"
730559808,Appeal_to_fear-prejudice,5891,5969,"Isaiah says that such people draw unto them God's punishment, with thick cords"
730573740,Appeal_to_Authority,834,846,the cardinal
730573740,Loaded_Language,45,67,would be an ‘atrocity’
730573740,Black-and-White_Fallacy,983,1127,"If a priest blesses a homosexual couple, then this is an atrocity at a holy site, namely, to approve of something that God does not approve of.”"
730573740,Loaded_Language,1029,1063,this is an atrocity at a holy site
730573740,Loaded_Language,1338,1505,submissive change of the Church into a NGO for the embetterment of the this-worldly life conditions” is a “suicidal modernization” that denies mankind the Truth of God
730573740,Black-and-White_Fallacy,2177,2229,"In dogmatic questions, there cannot be a plurality,”"
730573740,Black-and-White_Fallacy,2240,2345,"There is only one Magisterium, he said, and bishops' conferences can only decide about pastoral questions"
730573740,Appeal_to_Authority,2479,2572,the Sacraments have to be celebrated the way Christ Himself willed it when he instituted them
730573740,Black-and-White_Fallacy,2682,2753,he who lives in the state of mortal sin cannot receive Holy Communion.”
730573740,Black-and-White_Fallacy,4118,4224,"The Commandments are an expression of the Love of God for us.
If we fulfill them, we are united with God.”"
730573740,"Name_Calling,Labeling",1302,1322,theocentric humanism
730573740,"Name_Calling,Labeling",1445,1467,suicidal modernization
730865684,Loaded_Language,105,113,barreled
730865684,Loaded_Language,2509,2520,devastation
730865684,Loaded_Language,2563,2570,skirted
731063195,Loaded_Language,592,599,amazing
731063195,Loaded_Language,119,127,stunning
731178960,Appeal_to_fear-prejudice,1943,2078,"A gird failure would almost immediately fling the United States into a state of panic, and it’s always good to be prepared just in case"
731511020,Loaded_Language,949,972,breathe its dying gasps
731513824,Appeal_to_Authority,1616,1905,"Stütz also quotes in the article itself Father Franz Harant, “a pastoral worker in the field of marriage and the family” at the Ursulinenkirche in Linz.
Harant himself shows himself a supporter of blessings for homosexual couples, and he makes here an explicit reference to Amoris Laetitia"
731513824,Appeal_to_Authority,2022,2251,"He sees himself in this in union with Pope Francis who himself says in his magisterial document Amoris Laetitia that “each person, independent of his sexual orientation, is to be respected in his dignity and welcomed with respect"
731513824,Loaded_Language,2537,2564,it has “an enormous power.”
731762731,Causal_Oversimplification,2388,2502,"If I don’t expect the Catholic Church to do anything, then I won’t be too disappointed when they don’t do anything"
731762731,"Name_Calling,Labeling",2683,2717,notorious Chilean pedophile priest
731762731,Loaded_Language,1184,1208,prayerful consideration”
731762731,Doubt,2262,2295,the church’s inertia on the issue
731762731,Loaded_Language,2311,2353,he has set his expectations at rock bottom
731762731,Loaded_Language,3701,3752,continues to be blind to what the church has done.”
731762731,Loaded_Language,2751,2758,slander
731762731,Doubt,3552,3585,I’ve seen little that has changed
731927633,Loaded_Language,2063,2092,increasingly vicious struggle
731927633,Slogans,2434,2444,Stop Soros
731927633,"Name_Calling,Labeling",2784,2797,puppet master
731927633,"Bandwagon,Reductio_ad_hitlerum",3450,3514,compared Orban unfavourably to both the Nazis and the Communists
731927633,Flag-Waving,962,1016,Orban poses as a saviour of Europe's Christian nations
731927633,Flag-Waving,1019,1053,Christianity is Europe's last hope
731927633,Appeal_to_fear-prejudice,1190,1224,our worst nightmares can come true
731927633,Appeal_to_fear-prejudice,1226,1280,The West falls as it fails to see Europe being overrun
731927633,Flag-Waving,1973,2004,a direction different from ours
731927633,Appeal_to_fear-prejudice,2237,2323,"the danger we face comes from the West, from politicians in Brussels, Berlin and Paris"
731927633,Loaded_Language,2798,2832,unleashing immigration onto Europe
732154721,Appeal_to_fear-prejudice,1172,1283,"the Islamic civilization, which always considers its vocation to convert Europe to what it calls the true faith"
732154721,"Bandwagon,Reductio_ad_hitlerum",2755,2819,compared Orbán unfavourably to both the Nazis and the Communists
732154721,Flag-Waving,281,318,“Christianity is Europe's last hope.”
732154721,Flag-Waving,397,530,"European nations which have encouraged migration have, “opened the way to the decline of Christian culture and the advance of Islam.”"
732154721,"Name_Calling,Labeling",1930,1965,a funnel for anti-nationalist views
732154721,"Name_Calling,Labeling",2607,2666,"Soros, 87, whose name was used in a tough anti-migrant bill"
732154721,Slogans,27,61,Christianity is Europe’s last hope
732154721,Slogans,281,318,“Christianity is Europe's last hope.”
732154721,Appeal_to_fear-prejudice,987,1153,"Western Europe becomes saturated with Muslim occupants, Islamists would soon seek to stream in to his country from both Western Europe as well as from Islamic nations"
732154721,"Name_Calling,Labeling",2384,2427,foreigner meddling in his country’s affairs
732610971,"Name_Calling,Labeling",1703,1715,the traitors
732610971,Slogans,434,471,“Christianity is Europe’s last hope.”
732610971,Slogans,2014,2024,Stop Soros
732610971,"Name_Calling,Labeling",2167,2179,public enemy
732610971,"Bandwagon,Reductio_ad_hitlerum",2297,2360,compared Orban unfavorably to both the Nazis and the Communists
732610971,Repetition,200,223,the invasion of Muslims
732610971,Repetition,295,311,migrant invasion
732610971,Flag-Waving,434,471,“Christianity is Europe’s last hope.”
732610971,Flag-Waving,1386,1457,"Christianity is not Europe's ""last hope,"" it's the world's ""only hope."""
732610971,Repetition,1774,1789,Muslim invaders
732610971,Black-and-White_Fallacy,3359,3444,The fight isn't hopeless for those whose hope is in the Lord and will stay the course
732610971,Appeal_to_fear-prejudice,543,636,"“our worst nightmares can come true.
The West falls as it fails to see Europe being overrun.”"
732610971,Flag-Waving,1317,1358,as a savior of Europe’s Christian nations
732610971,Flag-Waving,1649,1678,direction different from ours
732610971,Loaded_Language,2211,2217,ruined
732610971,"Name_Calling,Labeling",2246,2259,mafia network
732708002,"Name_Calling,Labeling",3040,3055,abusive priests
732708002,Repetition,3646,3662,predator priests
732708002,Loaded_Language,3716,3750,park” the priest out of harm’s way
732708002,"Name_Calling,Labeling",4228,4263,"toothless, paper-shuffling exercise"
732708002,Loaded_Language,5483,5517,"had caused ""great pain” to victims"
732708002,Loaded_Language,4228,4263,"toothless, paper-shuffling exercise"
732708002,"Name_Calling,Labeling",5204,5211,lefties
732708002,Doubt,5519,5604,"If Francis was not listening to the commission about Barros, whom was he listening to"
733754480,Appeal_to_Authority,91,149,the man considered to be the country’s largest arms dealer
733754480,Appeal_to_Authority,719,792,the arms trafficking operation had been dismantled with Barbieri’s arrest
734265267,Repetition,3861,3897,ICE help keep our communities safe.”
734265267,Repetition,3186,3261,ICE’s commitment regarding the role we play in keeping our communities safe
734265267,Repetition,4118,4257,"agency’s ongoing efforts to protect the nation, uphold public safety, and protect the integrity of our immigration laws and border controls"
734265267,Flag-Waving,4135,4164,efforts to protect the nation
734265267,Flag-Waving,4192,4257,protect the integrity of our immigration laws and border controls
735090638,"Exaggeration,Minimisation",2486,2532,And Dems have become honorary members of MS-13
735090638,"Name_Calling,Labeling",122,142,radical leftist boss
735090638,Loaded_Language,912,934,this reckless decision
735090638,Appeal_to_Authority,893,970,“making clear that this reckless decision was based on her political agenda.”
735090638,Appeal_to_Authority,1087,1168,some of them were able to elude us thanks to the mayor’s irresponsible decision.”
735090638,Loaded_Language,1144,1166,irresponsible decision
735090638,"Whataboutism,Straw_Men,Red_Herring",1877,1887,a Democrat
735090638,Appeal_to_Authority,2415,2466,"community's a lot less safe than it would've been."""
735090638,"Exaggeration,Minimisation",256,269,quite clearly
735090638,"Name_Calling,Labeling",2138,2169,a gang lookout yelling ‘police’
735265649,"Exaggeration,Minimisation",2028,2040,who betrayed
735265649,"Whataboutism,Straw_Men,Red_Herring",169,177,Democrat
735265649,"Whataboutism,Straw_Men,Red_Herring",905,915,Democratic
735265649,Appeal_to_Authority,1169,1383,mayor’s decision to publicize her suspicions about ICE operations further increased that risk for my officers and alerted criminal aliens — making clear that this reckless decision was based on her political agenda
735265649,Loaded_Language,1332,1349,reckless decision
735265649,Appeal_to_Authority,1385,1536,"Unlike the politicians who attempt to undermine ICE’s critical mission, our officers will continue to fulfill their sworn duty to protect public safety"
735265649,Appeal_to_Authority,1538,1599,True to the left's support for criminality over law and order
735265649,Appeal_to_Authority,1865,2088,"criminal convictions and other public safety threats ""remain at large"" in the area -- an indeterminate number of whom may have been tipped off by a Democrat mayor who betrayed the law-abiding citizens of Northern California"
735265649,Appeal_to_fear-prejudice,1235,1306,further increased that risk for my officers and alerted criminal aliens
735265649,Flag-Waving,1457,1536,our officers will continue to fulfill their sworn duty to protect public safety
735265649,Loaded_Language,1919,1934,remain at large
735265649,Loaded_Language,2028,2040,who betrayed
735815173,Repetition,3467,3476,whitewash
735815173,Loaded_Language,914,942,awkward attempt to whitewash
735815173,"Bandwagon,Reductio_ad_hitlerum",1250,1437,"Farrakhan has calledJews “the enemy of God and the enemy of the righteous,” and said Jews were responsible for the 9/11 terror attacks and the rise of the Ku Klux Klan in the 20th century"
735815173,Thought-terminating_Cliches,2926,3030,The world is so much bigger than Farrakhan and the Jewish question and his position on that and so forth
735815173,Black-and-White_Fallacy,3489,3540,"And if they can't whitewash this, they'll ignore it"
735815173,Repetition,1440,1526,The congressman was insistent that The Daily Caller misquoted him during the interview
735815173,Black-and-White_Fallacy,2015,2054,the ADL is wrong and he loves Farrakhan
735815173,"Bandwagon,Reductio_ad_hitlerum",2334,2446,"denounced Jews as “satanic,” praised Hitler as a “very great man” and has said that white people “deserve to die"
735815173,Causal_Oversimplification,3109,3183,"The people who talk about the ""Jewish question"" are generally anti-Semites"
735815503,Loaded_Language,60,176,"The price of a sanctuary city for illegal aliens is paid in abused children.
Just ask the abused children of Oakland"
735815503,"Name_Calling,Labeling",29,38,Sanctuary
735855251,Repetition,2216,2270,"ICE’s ongoing and steady commitment to public safety,”"
735855251,Repetition,2357,2453,we continue focus on the arrest of individuals who are criminal aliens and public safety threats
735855251,"Exaggeration,Minimisation",2455,2565,"Because of the tireless efforts of these professional officers, there are fewer criminals in our communities.”"
736231219,"Bandwagon,Reductio_ad_hitlerum",1713,1752,to smear Donald Trump as the new Hitler
736231219,"Name_Calling,Labeling",415,449,raging anti-Semite and race-monger
736231219,"Name_Calling,Labeling",485,532,"loony, militant, black nationalist organization"
736231219,"Name_Calling,Labeling",575,599,the inferior white devil
736231219,Loaded_Language,846,875,filth and degenerate behavior
736231219,Loaded_Language,990,1041,"White folks are going down.
And Satan is going down"
736231219,"Name_Calling,Labeling",1105,1116,Satanic Jew
736231219,"Exaggeration,Minimisation",1138,1178,"your time is up, your world is through."""
736231219,"Bandwagon,Reductio_ad_hitlerum",1383,1459,he “has a much larger following and elected officials meet with him openly.”
736231219,Loaded_Language,1614,1631,harshly denounced
736231219,"Name_Calling,Labeling",40,51,White Folks
736231219,Slogans,18,38,"'Jews Are My Enemy,'"
736231219,Slogans,285,313,"powerful Jews are my enemy,"""
736231219,"Name_Calling,Labeling",319,330,white folks
736231219,"Name_Calling,Labeling",78,91,leftist media
736231219,"Whataboutism,Straw_Men,Red_Herring",720,805,a photo that was subsequently suppressed in order to protect Obama's political future
736231219,"Name_Calling,Labeling",1504,1544,openly racist and anti-Semitic Farrakhan
736231219,"Name_Calling,Labeling",1553,1573,hateful organization
736231219,"Whataboutism,Straw_Men,Red_Herring",1659,1752,which instead has spent the last two years attempting to smear Donald Trump as the new Hitler
736231219,"Name_Calling,Labeling",1356,1374,"alt-reich"" leaders"
736757214,"Exaggeration,Minimisation",0,59,Sanctuary City Mayor Protected Illegal Alien Mexican Rapist
736757214,"Whataboutism,Straw_Men,Red_Herring",171,181,Democratic
736757214,"Name_Calling,Labeling",0,9,Sanctuary
736757214,Loaded_Language,115,167,Except when she's fighting for their rapists instead
736757214,Loaded_Language,740,759,unsavory characters
737194975,Loaded_Language,93,115,gun control extremists
737194975,Loaded_Language,1763,1775,rallying cry
737194975,Loaded_Language,6010,6034,"Wow!
Run for your lives!"
737194975,Thought-terminating_Cliches,6015,6034,Run for your lives!
737194975,Loaded_Language,12531,12562,so deliriously (and devilishly)
737194975,"Name_Calling,Labeling",28,48,Sagacious gun owners
737194975,Loaded_Language,339,355,ever-encroaching
737194975,"Exaggeration,Minimisation",600,675,one of the most egregious gun control machinations of all: gun confiscation
737194975,Slogans,1142,1192,"Take the guns first, go through due process second"
737194975,Loaded_Language,1431,1439,trampled
737194975,Loaded_Language,4915,4917,NO
737194975,Loaded_Language,5413,5416,ALL
737194975,"Exaggeration,Minimisation",5409,5449,and ALL of Congress would have no rights
737194975,Loaded_Language,5540,5546,YEAR’S
737194975,Loaded_Language,5816,5818,NO
737194975,Loaded_Language,6077,6085,NO CRIME
737194975,Flag-Waving,6035,6319,"Fifthly, a U.S. citizen who has committed NO CRIME is denied his Natural right of self-defense for a whole year.
And the media report says the confiscations “only” last a year, with the caveat that they may be extended.
Indeed.
They could and very likely will be extended indefinitely"
737194975,Doubt,7007,7014,SO WHAT
737194975,Loaded_Language,7504,7507,ANY
737194975,Loaded_Language,7944,7967,he opened Pandora’s Box
737194975,Loaded_Language,9260,9276,deceptively says
737194975,"Exaggeration,Minimisation",11088,11127,Proving a negative is nearly impossible
737194975,Loaded_Language,11129,11152,Adding insult to injury
737194975,"Exaggeration,Minimisation",12052,12201,"Donald Trump has opened the door for more damage being done to the Second Amendment than any other president, Democrat or Republican, in our lifetime"
737194975,Loaded_Language,12580,12606,uttered his stupid comment
737194975,Loaded_Language,12782,12797,Erupt With Glee
737194975,Loaded_Language,13117,13120,ANY
737194975,Loaded_Language,12967,12970,NOT
737194975,Loaded_Language,12065,12084,has opened the door
737194975,Repetition,13289,13308,has opened the door
737194975,Loaded_Language,10,25,Opened the Door
737194975,Loaded_Language,14080,14082,NO
737194975,Loaded_Language,14486,14493,CRUCIAL
737194975,Flag-Waving,7210,7364,"This “I’m offended” or “his gun scares me” complaint is nothing but cover for little Nazis to try and deny another person their Natural, God-given liberty"
737194975,Loaded_Language,616,625,egregious
737194975,"Bandwagon,Reductio_ad_hitlerum",2409,2429,Stalinist statements
737194975,Doubt,4807,4937,"First, the open carry of a firearm is LEGAL in the area where this took place.
So, the fellow was violating NO gun laws whatsoever"
737194975,Doubt,5451,5630,"Thirdly, what does “volume of complaints” mean?
How many complaints were received over a YEAR’S time?
Two?
Five?
Ten?
People complaining about other people happens all of the time"
737194975,Doubt,6035,6253,"Fifthly, a U.S. citizen who has committed NO CRIME is denied his Natural right of self-defense for a whole year.
And the media report says the confiscations “only” last a year, with the caveat that they may be extended"
737194975,"Whataboutism,Straw_Men,Red_Herring",6321,6456,"How many defenseless (unarmed) people are robbed, assaulted, accosted, beaten up, raped, wounded, paralyzed, or killed in a year’s time"
737194975,Flag-Waving,6670,6817,"At some point, the American people will be forced to view these governmental attacks against our Second Amendment liberties as a declaration of war"
737194975,"Bandwagon,Reductio_ad_hitlerum",7712,7855,President Trump’s Stalinist statements about taking guns first and worrying about due process later is the banner under which this is happening
737194975,Loaded_Language,9871,9883,absurdly low
737194975,Causal_Oversimplification,10692,10784,"If you keep a handgun in the bedside table and drink beer regularly, you may [be] in trouble"
737194975,Loaded_Language,11347,11359,bully pulpit
737194975,Loaded_Language,11525,11529,HUGE
737194975,"Bandwagon,Reductio_ad_hitlerum",11763,11862,making his stupid Stalinist statements about taking guns first and worrying about due process later
737194975,Loaded_Language,11983,11995,rallying cry
737194975,Flag-Waving,12851,12891,But if you are a freedom-loving American
737194975,Repetition,14288,14313,They are wrong biblically
737255982,Slogans,46,61,Jewish Question
737255982,"Name_Calling,Labeling",528,569,a Democrat who pals around with Farrakhan
737255982,Slogans,606,621,Jewish question
737255982,Loaded_Language,775,800,racially extreme comments
737255982,Slogans,860,888,white people “deserve to die
737255982,Loaded_Language,894,936,praising Adolf Hitler as a “very great man
737255982,Loaded_Language,2166,2189,virulently anti-Semitic
737255982,"Name_Calling,Labeling",154,160,"Kapos"""
737255982,Doubt,2678,2717,So seriously that J Street can't decide
737255982,Loaded_Language,100,117,was very outraged
737255982,"Exaggeration,Minimisation",1538,1642,The world is so much bigger than Farrakhan and the Jewish question and his position on that and so forth
737255982,Black-and-White_Fallacy,2412,2457,supporter of Israel means Farrakhan supporter
737255982,"Name_Calling,Labeling",2760,2774,a Hitler-lover
737457870,"Name_Calling,Labeling",1730,1747,civil rights hero
737457870,Doubt,1093,1129,fails to explain why he met with him
737457870,Loaded_Language,1024,1054,the harmful and divisive views
737457870,Causal_Oversimplification,1606,1713,The statement though is full of conspiracy theories and blames everyone else for Davis' behavior except him
737457870,Doubt,1410,1478,"But we've seen that before.
So it likely doesn't represent his views"
737457870,"Whataboutism,Straw_Men,Red_Herring",2196,2464,"He declined to condemn Farrakhan in a statement released to The Daily Caller News Foundation on Thursday.
“I have fought all my life to advance the cause of social justice and equality, and I have always opposed bigotry in all its forms,” Clyburn said in the statement"
737457870,Doubt,2850,2879,Obviously not going to happen
737457870,"Whataboutism,Straw_Men,Red_Herring",2928,3027,"We're starting to have that ""national dialogue"" about racism that the left keeps wanting us to have"
738060046,"Whataboutism,Straw_Men,Red_Herring",241,316,British government bans foes of jihad terror while admitting its proponents
738060046,"Whataboutism,Straw_Men,Red_Herring",0,82,UK Bans Free Speech Activists While Admitting Numerous Preachers Of Jihad Violence
738060046,Causal_Oversimplification,935,976,They were bowing to jihadist intimidation
738060046,"Whataboutism,Straw_Men,Red_Herring",978,1090,"Meanwhile, Britain has a steadily lengthening record of admitting jihad preachers without a moment of hesitation"
738060046,Loaded_Language,1119,1157,preaching of hatred and jihad violence
738060046,Black-and-White_Fallacy,1379,1669,"If there’s homosexual men, the punishment is one of five things.
One – the easiest one maybe – chop their head off, that’s the easiest.
Second – burn them to death.
Third – throw ’em off a cliff.
Fourth – tear down a wall on them so they die under that.
Fifth – a combination of the above.”"
738060046,"Name_Calling,Labeling",1684,1726,relentlessly appeasement-minded government
738060046,"Whataboutism,Straw_Men,Red_Herring",2150,2275,"Meanwhile, the UK banned three bishops from areas of Iraq and Syria where Christians are persecuted from entering the country"
738060046,Appeal_to_Authority,553,662,he was told by authorities that his speaking at Hyde Park could cause violence and disrupt community cohesion
738060046,Appeal_to_Authority,665,789,That’s just what they claimed about Pamela Geller and me: that our visit could cause violence and disrupt community cohesion
738060046,Appeal_to_fear-prejudice,1444,1667,"One – the easiest one maybe – chop their head off, that’s the easiest.
Second – burn them to death.
Third – throw ’em off a cliff.
Fourth – tear down a wall on them so they die under that.
Fifth – a combination of the above"
738060046,Loaded_Language,1684,1715,relentlessly appeasement-minded
738207834,Loaded_Language,559,572,so outlandish
738207834,Loaded_Language,891,910,impassioned defense
738207834,Loaded_Language,1224,1239,grave questions
738207834,Loaded_Language,1320,1338,commedia diabolica
738207834,Loaded_Language,1873,1936,one of the most bizarre aspects of this whole bizarre situation
738207834,Loaded_Language,1972,2031,"so trivial, so inappropriately, so disproportionately petty"
738207834,Loaded_Language,2039,2092,absurd responses to serious questions of grave import
738207834,Thought-terminating_Cliches,2462,2473,I’m tired.”
738207834,Loaded_Language,2709,2725,pope-as-pop-star
738207834,Loaded_Language,2983,2996,NewChurch mud
738207834,Loaded_Language,3268,3308,turned the Vatican into a den of thieves
738207834,Loaded_Language,3609,3627,utterly insouciant
738207834,Loaded_Language,5143,5169,"frivolous, jokey responses"
738207834,Loaded_Language,5692,5708,all that rubbish
738207834,Loaded_Language,6324,6347,crushing disappointment
738207834,Loaded_Language,6870,6912,watches his children beaten and led astray
738207834,"Name_Calling,Labeling",7385,7413,bitterly anti-Catholic media
738207834,"Name_Calling,Labeling",7594,7623,"was known as a “progressive,”"
738207834,Loaded_Language,8294,8311,futile objections
738207834,"Name_Calling,Labeling",8599,8638,progressive” academic theologian Frings
738207834,"Name_Calling,Labeling",9328,9350,a man full of goodness
738207834,Loaded_Language,10874,10950,the water and the blood that poured from the open side of her crucified Lord
738207834,"Name_Calling,Labeling",11332,11350,arch-conservative”
738207834,"Name_Calling,Labeling",11495,11536,arch-conservative” “Rottweiler” Ratzinger
738207834,Loaded_Language,11650,11713,burned like an unchecked wildfire throughout the Catholic world
738207834,"Name_Calling,Labeling",11821,11851,"celebrity “priest-theologian,”"
738207834,"Name_Calling,Labeling",12432,12450,arch-conservative”
738207834,"Name_Calling,Labeling",12473,12497,Rottweiler” Benedict XVI
738207834,"Name_Calling,Labeling",12801,12836,progressive” destroyer of Ottaviani
738207834,"Name_Calling,Labeling",12876,12895,arch-conservative”…
738207834,"Name_Calling,Labeling",13347,13373,a man called “progressive”
738207834,Repetition,13361,13373,progressive”
738207834,"Name_Calling,Labeling",13819,13870,godfather of the “liberal” European Catholic Church
738207834,Loaded_Language,14960,14987,brazen enemies of the Faith
738207834,"Name_Calling,Labeling",15231,15271,alleged brains of the Sankt Gallen Mafia
738207834,"Name_Calling,Labeling",15622,15639,celebrity heretic
738207834,"Name_Calling,Labeling",15645,15696,media-savvy frontman for the “ultra-liberal” “wing”
738207834,"Name_Calling,Labeling",16385,16414,another “Sankt Gallen” member
738207834,Loaded_Language,16520,16552,what kind of creature Kasper was
738207834,Loaded_Language,16889,16956,trumpeting in his blatant heresies from every rooftop he could find
738207834,Loaded_Language,17728,17750,awesome responsibility
738207834,Loaded_Language,17844,17880,finishing touch to the poisoned cake
738207834,Loaded_Language,18762,18796,whatever you want to call yourself
738207834,"Name_Calling,Labeling",18962,18983,Catholic theologian”?
738207834,"Name_Calling,Labeling",19301,19318,active homosexual
738207834,"Name_Calling,Labeling",19752,19776,wolves in the episcopate
738207834,Loaded_Language,19959,20019,incredible brazenness of their hatred of the Catholic Faith?
738207834,"Name_Calling,Labeling",20251,20279,Sankt Gallen Mafia” prelates
738207834,Loaded_Language,21073,21095,emeritus pope” charade
738207834,Loaded_Language,21313,21350,charade of post-conciliar Catholicism
738207834,Loaded_Language,21604,21652,schizophrenic mindset of the Church’s leadership
738207834,"Name_Calling,Labeling",22078,22114,conservative champion of orthodoxy.”
738207834,Loaded_Language,22676,22703,we played the Anglican game
738207834,Loaded_Language,22803,22834,the last gasp of the old Church
738207834,Loaded_Language,23402,23448,wolves in shepherds’ clothing eating the sheep
738207834,Loaded_Language,23536,23584,New Paradigm of Merciful Conciliar Wonderfulness
738207834,Loaded_Language,1634,1639,filth
738207834,Doubt,2327,2361,Could we have been wrong about him
738207834,Doubt,2363,2403,"And if so, could we have been this wrong"
738207834,"Name_Calling,Labeling",3113,3134,champion of orthodoxy
738207834,Loaded_Language,3174,3194,heresy and blasphemy
738207834,"Name_Calling,Labeling",4716,4739,prisoner of the Vatican
738207834,Appeal_to_fear-prejudice,5912,6033,"How can you just sit there smiling, issuing bland platitudinous nonsense, while this lunatic drives the sheep off a cliff"
738207834,"Name_Calling,Labeling",6843,6861,abusive stepfather
738207834,"Name_Calling,Labeling",8398,8410,progressives
738207834,"Name_Calling,Labeling",9452,9463,progressive
738207834,Loaded_Language,12146,12179,blatantly denying and undermining
738207834,"Name_Calling,Labeling",14348,14409,the “godfather” of the “liberal wing” of European Catholicism
738207834,"Name_Calling,Labeling",16817,16831,he’s a heretic
738207834,Doubt,18650,18713,Is it any wonder that so many Catholics have become disaffected
738207834,Doubt,18859,19112,"Why is this man still a cardinal?
Why is he still a bishop?
Why is he still allowed to call himself a “Catholic theologian”?
Why did you, apparently deliberately, ensure that he was able to enter the Conclave to decide who your successor was going to be"
738207834,Doubt,19841,20018,"Why have we so often seen these men – compromised intellectually and morally – elevated to superior rank, despite the incredible brazenness of their hatred of the Catholic Faith"
738207834,"Name_Calling,Labeling",20737,20803,one of the main figures of the liberal wing of the Catholic Church
738207834,Loaded_Language,21927,21940,schizophrenia
739091070,Appeal_to_Authority,569,644,it's good odds that it began with Obama holdovers ensconced in the governme
739091070,Loaded_Language,1745,1763,reckless disregard
739091070,Loaded_Language,192,216,just keeps getting worse
739091070,Loaded_Language,245,252,shocked
739091070,Loaded_Language,1395,1476,there is no doubt that businesses employing illegal aliens are committing a crime
739140767,Loaded_Language,758,802,notorious for extreme violence and bloodshed
740356006,Loaded_Language,2410,2465,white people are “devils” and Jewish people are satanic
740356006,"Name_Calling,Labeling",2428,2434,devils
740356006,"Name_Calling,Labeling",2458,2465,satanic
740356006,"Name_Calling,Labeling",2682,2705,white people are devils
740356006,"Name_Calling,Labeling",2953,2959,devils
740356006,"Name_Calling,Labeling",2972,2979,satanic
740356006,"Name_Calling,Labeling",3120,3133,useful idiots
740356006,Slogans,374,389,deserve to die”
740356006,"Exaggeration,Minimisation",744,800,plays a big role in the lives of thousands and thousands
740356006,"Exaggeration,Minimisation",642,665,outstanding human being
740356006,"Exaggeration,Minimisation",422,438,very great man.”
740356006,"Exaggeration,Minimisation",216,240,outstanding human being”
740356006,"Exaggeration,Minimisation",2342,2359,outstanding work”
740356006,Doubt,2710,2754,wonder how far a white congressman would get
740356006,Appeal_to_Authority,440,860,"I personally know [Farrakhan], I’ve been to his home, done meetings, participated in events with him,” Davis told TheDC.
“I don’t regard Louis Farrakhan as an aberration or anything, I regard him as an outstanding human being who commands a following of individuals who are learned and articulate and he plays a big role in the lives of thousands and thousands and thousands and thousands of people,” he emphasized later"
740356006,Thought-terminating_Cliches,1854,1958,The world is so much bigger than Farrakhan and the Jewish question and his position on that and so forth
740356006,"Name_Calling,Labeling",2300,2334,a notorious racist and anti-Semite
740356006,"Whataboutism,Straw_Men,Red_Herring",2477,2707,"""I don’t spend a lot of time, I buy Final Call when I see them.
I’ve been to Saviour’s Day, I’ve read, I’ve been a fan of Elijah Muhammad, so those are my positions, but I do disagree with the notion that white people are devils.”"
740356006,"Whataboutism,Straw_Men,Red_Herring",2708,2847,"I wonder how far a white congressman would get saying, ""I attended the Klavern, but I don't agree with the KKK's views about black people."""
740356006,"Name_Calling,Labeling",3174,3262,"a politician who praised a racist hate group leader and discussed the ""Jewish question."""
740808926,"Name_Calling,Labeling",0,26,Illegal Alien Wife Beaters
740808926,Loaded_Language,616,630,How dare you!”
740808926,Appeal_to_Authority,713,831,"How dare you needlessly endanger the lives of our law enforcement officers to promote a radical, open borders agenda.”"
740808926,Loaded_Language,713,725,How dare you
740808926,Appeal_to_Authority,938,997,said that hundreds more escaped because of Schaaf’s warning
740808926,Loaded_Language,94,111,real war on women
741655444,Repetition,351,361,as another
741655444,Appeal_to_fear-prejudice,354,381,another jihad terror attack
741655444,"Exaggeration,Minimisation",459,522,the most important priority for all too many American officials
741655444,"Name_Calling,Labeling",802,829,"a “nomad” and a “vagabond,”"
741655444,"Exaggeration,Minimisation",1648,1670,It was nothing anymore
741655444,Loaded_Language,1924,1933,boom boom
741655444,Loaded_Language,2277,2320,freedom from jihad and Shariah shines forth
741655444,Doubt,383,522,"Protecting the image of Islam, not protecting the public, still seems to be the most important priority for all too many American officials"
741802985,"Bandwagon,Reductio_ad_hitlerum",1786,1816,German Army and Adolf Hitler’s
741802985,Doubt,0,116,Willfully Ignorant FBI Can't Discover Motive For Muslim Jihadi Who Drove Into Propane Tanks At Travis Air Force Base
741802985,Doubt,369,512,"Of course, even if they had found those things, given their track record of denial and deception, they may still be searching for Kazi’s motive"
741802985,Loaded_Language,354,366,Allahu akbar
741802985,Appeal_to_fear-prejudice,604,765,"We know that the Islamic State, al-Qaeda and other groups have called upon Muslims in the U.S. to try to kill military personnel and police, as well as civilians"
741802985,Appeal_to_fear-prejudice,514,602,"In any case, a larger point is being lost here.
And that is that there is a war going on"
741802985,Loaded_Language,1902,1931,astronomical and catastrophic
741896049,Repetition,996,1068,"ICE’s commitment to public safety through targeted enforcement efforts,”"
741896049,Appeal_to_Authority,972,1068,"This operation reflects ICE’s commitment to public safety through targeted enforcement efforts,”"
741896049,"Exaggeration,Minimisation",1131,1210,I applaud the brave men and women of ICE who put themselves in harm’s way daily
741896049,Repetition,1141,1237,the brave men and women of ICE who put themselves in harm’s way daily to keep our community safe
741896049,Flag-Waving,1131,1237,I applaud the brave men and women of ICE who put themselves in harm’s way daily to keep our community safe
741923579,"Bandwagon,Reductio_ad_hitlerum",3083,3111,German Army and Adolf Hitler
741923579,"Bandwagon,Reductio_ad_hitlerum",3460,3527,German invasion of Poland in September 1939 was motivated by Nazism
741923579,Loaded_Language,1641,1653,Allahu akbar
741923579,Causal_Oversimplification,2426,2763,"The FBI’s bafflement here is part of its deep, deep corruption.
The FBI doesn’t acknowledge that there is a global jihad, or that Islam has anything to do with terrorism.
It doesn’t admit that there is a war going on, and treats each act of Islamic terror as if it were a separate and discrete criminal event, unrelated to all the others"
741923579,Doubt,2765,2862,"So each time something like this happens, they’re back at Square One, trying to figure out motive"
741923579,Causal_Oversimplification,1441,1653,"Ragan most likely means that investigators didn’t find an ISIS membership card in Kazi’s wallet, or lots of phone calls to Iraq or Syria, or a note from Kazi reading, “I did this for Allah and Islam.
Allahu akbar"
741923579,Appeal_to_fear-prejudice,1902,2063,"We know that the Islamic State, al-Qaeda and other groups have called upon Muslims in the U.S. to try to kill military personnel and police, as well as civilians"
741923579,Loaded_Language,3292,3313,the 800-pound gorilla
741923579,Loaded_Language,3345,3354,screaming
741923579,Slogans,3356,3368,Allahu akbar
741923579,Loaded_Language,3662,3691,astronomical and catastrophic
741923579,Loaded_Language,3877,3924,the machete begins to slice through their necks
752287274,Loaded_Language,327,341,bitter dispute
752287274,"Name_Calling,Labeling",1508,1566,"burka-clad widow, who does not drive and speaks only Uurdu"
752287274,"Name_Calling,Labeling",1569,1590,She’s a wacko lunatic
752287274,"Name_Calling,Labeling",0,34,Muslim Dem IT Aides' Family Member
752287274,Loaded_Language,1488,1494,mocked
752287274,Doubt,1833,1884,For the sake of money they would have done anything
752287274,"Name_Calling,Labeling",2818,2838,his bedridden father
752287274,"Exaggeration,Minimisation",5207,5218,great doubt
752287274,Doubt,5865,6089,"Hadeed did not introduce any evidence to the judge about a pattern of possible fraud by Abid, the timing of the move as it relates to the federal criminal case, or the mental capacity of the dying man to understand paperwork"
752287274,Doubt,6563,6604,"You have no control over [Gilani], do you"
752287274,Thought-terminating_Cliches,6882,6904,I’m just a human being
752287274,Doubt,7141,7216,I don’t understand why the witness is having such trouble with the question
752287274,"Exaggeration,Minimisation",7512,7547,threatened that he is very powerful
752287274,Appeal_to_fear-prejudice,7552,7607,if I ever call the police again [he] will do harm to me
752287274,Doubt,1938,2026,There are possibilities that [Imran] or them might have been selling [House] information
752287274,Doubt,3360,3385,Why is that even relevant
752287274,Loaded_Language,6619,6636,talking to a wall
752287274,Doubt,6798,6835,Why do your signatures look different
754111899,Loaded_Language,972,978,severe
754131438,Appeal_to_fear-prejudice,332,338,deadly
754179642,Appeal_to_fear-prejudice,214,263,public health emergency with international impact
754179642,Appeal_to_fear-prejudice,1928,1966,highly infectious and extremely lethal
754231597,Appeal_to_fear-prejudice,171,231,a deadly virus that causes severe bleeding and organ failure
754402671,Appeal_to_fear-prejudice,2645,2735,"Ebola victims can be a risk, if mourners have direct contact with the body of the deceased"
755170235,"Name_Calling,Labeling",359,368,naysayers
755170235,Appeal_to_fear-prejudice,2778,2810,"That will likely change, however"
755170235,Loaded_Language,4302,4319,tyrannical regime
755170235,Loaded_Language,4575,4587,aggressively
755170235,Black-and-White_Fallacy,5775,5900,America will face a choice between accepting a nuclear-armed Iran or acting to destroy as much of this capability as possible
755393220,"Name_Calling,Labeling",3964,3977,darling child
755393220,Loaded_Language,4439,4447,horrific
755393220,Loaded_Language,4244,4259,outright insane
755393220,Loaded_Language,4464,4485,war-ravaged dystopias
755393220,Loaded_Language,730,745,none other than
755393220,Slogans,2380,2389,Free Iran
755393220,Doubt,3047,3068,Who was in that room?
755459860,Loaded_Language,345,352,despise
755459860,Repetition,365,372,despise
755459860,Loaded_Language,652,661,hell-bent
755459860,Black-and-White_Fallacy,4451,4468,the only solution
755459860,Loaded_Language,7056,7068,aggressively
755459860,Appeal_to_Authority,7222,7241,"I don't doubt it.
T"
755459860,"Name_Calling,Labeling",7384,7390,honest
755459860,Flag-Waving,112,119,America
755459860,Appeal_to_fear-prejudice,81,110,Don't say you were not warned
755459860,Loaded_Language,772,786,hypocritically
755459860,Flag-Waving,6123,6139,our Constitution
755459860,Black-and-White_Fallacy,8032,8157,America will face a choice between accepting a nuclear-armed Iran or acting to destroy as much of this capability as possible
755814432,Loaded_Language,3304,3321,incredibly stupid
755814432,Loaded_Language,3178,3201,disaster after disaster
755814432,Loaded_Language,1728,1735,violent
755814432,Doubt,2538,2565,How did that work in Libya?
755814432,Flag-Waving,1978,2004,killed dozens of Americans
755814432,Doubt,2418,2537,Does anyone really think Iran will be better off if Trump puts a bunch of “former” terrorists in charge of the country?
755814432,Appeal_to_fear-prejudice,3846,3937,We need to worry about blowback from President Trump’s fully-neoconized Middle East policy!
755814432,Appeal_to_fear-prejudice,3938,3961,That’s the real threat!
756114837,Loaded_Language,3936,3945,decimated
757171650,Repetition,976,994,explosive increase
757171650,Loaded_Language,62,71,Explosive
757171650,Repetition,176,194,explosive increase
757171650,Repetition,788,806,explosive increase
757171650,Appeal_to_fear-prejudice,50,80,Potentially Explosive Increase
757171650,Appeal_to_fear-prejudice,955,1003,The potential for an explosive increase in cases
757243988,Loaded_Language,339,350,"never, ever"
757243988,Loaded_Language,461,467,forced
757243988,"Exaggeration,Minimisation",1447,1457,under fire
757243988,"Exaggeration,Minimisation",1658,1671,raised alarms
757243988,Repetition,2267,2276,disturbed
757243988,Repetition,2635,2644,disturbed
757611486,Loaded_Language,3830,3838,gruesome
757611486,Loaded_Language,976,984,outright
757611486,Loaded_Language,1068,1077,zealously
757611486,Loaded_Language,2319,2336,"Whoa!
Whoa!
Whoa!"
757611486,Repetition,993,1006,proselytizing
757611486,Repetition,3523,3536,proselytizing
757611486,Repetition,3696,3708,proselytized
757611486,"Name_Calling,Labeling",3793,3803,‘infidels’
757611486,Loaded_Language,3850,3862,slaughtering
757611486,"Whataboutism,Straw_Men,Red_Herring",5830,5846,extreme Islamics
757611486,Loaded_Language,6078,6084,forced
757611486,Loaded_Language,6390,6402,unacceptable
757611486,Repetition,7167,7179,indoctrinate
757611486,Repetition,7332,7346,indoctrination
757611486,Repetition,5212,5224,indoctrinate
757611486,Loaded_Language,583,598,violent history
757611486,Loaded_Language,603,623,intolerant doctrines
757611486,Loaded_Language,3961,3971,chastising
757713354,"Name_Calling,Labeling",3626,3633,minions
757713354,"Name_Calling,Labeling",3638,3649,bootlickers
757713354,"Name_Calling,Labeling",1317,1330,neocon minion
757713354,"Exaggeration,Minimisation",46,55,stupidest
757713354,Loaded_Language,84,95,very wicked
757713354,"Name_Calling,Labeling",192,203,Big Brother
757713354,"Name_Calling,Labeling",212,227,junior sidekick
757713354,"Name_Calling,Labeling",304,311,prickly
757713354,Loaded_Language,495,502,furious
757713354,Loaded_Language,522,537,much ballyhooed
757713354,Loaded_Language,762,769,gabbing
757713354,"Name_Calling,Labeling",959,970,provocation
757713354,"Name_Calling,Labeling",1050,1059,reluctant
757713354,Loaded_Language,1658,1679,roll over and be good
757713354,Loaded_Language,1751,1766,total surrender
757713354,Loaded_Language,1409,1428,"‘eat sand and die,’"
757713354,Loaded_Language,2446,2457,fanatically
757713354,Loaded_Language,3053,3065,much fanfare
757713354,Loaded_Language,3141,3148,hapless
757713354,Doubt,3306,3354,Is this what Bolton has in mind for North Korea?
757713354,Loaded_Language,3513,3530,incredibly obtuse
757713354,Doubt,3548,3584,Was Trump involved in this intrigue?
757713354,Loaded_Language,1073,1079,satrap
757713354,Thought-terminating_Cliches,3954,3973,too good to be true
757843275,"Whataboutism,Straw_Men,Red_Herring",3263,3286,this year’s flu vaccine
757843275,Black-and-White_Fallacy,640,653,only solution
757843275,Loaded_Language,1240,1250,terrifying
757843275,Appeal_to_fear-prejudice,147,208,the death toll from the infectious disease continues to climb
757843275,Appeal_to_fear-prejudice,1049,1081,it can kill up to 90% of victims
757843275,Appeal_to_fear-prejudice,2032,2087,alarm as Ebola can spread more quickly in urban centers
757843275,Appeal_to_fear-prejudice,2666,2675,very high
757843275,Appeal_to_fear-prejudice,2708,2767,the disease could also move into nine neighboring countries
757964238,Loaded_Language,1726,1731,gross
757964238,Causal_Oversimplification,497,514,for profit system
757964238,Repetition,1732,1754,miscarriage of justice
757964238,Loaded_Language,988,996,manifest
757964238,Repetition,997,1019,miscarriage of justice
757964238,Loaded_Language,1778,1784,blight
757964238,Loaded_Language,1887,1894,greatly
757964238,Appeal_to_Authority,2071,2089,I completely agree
757964238,Appeal_to_Authority,2115,2128,fully support
757964238,"Exaggeration,Minimisation",2175,2193,the furthest thing
757964238,"Name_Calling,Labeling",2220,2232,hard-working
757964238,Loaded_Language,1028,1043,double jeopardy
758386255,Loaded_Language,1495,1500,false
758386255,Repetition,5097,5105,fruitful
758386255,Repetition,5358,5366,fruitful
758386255,Repetition,5826,5834,fruitful
758386255,Loaded_Language,28609,28626,truly devastating
758386255,"Exaggeration,Minimisation",1142,1150,attacked
758386255,"Exaggeration,Minimisation",1989,2006,the most damaging
758386255,"Bandwagon,Reductio_ad_hitlerum",3706,3741,from Henry VIII to the Soviet Union
758386255,"Whataboutism,Straw_Men,Red_Herring",5290,5304,my translation
758386255,"Exaggeration,Minimisation",5453,5484,absolutely no problems whatever
758386255,"Exaggeration,Minimisation",5615,5635,complete and perfect
758386255,"Exaggeration,Minimisation",5793,5802,perfectly
758386255,Black-and-White_Fallacy,6137,6178,Anyone attempting to do this are Bad Nuns
758386255,Loaded_Language,6525,6554,gravely offended and outraged
758386255,"Exaggeration,Minimisation",7833,7925,the most outspokenly heretical and politicised organisation of female religious in the world
758386255,Loaded_Language,8445,8450,gaunt
758386255,Loaded_Language,8371,8378,torpedo
758386255,"Exaggeration,Minimisation",8386,8406,the most flourishing
758386255,Repetition,8536,8544,Autonomy
758386255,Repetition,8642,8650,autonomy
758386255,Repetition,8722,8730,autonomy
758386255,Repetition,8915,8925,autonomous
758386255,Repetition,8818,8826,autonomy
758386255,Repetition,8947,8955,autonomy
758386255,Repetition,9428,9436,autonomy
758386255,Repetition,9484,9492,autonomy
758386255,Repetition,9348,9356,autonomy
758386255,Repetition,9544,9552,autonomy
758386255,Repetition,9735,9745,autonomous
758386255,Repetition,9779,9787,Autonomy
758386255,Repetition,9847,9855,autonomy
758386255,Repetition,9954,9962,autonomy
758386255,Repetition,10366,10374,autonomy
758386255,Repetition,10166,10174,autonomy
758386255,Repetition,27083,27093,autonomous
758386255,Repetition,26689,26697,autonomy
758386255,Repetition,26295,26303,autonomy
758386255,Repetition,26487,26497,autonomous
758386255,Repetition,17050,17060,autonomous
758386255,Repetition,15781,15789,autonomy
758386255,Repetition,14415,14425,autonomous
758386255,Repetition,13799,13807,autonomy
758386255,Repetition,13741,13749,autonomy
758386255,Repetition,12732,12740,autonomy
758386255,Repetition,12171,12179,autonomy
758386255,Repetition,12607,12615,autonomy
758386255,Repetition,10819,10827,autonomy
758386255,Repetition,10607,10617,autonomous
758386255,Loaded_Language,15128,15143,reign of terror
758386255,Repetition,16657,16665,fruitful
758386255,Loaded_Language,28048,28053,fatal
758386255,"Name_Calling,Labeling",30476,30484,well-fed
758386255,Loaded_Language,30762,30777,quite literally
758386255,Loaded_Language,2021,2034,wrecking-ball
758386255,"Name_Calling,Labeling",6170,6178,Bad Nuns
758386255,Loaded_Language,6980,6990,extinction
758386255,Repetition,9143,9151,fruitful
758386255,Loaded_Language,16089,16101,disastrously
758386255,"Name_Calling,Labeling",27716,27727,Big Brother
758386255,Repetition,31973,31989,dynamic fidelity
758472954,Appeal_to_fear-prejudice,0,6,Beware
758477392,Repetition,193,207,"""sonic attack"""
758477392,Repetition,684,698,"""sonic attack"""
758477392,Repetition,2393,2406,sonic attacks
758477392,Repetition,2475,2482,attacks
758477392,Repetition,2697,2703,attack
758477392,Repetition,2922,2928,attack
758477392,Repetition,2866,2879,sonic attacks
758477392,Repetition,3172,3178,attack
758477392,Repetition,3557,3573,acoustic attacks
758477392,Repetition,1017,1029,health alert
758477392,Repetition,2312,2325,health issues
758477392,Repetition,1481,1494,health issues
758477392,Repetition,3206,3219,health issues
758512204,"Name_Calling,Labeling",1490,1505,Muslim spy ring
758512204,Loaded_Language,430,468,hellbent on destroying President Trump
758512204,Loaded_Language,513,567,retailing Soviet fictions and titillating porn stories
758512204,"Name_Calling,Labeling",1971,1982,jihad spies
758512204,Loaded_Language,2441,2458,lashed out at her
758512204,Doubt,5043,5076,"Ma’am, you lied to me, didn’t you"
758512204,Loaded_Language,5223,5239,before I explode
758512204,Repetition,5078,5131,"You lied to me, didn’t you?
You’re a liar, aren’t you"
758512204,"Name_Calling,Labeling",5106,5119,You’re a liar
758512204,Doubt,5078,5104,"You lied to me, didn’t you"
758512204,Repetition,1490,1500,Muslim spy
758512204,"Name_Calling,Labeling",264,276,Muslim spies
758512204,"Exaggeration,Minimisation",280,343,the biggest story of treason and espionage in the recent memory
758512204,Loaded_Language,631,649,nefarious purposes
758512204,"Name_Calling,Labeling",655,675,alleged Muslim spies
758512204,"Name_Calling,Labeling",1450,1470,Pakistani-born aides
758512204,Loaded_Language,1947,1964,tried to squirrel
758512204,Appeal_to_fear-prejudice,2003,2036,Congress must investigate and act
758512204,Doubt,2461,2486,"You’re a liar, aren’t you"
758512204,Thought-terminating_Cliches,5157,5178,It was not in my mind
758512204,"Name_Calling,Labeling",2461,2474,You’re a liar
758756657,Repetition,5024,5036,Islamization
758756657,Repetition,5302,5314,Islamization
758756657,Loaded_Language,62,69,outrage
758756657,Causal_Oversimplification,606,746,"In order to convert to Islam, one says the shahada.
Saying the shahada makes you a Muslim.
The shahada is what is on the black flag of jihad"
758756657,Loaded_Language,4352,4361,egregious
758756657,"Exaggeration,Minimisation",4376,4437,the most vicious and brutal ideology on the face of the Earth
758756657,Loaded_Language,4719,4725,frenzy
758756657,Loaded_Language,5295,5301,forced
758756657,Appeal_to_fear-prejudice,5639,5649,threatened
758756657,Repetition,5811,5821,threatened
758756657,Repetition,6359,6369,threatened
758756657,Appeal_to_fear-prejudice,5870,5874,kill
758756657,Appeal_to_fear-prejudice,5910,5931,ripping my organs out
758756657,Repetition,5989,5993,kill
758756657,Repetition,6281,6285,kill
758756657,Loaded_Language,6301,6308,satanic
758756657,Repetition,6330,6347,rip out my organs
758756657,Appeal_to_fear-prejudice,6373,6432,hang my 3-year-old and 1-year-old and kidnap my 14-year-old
758756657,Slogans,481,513,Stop the Islamization of America
758756657,Flag-Waving,506,513,America
758756657,Flag-Waving,1243,1261,a national problem
758756657,Loaded_Language,4380,4392,most vicious
758756657,Loaded_Language,4397,4412,brutal ideology
758756657,Doubt,6670,6702,Is the principal acting on this?
758756657,Doubt,6703,6747,And do the police have any interest in this?
758756657,Doubt,6748,6781,Or would that be “islamofauxbic”?
758812201,Loaded_Language,1473,1482,agonizing
759337941,"Name_Calling,Labeling",133,182,"The Democrats are criminal, treasonous and sleazy"
759337941,"Name_Calling,Labeling",194,205,this jihadi
759337941,Loaded_Language,1184,1219,Hellbent to destroy President Trump
759337941,Loaded_Language,1226,1278,toil in Soviet fictions and titillating porn stories
759337941,Loaded_Language,35,61,Treasure Trove of Evidence
759337941,"Name_Calling,Labeling",65,97,Muslim IT Spy's Defense Attorney
759337941,Loaded_Language,113,131,Color me skeptical
759337941,"Exaggeration,Minimisation",304,327,most powerful Democrats
759337941,Loaded_Language,348,361,jihad-treason
759337941,"Name_Calling,Labeling",402,414,Muslim spies
759337941,"Exaggeration,Minimisation",418,481,the biggest story of treason and espionage in the recent memory
759337941,"Exaggeration,Minimisation",528,557,goes to extraordinary lengths
759337941,Loaded_Language,1342,1360,nefarious purposes
759337941,"Name_Calling,Labeling",1369,1389,alleged Muslim spies
759337941,"Name_Calling,Labeling",1606,1621,Muslim spy ring
759337941,Repetition,1606,1616,Muslim spy
759337941,"Name_Calling,Labeling",1777,1817,HOUSE HACKING SUSPECT’S DEFENSE ATTORNEY
759337941,Loaded_Language,2042,2063,reckless IT practices
759337941,Loaded_Language,2380,2397,trove of evidence
759337941,"Exaggeration,Minimisation",2987,3010,"He was very, very angry"
759337941,Doubt,2064,2224,Capitol Police didn’t make arrests despite numerous red flags and then ‘inadvertently’ gave evidence to defense attorneys that was supposed to go to prosecutors
759337941,Doubt,99,111,Accidentally
759468687,"Name_Calling,Labeling",602,643,"Jewish tourists, plunderers of holy lands"
759468687,Appeal_to_fear-prejudice,724,800,we shall fight the Jews and the Americans until they leave the land of Islam
759468687,Appeal_to_fear-prejudice,4492,4664,"it would be dangerous, suicidal folly for Infidels to pretend that Ramadan is not the month of jihad.
And as our Ramadan willful blindness continues, more Infidels will die"
759468687,"Name_Calling,Labeling",435,456,American facilitators
759468687,Loaded_Language,3122,3141,severely misleading
759468687,"Name_Calling,Labeling",0,13,Ramadan Jihad
759468687,Causal_Oversimplification,192,238,Ramadan is quintessentially the month of jihad
759468687,Loaded_Language,317,345,holy war and death for Allah
759468687,Loaded_Language,557,571,aided by Allah
759468687,Loaded_Language,916,955,the religious tapestry of American life
759468687,Loaded_Language,1638,1677,the religious tapestry of American life
759468687,Causal_Oversimplification,1745,1828,Islam’s core beliefs make it clear that the latter statement is closer to the truth
759468687,Loaded_Language,2107,2121,severe against
759468687,Loaded_Language,2368,2387,more severe against
759468687,Causal_Oversimplification,2405,2485,Murdering infidels thus doesn’t contradict the spirit of Ramadan; it embodies it
759468687,"Name_Calling,Labeling",2528,2545,Chechen jihadists
759468687,Repetition,2630,2638,infidels
759468687,"Name_Calling,Labeling",2856,2894,"this blessed month, the month of jihad"
759468687,Repetition,3069,3111,to the religious tapestry of American life
759468687,Flag-Waving,3122,3161,severely misleading the American people
759468687,Loaded_Language,3640,3645,Great
759468687,"Whataboutism,Straw_Men,Red_Herring",3509,3638,"Trump has so rarely recognized that American Muslims even exist, but this offers apparent proof that he is aware of our existence"
759468687,Loaded_Language,4028,4047,plain out offensive
759468687,Loaded_Language,3698,3718,pretty much terrible
759468687,"Whataboutism,Straw_Men,Red_Herring",4050,4209,What is actually offensive is that Hamid would try in this way to absolve the Muslim community of any responsibility to root out jihad terrorist from its midst
759468687,"Whataboutism,Straw_Men,Red_Herring",4331,4479,"Hamid, if he cared about this, would be confronting honestly the teachings of Islam that make Ramadan the month of jihad, and working to reform them"
759468687,Loaded_Language,4504,4542,"dangerous, suicidal folly for Infidels"
759468687,Loaded_Language,4613,4630,willful blindness
759468687,"Name_Calling,Labeling",2415,2423,infidels
759468687,"Name_Calling,Labeling",4647,4655,Infidels
759468687,"Name_Calling,Labeling",4534,4542,Infidels
759468687,"Name_Calling,Labeling",119,127,Infidels
759478604,Loaded_Language,35,46,Death-Knell
759478604,Loaded_Language,1312,1323,death-knell
759478604,Loaded_Language,1696,1704,disaster
759478604,Loaded_Language,8701,8707,absurd
759478604,"Name_Calling,Labeling",12527,12534,despots
759478604,Loaded_Language,14664,14676,death spiral
759478604,Loaded_Language,12783,12825,the frost of Vatican II’s perpetual winter
759478604,Black-and-White_Fallacy,244,264,"the world, or Christ"
759478604,Loaded_Language,1407,1414,destroy
759478604,Loaded_Language,1746,1757,frightening
759478604,Black-and-White_Fallacy,2451,2548,those that are distancing themselves from the council to make another path are killing themselves
759478604,"Exaggeration,Minimisation",4303,4386,the most virulently anti-Catholic organisation of “Catholic” religious in the world
759478604,Black-and-White_Fallacy,5052,5083,mutually exclusive alternatives
759478604,Loaded_Language,9407,9420,unprecedented
759478604,Loaded_Language,9832,9859,complete loss of our rights
759478604,Loaded_Language,10856,10866,ridiculous
759478604,Loaded_Language,10752,10759,million
759478604,Loaded_Language,12559,12579,would not rest until
759478604,Loaded_Language,13700,13717,absolutely dismal
759478604,Appeal_to_fear-prejudice,2551,2581,"sooner or later, they will die"
759478604,Appeal_to_fear-prejudice,2609,2640,They will be outside the church
759478604,Loaded_Language,8430,8438,disaster
759478604,Repetition,11614,11639,intense and fruitful path
759478604,Repetition,12165,12190,intense and fruitful path
759478604,Repetition,14704,14729,intense and fruitful path
761334950,Loaded_Language,726,736,disastrous
761334950,Loaded_Language,1154,1164,depressing
761334950,"Exaggeration,Minimisation",2207,2221,most desperate
761334950,"Exaggeration,Minimisation",2343,2353,still less
761334950,Loaded_Language,2899,2916,downright bizarre
761334950,Loaded_Language,5837,5872,"controlled, systematized extinction"
761334950,Loaded_Language,14078,14088,incredible
761334950,Loaded_Language,14144,14156,death throes
761334950,Loaded_Language,15508,15534,impending total extinction
761334950,Doubt,16086,16116,What are these people smoking?
761334950,Loaded_Language,1306,1325,like a funeral bell
761334950,Loaded_Language,16086,16116,What are these people smoking?
761334950,Repetition,16377,16385,new dawn
761334950,Loaded_Language,17133,17143,demolition
761334950,Loaded_Language,21111,21119,terrible
761546223,Loaded_Language,37,45,Violence
761546223,Loaded_Language,269,280,defenseless
761546223,Loaded_Language,1583,1595,dumbing down
761546223,Loaded_Language,3450,3457,crucial
761546223,Loaded_Language,207,215,misnamed
761546223,"Name_Calling,Labeling",203,246,the misnamed federal “Gun-Free Schools” law
761546223,Repetition,607,614,protect
761546223,Repetition,716,726,protecting
761546223,Repetition,839,846,protect
761546223,Repetition,1788,1797,dumb down
761546223,Repetition,158,171,homeschooling
761546223,Repetition,513,526,homeschooling
761546223,Repetition,483,496,homeschooling
761546223,Repetition,688,701,homeschooling
761546223,Repetition,1989,1999,homeschool
761546223,Repetition,2556,2569,homeschooling
761546223,Repetition,4012,4025,homeschooling
761546223,Repetition,4627,4640,homeschooling
761546223,Repetition,2949,2962,my curriculum
761546223,Repetition,3235,3248,my curriculum
761546223,Repetition,3422,3435,my curriculum
761546223,Repetition,2631,2653,well-rounded education
761546223,Repetition,4484,4506,well-rounded education
761546223,Repetition,388,397,shootings
761546223,Repetition,406,415,shootings
761546223,Repetition,441,449,violence
761546223,Repetition,4169,4180,dumbed down
761546223,Repetition,3272,3286,indoctrination
761546223,Repetition,4271,4284,indoctrinated
761546223,Slogans,225,241,Gun-Free Schools
761546223,Appeal_to_fear-prejudice,72,85,mass shooting
761564397,Causal_Oversimplification,2749,2825,“They used me as an example because of [the backlash over] Hillary Clinton.”
761564397,Flag-Waving,4178,4192,our government
761610997,Loaded_Language,513,521,comatose
761610997,Loaded_Language,1157,1161,dead
761610997,Slogans,1977,1992,"""America First"""
761610997,"Exaggeration,Minimisation",1886,1891,great
761610997,Black-and-White_Fallacy,190,244,"""There is no Republican Party.
There's a Trump party,"""
761610997,"Name_Calling,Labeling",1225,1233,Trumpism
761610997,Black-and-White_Fallacy,1222,1325,"if Trumpism is not the future of the GOP, it is hard to see what a promising GOP agenda might look like"
761610997,"Exaggeration,Minimisation",1843,1856,Soviet Empire
761610997,"Name_Calling,Labeling",2045,2049,cult
761610997,"Name_Calling,Labeling",2202,2209,zealots
761610997,Flag-Waving,2381,2413,"their own country, Great Britain"
761610997,Causal_Oversimplification,2604,2827,"China was allowed to run $4 trillion in trade surpluses at our expense, converting herself into the world's first manufacturing power and denuding America of tens of thousands of factories and millions of manufacturing jobs"
761610997,Causal_Oversimplification,3663,3719,so disillusioned the nation that it elected Barack Obama
761610997,"Exaggeration,Minimisation",4112,4184,"watershed moment in U.S. and world history, and in the future of the GOP"
761610997,Black-and-White_Fallacy,5045,5071,its time has come and gone
761610997,Loaded_Language,617,634,punish aggressors
761610997,Slogans,640,664,end tyranny in our world
761610997,Loaded_Language,4604,4614,repudiated
761674108,Loaded_Language,2560,2574,awash in blood
761674108,Loaded_Language,3771,3781,hard-edged
761674108,Loaded_Language,3803,3812,gut-level
761674108,Slogans,539,585,Extremism in the defense of liberty is no vice
761674108,"Name_Calling,Labeling",698,716,"""Mr. Conservative"""
761674108,Slogans,906,947,"""discretion is the better part of valor."""
761674108,"Name_Calling,Labeling",975,993,summertime soldier
761674108,"Whataboutism,Straw_Men,Red_Herring",1041,1070,while he retires to Tennessee
761674108,Loaded_Language,1125,1133,derision
761674108,"Name_Calling,Labeling",1153,1182,"""dangerous to our democracy."""
761674108,Loaded_Language,1396,1404,savagery
761674108,"Exaggeration,Minimisation",1527,1543,about the future
761674108,Causal_Oversimplification,1549,1615,Trump is president because he read the party and the country right
761674108,Doubt,1690,1723,How could the Beltway GOP not see
761674108,Doubt,1902,1960,What had a quarter century of Bushite free trade produced?
761674108,Doubt,2267,2292,Could Republicans not see
761674108,Flag-Waving,2478,2487,U.S. dead
761674108,Loaded_Language,2880,2888,monsters
761674108,Loaded_Language,2892,2899,destroy
761674108,Flag-Waving,3038,3047,Americans
761674108,"Name_Calling,Labeling",3286,3295,nativists
761674108,Loaded_Language,3300,3306,parade
761674108,"Exaggeration,Minimisation",3319,3330,superiority
761674108,"Name_Calling,Labeling",3465,3473,Trumpism
761674108,"Exaggeration,Minimisation",3479,3513,no two people are more responsible
761674108,Loaded_Language,3674,3681,triumph
761674108,Repetition,4236,4244,Trumpism
761674108,Flag-Waving,4212,4219,America
761674108,Black-and-White_Fallacy,4529,4664,"Should Trump fall, and a restored establishment attempt to reimpose the old policies, there will be a truly uncivil war in this country"
761674108,Black-and-White_Fallacy,4666,4715,"After the Trumpian revolt, there is no going back"
761674108,"Exaggeration,Minimisation",4725,4749,most American of writers
761674108,Flag-Waving,4725,4738,most American
761674108,Flag-Waving,1167,1180,our democracy
761674108,Flag-Waving,2138,2148,our future
761674108,Slogans,2424,2451,to end tyranny in our world
761674108,Loaded_Language,2489,2517,tens of thousands of wounded
761674108,Loaded_Language,2519,2544,trillions of dollars sunk
761674108,Loaded_Language,2630,2660,millions uprooted and homeless
761674108,Doubt,3578,3626,About which of half a dozen wars were they right
761674108,Loaded_Language,3522,3530,blunders
761674108,"Name_Calling,Labeling",4083,4095,Prodigal Son
761674108,Doubt,4097,4235,"Do they believe their old agenda of open borders, amnesty, free trade globalism and democracy-crusading can become America's agenda again?"
761674108,Thought-terminating_Cliches,4693,4715,there is no going back
761780613,Loaded_Language,783,834,"So much time and money wasted, so many lives ruined"
761780613,Slogans,887,899,No Collusion
761874505,Causal_Oversimplification,2312,2388,"“They used me as an example because of [the backlash over] Hillary Clinton,”"
761874505,"Whataboutism,Straw_Men,Red_Herring",1831,1872,but they didn’t prosecute Hillary Clinton
761874505,"Whataboutism,Straw_Men,Red_Herring",1905,1976,Two guys on my ship did the same thing and weren’t treated as criminals
761874505,"Exaggeration,Minimisation",2725,2782,actively destroyed his life an made it all but impossible
761874505,Repetition,2858,2862,free
761874505,Loaded_Language,2921,2937,with good reason
761897089,Flag-Waving,4638,4650,our Republic
761897089,Flag-Waving,4692,4711,The American people
761897089,Flag-Waving,4565,4576,our country
761897089,Flag-Waving,4475,4484,Americans
761897089,"Name_Calling,Labeling",3490,3506,a fine young man
761897089,"Name_Calling,Labeling",4511,4529,the known criminal
761897089,Causal_Oversimplification,3636,3712,"“They used me as an example because of [the backlash over] Hillary Clinton,”"
761897089,Loaded_Language,4629,4637,trashing
761897089,Loaded_Language,4586,4593,corrupt
761897089,Loaded_Language,4138,4148,tremendous
761897089,Loaded_Language,3364,3371,foolish
761897089,"Whataboutism,Straw_Men,Red_Herring",1775,1816,but they didn’t prosecute Hillary Clinton
761897089,"Whataboutism,Straw_Men,Red_Herring",1849,1920,Two guys on my ship did the same thing and weren’t treated as criminals
761968851,Causal_Oversimplification,3843,3984,It is commonly said that wage stagnation contributed to an economic anxiety in middle America that carried Donald Trump into the White House…
761968851,Flag-Waving,5797,5816,ADVANTAGE AMERICANS
761968851,Loaded_Language,149,172,the Wolff book brouhaha
761968851,Causal_Oversimplification,993,1069,and which I argued meant that an unreported illegal alien surge was underway
761968851,Loaded_Language,1641,1660,especially striking
761968851,Loaded_Language,5243,5254,roared back
761968851,Loaded_Language,5950,5969,ADVANTAGE AMERICANS
761968851,Loaded_Language,6237,6257,ADVANTAGE IMMIGRANTS
761968851,Repetition,6389,6408,ADVANTAGE AMERICANS
761968851,Loaded_Language,7163,7170,woke up
761968851,Loaded_Language,755,774,an outright retreat
761968851,Loaded_Language,787,804,dramatic contrast
761968851,Loaded_Language,4199,4205,rocket
761968851,"Name_Calling,Labeling",5258,5274,Obama-era levels
761969038,Thought-terminating_Cliches,5552,5571,Time is running out
761969038,Loaded_Language,119,141,increasingly befuddled
761969038,Loaded_Language,305,321,mysterious memos
761969038,Loaded_Language,1755,1783,the picture is still bleaker
761969038,Loaded_Language,4048,4053,A TIE
761969038,Loaded_Language,4149,4170,ADVANTAGE NATIVE-BORN
761969038,Loaded_Language,4271,4292,ADVANTAGE NATIVE-BORN
761969038,Loaded_Language,4521,4541,ADVANTAGE IMMIGRANTS
761969038,Doubt,5614,5663,Can the same be said for the Obama Administration
761969038,Causal_Oversimplification,1971,2046,"Simply put, the 21st century has not been good for non-Hispanic job seekers"
761969038,Repetition,4391,4412,ADVANTAGE NATIVE-BORN
761969692,Black-and-White_Fallacy,601,725,"Only legislation, above all an immigration moratorium, can secure the fruits of the current economic expansion for Americans"
761969692,Flag-Waving,1894,1907,America First
761969692,Black-and-White_Fallacy,2291,2489,"The only answer is legislation— border wall to stop the illegal alien flow; a second Operation Wetback, including E-Verify, to get the illegal alien self-deporting; a moratorium on legal immigration"
761969692,Flag-Waving,6522,6541,ADVANTAGE AMERICANS
761969692,"Name_Calling,Labeling",393,404,big winners
761969692,"Name_Calling,Labeling",482,492,big losers
761969692,Loaded_Language,2057,2089,too steeped in economic euphoria
761969692,Loaded_Language,2993,3013,with the evaporation
761969692,"Name_Calling,Labeling",3017,3033,the Trump Effect
761969692,"Exaggeration,Minimisation",4010,4090,the term “native born” will refer to a minuscule fraction of the U.S. population
761969692,Loaded_Language,5796,5816,ADVANTAGE IMMIGRANTS
761969692,Loaded_Language,5915,5935,ADVANTAGE IMMIGRANTS
761969692,Loaded_Language,6064,6084,ADVANTAGE IMMIGRANTS
761969692,Loaded_Language,6636,6662,had rebounded dramatically
761969692,"Name_Calling,Labeling",1557,1574,a welcome respite
761969692,"Name_Calling,Labeling",2005,2043,the conservative non-Main Stream Media
761969692,Loaded_Language,2276,2289,jawboned away
761969692,Loaded_Language,2858,2885,comes on the heels of gains
762147609,Flag-Waving,531,546,American people
762147609,Flag-Waving,8629,8648,the American people
762147609,"Name_Calling,Labeling",648,660,rogue nation
762147609,Loaded_Language,3287,3292,shock
762147609,Loaded_Language,4034,4046,dramatically
762147609,"Name_Calling,Labeling",2113,2122,Mr. Trump
762147609,Repetition,3108,3117,Mr. Trump
762147609,Repetition,3930,3939,Mr. Trump
762147609,"Exaggeration,Minimisation",1298,1314,windfall of cash
762147609,Appeal_to_fear-prejudice,2160,2290,"Companies doing business in Iran face substantial risks, and those risks are even greater as we reimpose nuclear-related sanctions"
762147609,Appeal_to_fear-prejudice,3800,3836,activities could be quickly expanded
762152527,Loaded_Language,1412,1423,wishy-washy
762152527,Loaded_Language,2017,2026,startling
762152527,Flag-Waving,1121,1166,betraying the interest of the American people
762152527,Doubt,863,897,How could Ryan possibly know this?
762152527,Loaded_Language,1502,1535,"lacking push, zeal and enthusiasm"
762152527,Loaded_Language,1802,1827,the rotten inner workings
762152527,"Whataboutism,Straw_Men,Red_Herring",1870,1912,They want to preserve the FBI’s reputation
762152527,"Whataboutism,Straw_Men,Red_Herring",1914,1953,They don’t care to see Trump vindicated
762152527,Doubt,898,975,Isn’t he prejudging the case without even finding out what actually happened?
762160164,Loaded_Language,522,532,dirty deal
762160164,Doubt,595,618,how many more are there
762160164,"Exaggeration,Minimisation",2414,2435,most important market
762160164,"Exaggeration,Minimisation",2470,2493,most important currency
762160164,Loaded_Language,2572,2581,disgraced
762160164,Repetition,3115,3122,Scandal
762160164,Repetition,3164,3171,scandal
762160164,"Exaggeration,Minimisation",3185,3194,Not a one
762160164,"Name_Calling,Labeling",1540,1543,bad
762160164,Loaded_Language,2520,2529,worthless
762200179,Repetition,6609,6625,It did not allow
762200179,Repetition,6715,6731,It did not allow
762200179,Repetition,6804,6820,It did not allow
762200179,Repetition,6884,6900,it did not allow
762200179,Flag-Waving,663,678,American people
762200179,"Exaggeration,Minimisation",1300,1306,widely
762200179,"Exaggeration,Minimisation",6376,6386,absolutely
762200179,"Exaggeration,Minimisation",6417,6424,totally
762200179,Loaded_Language,3915,3920,Yikes
762200179,Flag-Waving,6074,6077,our
762200179,Flag-Waving,6195,6198,our
762206044,"Name_Calling,Labeling",2378,2397,fucking Islamophobe
762206044,"Name_Calling,Labeling",2791,2808,Influential expat
762206044,Loaded_Language,4136,4157,to dance to his tunes
762206044,"Name_Calling,Labeling",7183,7194,a bad actor
762206044,Loaded_Language,9251,9263,made a stink
762206044,Loaded_Language,8127,8143,devastating hack
762206044,"Name_Calling,Labeling",35,48,Muslim IT Spy
762206044,"Exaggeration,Minimisation",62,105,One of the biggest stories of 2017 and 2018
762206044,"Exaggeration,Minimisation",246,287,the biggest crime of spying in US history
762206044,"Name_Calling,Labeling",291,304,Muslim IT spy
762206044,Loaded_Language,1864,1879,became “frantic
762206044,Loaded_Language,1947,1972,to kill the investigation
762206044,"Whataboutism,Straw_Men,Red_Herring",2107,2120,a Jewish name
762206044,Loaded_Language,3175,3197,ominously’ indifferent
762206044,Loaded_Language,4046,4083,easy access to the corridors of power
762206044,Loaded_Language,4330,4352,with dire consequences
762206044,"Exaggeration,Minimisation",5051,5127,his IT position in Congress gave him the power to “change the U.S. president
762206044,Loaded_Language,6682,6692,so rattled
762206044,"Name_Calling,Labeling",7412,7426,a rule-breaker
762206044,Doubt,7945,8168,"Wasserman Schultz was defending someone investigators allegedly told her was suspected of cybersecurity violations, despite having resigned from her position as DNC head following a devastating hack during the 2016 election"
762206044,Loaded_Language,9136,9185,"profane, with every official she could buttonhole"
762206044,Loaded_Language,10685,10700,quickly souring
762206044,Loaded_Language,2378,2385,fucking
762340819,Loaded_Language,8,15,Treason
762340819,"Exaggeration,Minimisation",17,27,Even Worse
762340819,"Exaggeration,Minimisation",1604,1613,the worst
762340819,"Name_Calling,Labeling",1861,1893,black-hearted Presbyterian bigot
762340819,"Name_Calling,Labeling",2258,2287,crook and an economic Leftist
762340819,Repetition,1184,1191,treason
762340819,Repetition,1454,1461,treason
762340819,Repetition,2515,2522,treason
762340819,Repetition,3164,3171,treason
762340819,Repetition,3532,3539,treason
762340819,Repetition,3625,3632,treason
762340819,Repetition,3657,3664,treason
762340819,"Exaggeration,Minimisation",1536,1567,"for years, and probably decades"
762340819,"Exaggeration,Minimisation",2377,2389,Nothing good
762340819,Slogans,3284,3302,“Death to America”
762340819,Loaded_Language,3892,3901,massacres
762340819,Loaded_Language,3934,3944,tremendous
762340819,"Exaggeration,Minimisation",336,346,even worse
762340819,"Name_Calling,Labeling",1763,1782,Blind to corruption
762340819,Loaded_Language,3568,3579,incompetent
762340819,Loaded_Language,3581,3588,corrupt
762340819,Loaded_Language,3590,3599,dishonest
762340819,Appeal_to_fear-prejudice,3875,3901,committing jihad massacres
762340819,Flag-Waving,3902,3914,of Americans
762340819,Loaded_Language,4639,4650,catastrophe
762546428,Loaded_Language,371,383,brainwashing
762546428,Loaded_Language,965,981,rampant violence
762546428,Loaded_Language,3326,3341,absolute horror
762546428,Loaded_Language,76,84,Violence
762546428,Loaded_Language,110,122,skyrocketing
762546428,Loaded_Language,274,280,so bad
762546428,Loaded_Language,1172,1180,bullying
762546428,Loaded_Language,1391,1398,forcing
762546428,Loaded_Language,3091,3099,enslaved
762546428,Loaded_Language,3238,3251,authoritarian
762546428,Loaded_Language,3273,3284,wreak havoc
762546428,Loaded_Language,1230,1239,disturbed
762546428,Repetition,1284,1296,brainwashing
762546428,Repetition,2153,2161,violence
762546428,Repetition,2420,2427,concern
762546428,Repetition,1727,1734,concern
762546428,Repetition,309,318,concerned
762546428,Repetition,248,262,indoctrination
762546428,Repetition,1301,1315,indoctrination
762546428,Repetition,2580,2594,Indoctrination
762546428,Repetition,333,341,violence
762546428,Repetition,973,981,violence
762546428,Repetition,1158,1166,violence
762546428,Repetition,1247,1265,social engineering
762546428,Causal_Oversimplification,2652,2713,It’s the very reason the governments of the world still exist
762546428,"Exaggeration,Minimisation",2890,2943,Governments are nothing more than a handful of people
762546428,"Exaggeration,Minimisation",692,700,exploded
762546428,Flag-Waving,3288,3299,our society
762546428,"Name_Calling,Labeling",185,211,leftist social engineering
762956953,"Exaggeration,Minimisation",630,669,the worst president in American history
763260610,Loaded_Language,970,981,bogus smear
763260610,Loaded_Language,1284,1363,the storms of raw truth that have blown through the capitals of rapacious power
763260610,"Name_Calling,Labeling",2205,2238,prolific journalist and publisher
763260610,Loaded_Language,3031,3086,sucking up to the United States in the time-honored way
763260610,Loaded_Language,4166,4190,ending up in a hell hole
763260610,Flag-Waving,4192,4309,"But it is also about freedom of speech, about our right to know, which is enshrined in the United States Constitution"
763260610,"Name_Calling,Labeling",4724,4742,Russia-gate freaks
763260610,Loaded_Language,6409,6450,a vindictive delight in tormenting Julian
763260610,Loaded_Language,9302,9329,beating the hell out of him
763260610,"Name_Calling,Labeling",9405,9459,"These four overweight, obviously ill-trained young men"
763260610,Loaded_Language,9460,9471,manhandling
763260610,Repetition,10436,10444,immunity
763260610,"Whataboutism,Straw_Men,Red_Herring",14328,14403,but what about Judith Miller and The New York Times lying the West into war
763260610,"Exaggeration,Minimisation",2812,2868,he regarded what they are doing to Julian now as torture
763260610,"Exaggeration,Minimisation",3956,3996,The injustice done to this man is legion
763260610,"Exaggeration,Minimisation",4819,4851,in jail forever or even executed
763260610,Loaded_Language,8129,8166,in bed with the Russians is ludicrous
763260610,"Exaggeration,Minimisation",8247,8265,extremely critical
763260610,"Name_Calling,Labeling",9160,9176,he is a renegade
763260610,Loaded_Language,10585,10616,wickedly experimental munitions
763260610,Loaded_Language,0,17,The Eerie Silence
763260610,"Name_Calling,Labeling",254,290,the leader of the Russia-gate frenzy
763260610,"Name_Calling,Labeling",705,719,the Left Forum
763260610,"Exaggeration,Minimisation",1053,1105,one who has exposed a system that threatens humanity
763260610,Loaded_Language,1365,1375,The fakery
763260610,"Name_Calling,Labeling",1411,1424,corrupt media
763260610,"Name_Calling,Labeling",1470,1483,truth-tellers
763260610,Loaded_Language,1516,1529,the raw truth
763260610,Loaded_Language,1593,1619,have not destroyed the man
763260610,Appeal_to_fear-prejudice,1621,1675,Only the silence of good people will allow them to win
763260610,Loaded_Language,2132,2150,a profound tragedy
763260610,Loaded_Language,2311,2359,totally left out in the cold to fend for himself
763260610,Loaded_Language,2430,2443,eerie silence
763260610,"Exaggeration,Minimisation",3559,3589,a great miscarriage of justice
763260610,"Exaggeration,Minimisation",3782,3801,are virtually empty
763260610,"Exaggeration,Minimisation",3911,3931,absolutely clear-cut
763260610,Loaded_Language,4015,4037,the bogus Swedish case
763260610,"Name_Calling,Labeling",4369,4390,a constitutional hero
763260610,"Name_Calling,Labeling",3134,3156,a ‘Constitutional Hero
763260610,Loaded_Language,4500,4518,It’s so ridiculous
763260610,"Name_Calling,Labeling",4639,4664,His journalistic brethren
763260610,"Exaggeration,Minimisation",5066,5120,I have never known anything quite like it in my career
763260610,Loaded_Language,5391,5423,witch-hunting around Russia-gate
763260610,"Exaggeration,Minimisation",5495,5554,Their investigations turned up not a shred of real evidence
763260610,Loaded_Language,5881,5892,was hounded
763260610,Loaded_Language,6160,6182,taken such a battering
763260610,"Exaggeration,Minimisation",6230,6271,the utter hypocrisy of news organizations
763260610,"Exaggeration,Minimisation",6660,6740,I find this one of the most unsavory and immoral things I have seen in my career
763260610,"Name_Calling,Labeling",6845,6907,"One of Assange’s great tormentors, The Guardian‘s Luke Harding"
763260610,Loaded_Language,7459,7495,it was a hack through Julian Assange
763260610,"Name_Calling,Labeling",7661,7680,the Clinton machine
763260610,"Name_Calling,Labeling",7606,7639,the dozen or so pissed-off people
763260610,Loaded_Language,7890,7931,he was rolled by the Clinton organization
763260610,Loaded_Language,8032,8048,farcical element
763260610,Loaded_Language,8777,8790,he yelled out
763260610,Loaded_Language,8957,8999,one of their brethren was being brutalized
763260610,"Name_Calling,Labeling",8957,8978,one of their brethren
763260610,Loaded_Language,9186,9203,It was hysterical
763260610,Loaded_Language,9362,9378,being hauled off
763260610,Loaded_Language,9689,9714,both shocking and surreal
763260610,Loaded_Language,9818,9846,the shocking and the surreal
763260610,Loaded_Language,9916,9946,dark and menacing developments
763260610,Loaded_Language,9967,10009,the word “journalism” is becoming blighted
763260610,"Exaggeration,Minimisation",10201,10274,Never has there been a collusion like the one between the U.S. and Israel
763260610,Loaded_Language,10457,10469,gunning down
763260610,"Exaggeration,Minimisation",10568,10629,some of the most wickedly experimental munitions in the world
763260610,"Whataboutism,Straw_Men,Red_Herring",11055,11168,All the talk of Iran and nuclear weapons is without any reference to the biggest nuclear power in the Middle East
763260610,Loaded_Language,11280,11303,cowardice in journalism
763260610,"Exaggeration,Minimisation",12230,12261,an extraordinary public service
763260610,Loaded_Language,12529,12547,they dressed it up
763260610,Repetition,13164,13180,They had a right
763260610,Loaded_Language,13644,13675,and put flesh on the expression
763260610,"Whataboutism,Straw_Men,Red_Herring",13771,13837,"The enemy to great power is not the likes of the Taliban, it is us"
763260610,Loaded_Language,14075,14095,shocking information
763260610,Loaded_Language,14289,14314,hang him from the rafters
763260610,Loaded_Language,14424,14441,horrific examples
763260610,Appeal_to_Authority,3811,3868,they should be full of people saying that we are with you
763260610,Repetition,10177,10186,collusion
763440871,Loaded_Language,843,866,deadly school massacres
763440871,Loaded_Language,45,60,School Violence
763440871,Loaded_Language,1705,1713,violence
763440871,Loaded_Language,1719,1727,bullying
763440871,Loaded_Language,1859,1868,craziness
763440871,Loaded_Language,727,734,swamped
763440871,Loaded_Language,1371,1381,revolution
763440871,Repetition,478,493,school shooting
763440871,Repetition,934,942,shooting
763440871,Repetition,1536,1545,shootings
763440871,Repetition,3309,3317,Catholic
763440871,Repetition,3339,3347,Catholic
763440871,Black-and-White_Fallacy,3228,3359,There is no better way to keep the Catholic family together and committed to the Catholic restoration than the Catholic home school
763440871,"Name_Calling,Labeling",1825,1853,Left-wing social engineering
763440871,Slogans,3254,3287,keep the Catholic family together
763440871,"Exaggeration,Minimisation",980,988,exploded
763440871,"Exaggeration,Minimisation",2472,2491,couldn't be happier
763761219,Flag-Waving,1875,1890,our communities
763761219,Slogans,116,140,Red Flag Laws save lives
763761219,Repetition,1452,1465,red flag laws
763761219,Repetition,1645,1658,Red Flag Laws
763761219,Flag-Waving,2295,2306,our leaders
764518567,Repetition,6123,6139,gross negligence
764518567,Repetition,6460,6476,gross negligence
764518567,Repetition,6669,6685,gross negligence
764518567,Repetition,6919,6935,Gross negligence
764518567,Loaded_Language,1113,1133,blatantly anti-Trump
764518567,Repetition,5809,5826,grossly negligent
764518567,Loaded_Language,7942,7961,criminally reckless
764518567,Loaded_Language,2954,2972,extremely careless
764518567,Repetition,5832,5850,extremely careless
764518567,Loaded_Language,1924,1933,salacious
764518567,Doubt,2303,2349,emerged in a disappointingly watered-down form
764518567,Loaded_Language,5191,5208,grossly negligent
764518567,Repetition,5887,5903,gross negligence
764518567,Doubt,8001,8054,willful intent to commit an act she knew was wrongful
764518567,"Exaggeration,Minimisation",9804,9833,sharply critical of Mr. Trump
764518567,Loaded_Language,11690,11756,as disappointing as the rigged outcome of the e-mail investigation
764518567,Loaded_Language,1258,1266,infamous
764518567,Loaded_Language,2316,2331,disappointingly
764518567,Loaded_Language,4804,4852,give Hillary Clinton a Get Out of Jail Free card
764518567,Repetition,6093,6111,extremely careless
764518567,Loaded_Language,8365,8402,treat Hillary Clinton with kid gloves
764518567,Repetition,9264,9272,infamous
764518567,Doubt,10680,10702,inexplicably concluded
764609985,Loaded_Language,7112,7118,INSANE
764609985,"Name_Calling,Labeling",7224,7235,big bad guy
764609985,Flag-Waving,675,694,the American people
764609985,Doubt,6332,6366,How in the world can we trust them
764609985,Loaded_Language,5497,5509,unpersuasive
764609985,Loaded_Language,5513,5522,illogical
764609985,Loaded_Language,8747,8765,extremely careless
764609985,Loaded_Language,10403,10413,mishandled
764609985,Loaded_Language,288,296,terrible
764609985,Loaded_Language,500,507,immoral
764609985,Loaded_Language,1681,1685,damn
764609985,Loaded_Language,2352,2362,disturbing
764609985,Loaded_Language,2463,2471,damaging
764609985,Doubt,2550,2764,"Peter Strzok, a key investigator on both the Clinton email case and the investigation of Russia and the Trump campaign, assured an FBI lawyer in August 2016 that “we’ll stop” Trump from making it to the White House"
764609985,Loaded_Language,2992,3003,disparaging
764609985,Loaded_Language,3574,3578,FIVE
764609985,Loaded_Language,3701,3707,DURING
764609985,Loaded_Language,4675,4681,damned
764609985,Loaded_Language,4924,4933,disgraced
764609985,Doubt,5891,6090,we did not have confidence that Strzok’s decision to prioritize the Russia investigation over following up on the Midyear-related investigative lead discovered on the Weiner laptop was free from bias
764609985,Doubt,5496,5541,"“unpersuasive,” “illogical,” and inconsistent"
764609985,Loaded_Language,8497,8514,grossly negligent
764609985,Appeal_to_Authority,10188,10225,I fully believe IG Horowitz’ findings
764609985,Loaded_Language,7247,7251,mess
764609985,Repetition,8701,8718,grossly negligent
764609985,Loaded_Language,11038,11048,even worse
764664283,Loaded_Language,3743,3755,so ferocious
764664283,Loaded_Language,3925,3946,a terrifying judgment
764664283,Loaded_Language,5615,5622,massive
764664283,Loaded_Language,6383,6393,sex slaves
764664283,Loaded_Language,7391,7405,preposterously
764664283,Loaded_Language,1394,1405,legerdemain
764664283,Loaded_Language,3760,3770,hypocrites
764664283,Loaded_Language,7045,7053,violence
764664283,Loaded_Language,7236,7278,"naïve, inaccurate, misleadingly sunny view"
764664283,Loaded_Language,7255,7278,misleadingly sunny view
764664283,Loaded_Language,451,476,the duty to kill infidels
764664283,Loaded_Language,1184,1205,incitement and hatred
764664283,Loaded_Language,4110,4131,That sounds wonderful
764664283,Loaded_Language,5538,5571,"God’s inexhaustible mercy, indeed"
764664283,Loaded_Language,5580,5596,peaceful fantasy
764664283,Loaded_Language,6058,6108,blow up the White House and conquer Rome and Spain
764664283,Loaded_Language,7568,7635,head-in-the-sand posture toward Qur’an-based Islamic jihad violence
764664283,Causal_Oversimplification,125,303,the only reason why there is general interest in the Qur’an among non-Muslims is to seek an answer to the question of whether or not it justifies and encourages Islamic terrorism
764664283,Causal_Oversimplification,7720,7854,"It isn’t remotely accurate, but it feels good, and for the Catholic and Leftist establishment today, that seems to be all that matters"
764664283,Causal_Oversimplification,2529,2664,"To eradicate these, Muslims are required to wage war until there exists none of it in the world, and the only religion is that of Allah"
764664283,"Name_Calling,Labeling",0,34,Foolish Religion Author Gary Wills
764664283,"Name_Calling,Labeling",3496,3521,“right-wing Islamophobes”
764664283,"Name_Calling,Labeling",7337,7367,"Leftist Catholic, Pope Francis"
764664283,"Name_Calling,Labeling",1364,1383,tu quoque arguments
764664283,"Name_Calling,Labeling",468,476,infidels
764664283,Appeal_to_fear-prejudice,463,476,kill infidels
764664283,Appeal_to_fear-prejudice,1546,1577,war against Jews and Christians
764664283,Appeal_to_fear-prejudice,5196,5228,kill them wherever you find them
764664283,"Exaggeration,Minimisation",1092,1128,the best possible face on the Qur’an
764664283,"Exaggeration,Minimisation",2413,2426,worst of sins
764664283,"Exaggeration,Minimisation",2250,2287,unlimited warfare against non-Muslims
764664283,"Exaggeration,Minimisation",4063,4098,inexhaustible mercy and forgiveness
764664283,"Exaggeration,Minimisation",5611,5631,one massive question
764664283,"Exaggeration,Minimisation",5776,5806,so very many Muslims worldwide
764664283,Black-and-White_Fallacy,2529,2664,"To eradicate these, Muslims are required to wage war until there exists none of it in the world, and the only religion is that of Allah"
764664283,Black-and-White_Fallacy,5285,5372,To “emigrate in the cause of Allah” is to leave one’s home and join up with the Muslims
764664283,Repetition,5502,5537,“kill them wherever you find them.”
764664283,Doubt,5538,5571,"God’s inexhaustible mercy, indeed"
764664283,Doubt,6960,7008,"How would Garry Wills explain all that?
He can’t"
764664283,Doubt,1636,1722,Wills is no more trustworthy when he deals with the question of violence in the Qur’an
764664283,Doubt,2666,2747,"Wills doesn’t mention the existence of such interpretations, even to dismiss them"
764664283,Doubt,2749,2895,"Likewise, when he claims that the Qur’an has “not a thing” to say about Sharia, he appears unaware that the Qur’an is one of the sources of Sharia"
764664283,Doubt,3624,3714,Again and again it turns out that Wills has ignored key passages in order to make his case
764664283,Doubt,591,698,"That would be good to know, were Wills a reliable witness.
Unfortunately, he proves to be just the opposite"
764664283,Doubt,872,960,"Wills, not surprisingly, does not offer any quotation from me to back up his false claim"
764664283,Doubt,2150,2287,He ignores the fact that some Islamic authorities see this passage as calling for nothing less than unlimited warfare against non-Muslims
764664283,Doubt,4314,4389,Wills has omitted all mention of the primary Qur’anic passage on this topic
764664283,Doubt,7229,7292,"Wills’ naïve, inaccurate, misleadingly sunny view of the Qur’an"
764664283,Doubt,1481,1634,"Wills never mentions Qur’an 9:29, which commands Muslims to wage war against Jews and Christians and subjugate them as inferiors under the rule of Sharia"
764664283,Doubt,1928,1964,Wills doesn’t give any source for it
764664283,Doubt,5676,5823,"if the Islamic holy book is really as peaceful and benign as Garry Wills makes it out to be, why do so very many Muslims worldwide misunderstand it"
764664283,"Whataboutism,Straw_Men,Red_Herring",3535,3591,the Bible contains material that is just as bad or worse
764664283,"Bandwagon,Reductio_ad_hitlerum",5825,5894,"The Islamic State (ISIS), in its heyday, quoted the Qur’an frequently"
764715911,Loaded_Language,4380,4391,nonsensical
764715911,Repetition,4015,4028,anti-American
764715911,Black-and-White_Fallacy,2859,2916,"if we do that, we won't have to worry about mass shooters"
764715911,Flag-Waving,132,142,"""American"""
764715911,Black-and-White_Fallacy,254,348,they are about as anti-American as it comes in their new demands for gun confiscation measures
764715911,Doubt,937,1001,couldn't tell you any of these devices or items if they saw them
764715911,Black-and-White_Fallacy,1667,1713,This has nothing to do with medicine or health
764715911,Repetition,3722,3734,Non-American
764715911,Black-and-White_Fallacy,6379,6427,"a right, not a permission, to keep and bear arms"
764715911,Loaded_Language,6958,6981,carnage of gun violence
764715911,Loaded_Language,6832,6852,public health crisis
764715911,"Whataboutism,Straw_Men,Red_Herring",7265,7459,"people are dying by the hundreds of thousands at the hands of drugs approved by the FDA, but I don't hear you guys calling to shut down the unconstitutional FDA or put Big Pharma out of business"
764715911,Causal_Oversimplification,7652,7700,they don't want to bite the hand that feeds them
764715911,Flag-Waving,272,285,anti-American
764715911,"Name_Calling,Labeling",573,584,law-abiding
764715911,Loaded_Language,1728,1734,stupid
764715911,Flag-Waving,2558,2561,our
764715911,Repetition,5779,5788,Encourage
764715911,Flag-Waving,6646,6649,our
764715911,Doubt,7479,7513,Where is Berg's blog post on that?
764715911,Doubt,7514,7597,Where is the AMA statement against the pharmaceutical companies and big government?
765029945,Loaded_Language,1412,1423,thoughtless
765029945,Appeal_to_fear-prejudice,1618,1642,to end national security
765029945,"Bandwagon,Reductio_ad_hitlerum",334,400,Anything a Republican president does is exactly like the Holocaust
765029945,"Bandwagon,Reductio_ad_hitlerum",424,470,compared US immigration policy to Nazi Germany
765029945,Appeal_to_fear-prejudice,677,687,death-camp
765029945,Loaded_Language,746,765,particularly stupid
765029945,Black-and-White_Fallacy,251,329,only shameless Zionists would attempt to equate killing Jews with killing Jews
765029945,Appeal_to_fear-prejudice,1114,1129,killed them all
765029945,Appeal_to_fear-prejudice,1326,1339,extermination
765029945,Causal_Oversimplification,1502,1561,The attacks here are motivated by a desire for open borders
765029945,"Exaggeration,Minimisation",1643,1650,forever
765029945,Loaded_Language,1590,1603,human shields
765029945,"Name_Calling,Labeling",256,265,shameless
765029945,Repetition,873,877,Nazi
765029945,Repetition,951,955,Nazi
765029945,Repetition,1043,1047,Nazi
765029945,Repetition,1375,1379,Nazi
765197039,Loaded_Language,2154,2185,remarkable ignorance of history
765197039,Loaded_Language,4397,4404,useless
765197039,Loaded_Language,907,911,Sure
765197039,Loaded_Language,3370,3381,degradation
765197039,Loaded_Language,3835,3855,vilify and humiliate
765197039,Loaded_Language,3846,3855,humiliate
765197039,Loaded_Language,4223,4259,The non-Muslims are nothing but dirt
765197039,Loaded_Language,403,435,stance of denial and appeasement
765197039,Loaded_Language,3004,3031,to exterminate the infidels
765197039,Loaded_Language,3897,3904,exalted
765197039,"Name_Calling,Labeling",4290,4351,partisans of Satan; most treacherous in regard to all they do
765197039,"Name_Calling,Labeling",4750,4789,just another mainstream hack politician
765197039,"Name_Calling,Labeling",446,469,the global jihad threat
765197039,"Name_Calling,Labeling",1245,1252,jihadis
765197039,"Name_Calling,Labeling",1338,1352,the “moderates
765197039,"Name_Calling,Labeling",2270,2282,jihad terror
765197039,"Name_Calling,Labeling",3019,3031,the infidels
765197039,"Name_Calling,Labeling",3208,3230,the People of the Book
765197039,"Name_Calling,Labeling",3385,3397,the infidels
765197039,"Name_Calling,Labeling",3725,3740,a real believer
765197039,"Name_Calling,Labeling",3909,3929,the race of infidels
765197039,Appeal_to_fear-prejudice,568,904,"If dealing with Islamic fundamentalism becomes a battle between us and the entire religion, I’ll tell you the result: we’ll lose.
We will simply lose….We absolutely have to get that Muslim majority living in many of our towns and cities on our side, more attuned to Western values than some pretty hardline interpretations of the Qur’an"
765197039,Appeal_to_fear-prejudice,3007,3031,exterminate the infidels
765197039,Appeal_to_fear-prejudice,1961,2088,"But if we don’t speak about such facts, how will we ever convince Muslims not to follow “hardline interpretations of the Qur’an"
765197039,"Exaggeration,Minimisation",615,658,a battle between us and the entire religion
765197039,"Exaggeration,Minimisation",2609,2629,innumerable examples
765197039,"Exaggeration,Minimisation",2777,2796,the highest dignity
765197039,"Exaggeration,Minimisation",4243,4259,nothing but dirt
765197039,"Exaggeration,Minimisation",4310,4351,most treacherous in regard to all they do
765197039,"Exaggeration,Minimisation",235,256,everything they could
765197039,"Exaggeration,Minimisation",1004,1048,a “battle between us and the entire religion
765197039,"Exaggeration,Minimisation",1114,1143,with the entire Islamic world
765197039,"Exaggeration,Minimisation",2306,2342,a “battle” with the “entire religion
765197039,"Exaggeration,Minimisation",2444,2505,entire religion to be at war with the entire non-Muslim world
765197039,"Exaggeration,Minimisation",4353,4404,whose whole endeavor in this nether life is useless
765197039,"Exaggeration,Minimisation",4572,4603,at war with the entire religion
765197039,Repetition,1033,1048,entire religion
765197039,Repetition,2306,2343,a “battle” with the “entire religion”
765197039,Repetition,2444,2459,entire religion
765197039,Repetition,4588,4603,entire religion
765197039,Repetition,698,717,We will simply lose
765197039,Repetition,3921,3929,infidels
765197039,Doubt,187,289,but British establishment politicians have done everything they could to sabotage that vote since then
765197039,Doubt,1058,1143,No sane person is saying that the West should go to war with the entire Islamic world
765197039,Doubt,2091,2505,"Another problem with Farage’s statement is that it manifests a remarkable ignorance of history.
While he is deeply concerned that British people not begin to think that resisting jihad terror means that they are in a “battle” with the “entire religion” of Islam, he appears unaware of the fact that many Muslims throughout history have considered their entire religion to be at war with the entire non-Muslim world"
765197039,Doubt,4726,4789,Nigel Farage has become just another mainstream hack politician
765197039,Thought-terminating_Cliches,330,368,"if he can’t beat them, he’ll join them"
765197039,Appeal_to_Authority,2507,2591,I document this abundantly in my new book The History of Jihad From Muhammad to ISIS
765197039,Appeal_to_Authority,2631,2879,"Sharaf ad-Din Ali Yazdi, a fifteenth-century Persian who wrote a biography of the Mongol Muslim warrior Tamerlane, observed that “the Qur’an says the highest dignity man can attain is that of making war in person against the enemies of his religion"
765197039,Appeal_to_Authority,2881,2962,"Muhammad advises the same thing, according to the tradition of the Muslim doctors"
765197039,Appeal_to_Authority,3299,4011,"Fatimid caliph Al-Amir bi-Ahkamillah issued this edict:
Now, the prior degradation of the infidels in this world before the life to come—where it is their lot—is considered an act of piety; and the imposition of their poll tax [jizya], “until they pay the tribute out of hand and have been humbled” (Koran 9:29) is a divinely ordained obligation….The dhimmi’s payment of his dues by a bill drawn on a Muslim, or by delegating a real believer to pay it in his name will not be tolerated.
It must be exacted from him directly in order to vilify and humiliate him, so that Islam and its people may be exalted and the race of infidels brought low.
The jizya is to be imposed on all of them in full, without exception"
765197039,Appeal_to_Authority,4094,4541,"the Umayyad caliph Umar ibn Abd al-Aziz sent out a message to the governors of the various Islamic provinces:
O you who believe!
The non-Muslims are nothing but dirt.
Allah has created them to be partisans of Satan; most treacherous in regard to all they do; whose whole endeavor in this nether life is useless, though they themselves imagine that they are doing fine work.
Upon them rests the curse of Allah, of the Angels and of man collectively"
765197039,Causal_Oversimplification,3489,3644,"and the imposition of their poll tax [jizya], “until they pay the tribute out of hand and have been humbled” (Koran 9:29) is a divinely ordained obligation"
765197039,"Whataboutism,Straw_Men,Red_Herring",4605,4724,"But what, Mr. Farage, are we to think about the Muslims who consider themselves and their religion to be at war with us"
765385479,Appeal_to_fear-prejudice,16,85,"The persecution of Julian Assange must end.
Or it will end in tragedy"
765385479,Loaded_Language,522,537,gross injustice
765385479,Loaded_Language,982,1059,"a tsunami of lies and smear engulf him, endlessly, vindictively, perfidiously"
765385479,"Name_Calling,Labeling",2100,2117,Vichy journalists
765385479,Loaded_Language,2422,2440,obliterate totally
765385479,Loaded_Language,2690,2722,murdered publicly and gruesomely
765385479,Loaded_Language,3435,3495,to crush starving and stricken people in a genocidal assault
765385479,"Name_Calling,Labeling",3790,3820,a tool of Russian intelligence
765385479,"Name_Calling,Labeling",3827,3886,a nihilistic opportunist who does the bidding of a dictator
765385479,Loaded_Language,4225,4243,a vicious re-tweet
765385479,"Name_Calling,Labeling",4246,4270,Assange is Putin’s bitch
765385479,"Name_Calling,Labeling",5347,5383,a “damaged personality” and “callous
765385479,Loaded_Language,5932,5950,bogus and farcical
765385479,Loaded_Language,6924,6977,"Screw the terrorist.
He’ll be eating cat food forever"
765385479,"Name_Calling,Labeling",7005,7052,the suburban home of America’s war-making elite
765385479,Loaded_Language,9479,9499,outrageous behaviour
765385479,Loaded_Language,4441,4461,Like a spurned lover
765385479,Loaded_Language,6478,6496,a media witch-hunt
765385479,Loaded_Language,6559,6573,The witch-hunt
765385479,"Name_Calling,Labeling",6930,6943,the terrorist
765385479,"Exaggeration,Minimisation",8431,8458,Assange is in mortal danger
765385479,Appeal_to_fear-prejudice,206,375,"They can remain silent, for which history will be unforgiving.
Or they can act in the interests of justice and humanity and bring this remarkable Australian citizen home"
765385479,"Exaggeration,Minimisation",564,630,gross miscarriage of justice and the extreme danger that await him
765385479,"Name_Calling,Labeling",917,965,a person of extraordinary resilience and courage
765385479,"Exaggeration,Minimisation",982,1031,"a tsunami of lies and smear engulf him, endlessly"
765385479,Loaded_Language,1081,1086,smear
765385479,Loaded_Language,1630,1651,a unrelenting assault
765385479,"Exaggeration,Minimisation",1759,1848,they planned a war on a single human being and on the very principle of freedom of speech
765385479,Loaded_Language,1889,1903,personal smear
765385479,"Name_Calling,Labeling",1905,1923,Their shock troops
765385479,Loaded_Language,2321,2341,over whom she fawned
765385479,"Name_Calling,Labeling",2346,2374,the icon for your generation
765385479,"Name_Calling,Labeling",2497,2578,one of the instigators of the invasion and destruction of Libya as a modern state
765385479,Doubt,2611,2658,"Like the invasion of Iraq, it was based on lies"
765385479,Loaded_Language,2756,2777,whooping and cheering
765385479,"Name_Calling,Labeling",2815,2861,a breeding ground for ISIS and other jihadists
765385479,Doubt,2779,2972,"Thanks largely to her, Libya became a breeding ground for ISIS and other jihadists.
Thanks largely to her, tens of thousands of refugees fled in peril across the Mediterranean, and many drowned"
765385479,"Exaggeration,Minimisation",3279,3305,the biggest arms sale ever
765385479,"Name_Calling,Labeling",3522,3544,a highly paid reporter
765385479,Loaded_Language,3725,3748,Clinton defamed Assange
765385479,Flag-Waving,3750,3771,an Australian citizen
765385479,Doubt,3889,3968,She offered no evidence — nor was asked for any — to back her grave allegations
765385479,Loaded_Language,3951,3968,grave allegations
765385479,Loaded_Language,4028,4046,shocking interview
765385479,"Exaggeration,Minimisation",4272,4286,We all know it
765385479,"Name_Calling,Labeling",4322,4338,Vichy journalism
765385479,"Whataboutism,Straw_Men,Red_Herring",4354,4394,reputedly once a great liberal newspaper
765385479,Loaded_Language,4396,4416,conducted a vendetta
765385479,Loaded_Language,4486,4529,"personal, petty, inhuman and craven attacks"
765385479,"Whataboutism,Straw_Men,Red_Herring",4476,4585,"aimed its personal, petty, inhuman and craven attacks at a man whose work it once published and profited from"
765385479,"Exaggeration,Minimisation",4809,4869,one of the greatest journalistic scoops of the last 30 years
765385479,Loaded_Language,5144,5164,struggled to survive
765385479,"Exaggeration,Minimisation",5171,5201,not a penny going to WikiLeaks
765385479,Loaded_Language,5316,5335,gratuitously abused
765385479,Loaded_Language,5743,5762,gloated on his blog
765385479,Loaded_Language,6160,6180,trying to clamp down
765385479,Loaded_Language,6205,6225,audaciously revealed
765385479,Loaded_Language,6286,6335,"with their attendant rape, murder and destruction"
765385479,Causal_Oversimplification,6337,6442,The authorities care so little about violence against women that they manipulate rape allegations at will
765385479,"Exaggeration,Minimisation",6686,6700,extreme danger
765385479,"Name_Calling,Labeling",6818,6840,a “Manhunt target list
765385479,"Name_Calling,Labeling",6900,6922,a nice bride in prison
765385479,"Exaggeration,Minimisation",7352,7484,No investigative journalism in my lifetime can equal the importance of what WikiLeaks has done in calling rapacious power to account
765385479,Loaded_Language,7498,7590,a one-way moral screen has been pushed back to expose the imperialism of liberal democracies
765385479,Loaded_Language,7634,7678,division and degradation of “unworthy” lives
765385479,"Exaggeration,Minimisation",7610,7625,endless warfare
765385479,Loaded_Language,7793,7836,a vast tapestry of lies up on which we feed
765385479,Loaded_Language,7857,7953,"systematic brutality, the widespread atrocities, the ruthless suppression of independent thought"
765385479,"Whataboutism,Straw_Men,Red_Herring",7853,8050,"the systematic brutality, the widespread atrocities, the ruthless suppression of independent thought” of the Soviet Union were well known in the West while America’s imperial crimes “never happened"
765385479,Loaded_Language,8233,8248,fraudulent wars
765385479,Loaded_Language,8277,8307,bald-faced lies of governments
765385479,Flag-Waving,341,370,remarkable Australian citizen
765385479,Repetition,9397,9418,an Australian citizen
765385479,"Name_Calling,Labeling",9784,9804,pioneering feminists
765385479,Doubt,9119,9372,"until she was told she could not do this: that Assange had committed no crime: that WikiLeaks was a publisher, whose work was protected under Article 19 of the Universal Declaration of Human Rights, to which Australia was one of the original signatories"
765385479,Appeal_to_fear-prejudice,10444,10686,"Malcolm Turnbull can remain silent.
Or he can seize this opportunity and use his government’s diplomatic influence to defend the life of an Australian citizen, whose courageous public service is recognised by countless people across the world"
765385479,Flag-Waving,10562,10602,defend the life of an Australian citizen
765385479,"Exaggeration,Minimisation",10636,10686,is recognised by countless people across the world
765385479,Loaded_Language,564,592,gross miscarriage of justice
765385479,"Bandwagon,Reductio_ad_hitlerum",2120,2210,after the Vichy government that served and enabled the German occupation of wartime France
765385479,Loaded_Language,4265,4270,bitch
765385479,Loaded_Language,9856,9902,"warmongering, sycophantic, embarrassing speech"
765913191,Loaded_Language,361,370,hypocrisy
765913191,Repetition,3844,3864,law-abiding citizens
765913191,Slogans,5077,5119,"""Take the guns first and then due process"""
765913191,Flag-Waving,6575,6584,America’s
765913191,Loaded_Language,4502,4536,unconstitutional and unlawful laws
765913191,Slogans,601,612,#NeverAgain
765913191,Black-and-White_Fallacy,255,347,despite the fact that government has never been given authority to restrict or regulate arms
765913191,Loaded_Language,710,722,aggressively
765913191,Black-and-White_Fallacy,3587,3621,attacking the rights of the people
765913191,"Name_Calling,Labeling",4244,4252,geniuses
765913191,Black-and-White_Fallacy,5827,5905,We wouldn’t be doing our jobs as mayors if we weren’t focusing on gun violence
765913191,Repetition,6357,6376,gun violence crisis
765913191,Repetition,6957,6974,unlawful policies
765913191,"Exaggeration,Minimisation",6999,7038,nothing could be further from the truth
765913191,Black-and-White_Fallacy,6739,6882,"the Second Amendment recognizes the right to keep and bear arms is a right given to us by our Creator, not a permission we gain from government"
765913191,Repetition,777,787,consistent
765913191,Repetition,3422,3432,consistent
765913191,Repetition,6979,6989,consistent
765913191,Doubt,1461,1513,And just what kind of policies are we talking about?
765913191,Repetition,3730,3750,law-abiding citizens
765913191,Repetition,4891,4911,law-abiding citizens
765913191,Flag-Waving,5596,5599,our
765913191,Flag-Waving,5800,5803,our
765913191,Flag-Waving,6527,6530,our
765953146,Loaded_Language,2168,2186,extremely careless
765953146,Loaded_Language,787,816,Jim Comey and Jim Comey alone
765953146,Repetition,982,1011,Jim Comey and Jim Comey alone
765953146,Loaded_Language,1099,1110,devastating
765953146,Loaded_Language,2193,2209,gross negligence
765953146,Loaded_Language,5320,5335,deep state plot
765953146,Repetition,2497,2507,negligence
765982381,Loaded_Language,2063,2106,the victim of a scurrilous slander campaign
765982381,Loaded_Language,3369,3469,"the systematic brutality, the widespread atrocities, the ruthless suppression of independent thought"
765982381,Slogans,6856,6882,Long live the Fifth Estate
765982381,"Bandwagon,Reductio_ad_hitlerum",2851,2932,after the Vichy government that served ad enabled the German occupation of France
765982381,Doubt,4183,4248,ossified bureaucracies incapable of acting quickly and decisively
765982381,"Name_Calling,Labeling",4494,4523,Fourth Estate on Life Support
765982381,"Name_Calling,Labeling",5207,5240,Fourth Estate now on life support
765982381,Loaded_Language,5379,5391,Small wonder
765982381,"Name_Calling,Labeling",398,410,a show trial
765982381,"Exaggeration,Minimisation",416,448,generated worldwide condemnation
765982381,Repetition,955,963,a Church
765982381,Loaded_Language,1025,1044,unseemly sycophancy
765982381,Loaded_Language,1367,1376,cooped up
765982381,"Exaggeration,Minimisation",2200,2230,putting extraordinary pressure
765982381,Causal_Oversimplification,2422,2462,All for spreading unwelcome truth around
765982381,Loaded_Language,2324,2346,get their hands on him
765982381,Loaded_Language,2511,2530,unseemly sycophancy
765982381,"Name_Calling,Labeling",2588,2622,the noble profession of journalism
765982381,Loaded_Language,2626,2635,deafening
765982381,"Name_Calling,Labeling",2831,2848,Vichy journalists
765982381,"Exaggeration,Minimisation",2949,3043,No investigative journalism in my lifetime can equal the importance of what WikiLeaks has done
765982381,Loaded_Language,3095,3187,a one-way moral screen has been pushed back to expose the imperialism of liberal democracies
765982381,"Exaggeration,Minimisation",3207,3222,endless warfare
765982381,Loaded_Language,3309,3352,a vast tapestry of lies up on which we feed
765982381,"Whataboutism,Straw_Men,Red_Herring",3364,3566,"why ‘the systematic brutality, the widespread atrocities, the ruthless suppression of independent thought’ of the Soviet Union were well known in the West while America’s imperial crimes “never happened"
765982381,"Name_Calling,Labeling",3888,3916,frustrated FBI investigators
765982381,Loaded_Language,4110,4131,something devastating
765982381,"Exaggeration,Minimisation",4947,4995,a Fourth Estate more important far then they all
765982381,Repetition,5207,5220,Fourth Estate
765982381,Loaded_Language,5976,6023,the brutality of the celebrated “surge” in Iraq
765982381,"Name_Calling,Labeling",6039,6057,far more a patriot
765982381,"Name_Calling,Labeling",6063,6090,the “mainstream” journalist
765982381,Thought-terminating_Cliches,6197,6250,one bad day in a surge that was filled with such days
765982381,Loaded_Language,6262,6295,had the temerity to lavish praise
765982381,"Name_Calling,Labeling",6415,6438,patriotic truth-tellers
765982381,Doubt,770,1044,Do you want a Church that remains silent when she should speak … a Church that does not condemn the suppression of conscience and does not stand up for the just liberty of the people … a Church that locks herself up within the four walls of her temple in unseemly sycophancy
765982381,Doubt,1600,1817,"Where is the voice of conscience to condemn what is happening to Julian Assange, whose only “crime” is publishing documents exposing the criminal activities and corruption of governments and other Establishment elites"
765982381,Doubt,2492,2555,"One might ask, is “unseemly sycophancy” at work among the media"
766084411,Loaded_Language,2018,2024,absurd
766084411,Doubt,1793,1799,excuse
766084411,Doubt,3958,3991,some very good actors on the Left
766084411,"Name_Calling,Labeling",4170,4174,idol
766084411,Repetition,1914,1924,separating
766084411,Repetition,2131,2140,separated
766084411,Repetition,2437,2447,separating
766084411,Repetition,4062,4072,separating
766084411,Repetition,4529,4539,separating
766084411,Repetition,4688,4697,separated
766084411,Repetition,5224,5234,separation
766084411,Loaded_Language,4035,4040,cruel
766084411,Loaded_Language,4045,4056,insensitive
766632016,Doubt,114,247,"When he says that Muslims never killed Jews just for being Jews, he is lying, and relying on the historical ignorance of his audience"
766632016,Doubt,3742,3775,what the Jews call ‘the Holocaust
766632016,Doubt,3858,4015,"The Jews claim that it happened to them alone and that the number of Jews who died in that Holocaust was six million.
What we have here are historical errors"
766632016,Appeal_to_fear-prejudice,488,515,wholesale slaughter of Jews
766632016,Appeal_to_fear-prejudice,4525,4596,Inhuman and criminal annihilation runs in the veins of many in the West
766632016,"Exaggeration,Minimisation",3594,3609,crocodile tears
766632016,"Exaggeration,Minimisation",5319,5340,"No, it never happened"
766632016,Repetition,3475,3482,fashion
766632016,Repetition,3695,3702,fashion
766632016,Repetition,3655,3670,historical lies
766632016,Repetition,4062,4076,historical lie
766632016,Repetition,3796,3808,annihilation
766632016,Repetition,2663,2674,annihilated
766632016,Repetition,4196,4208,annihilation
766632016,Repetition,4238,4248,annihilate
766632016,Repetition,4253,4264,annihilated
766632016,Repetition,4332,4343,annihilated
766632016,Repetition,4431,4441,annihilate
766632016,Repetition,4546,4558,annihilation
766632016,Repetition,4641,4653,annihilation
766632016,Repetition,4718,4729,annihilated
766632016,Repetition,4777,4788,annihilated
766632016,Repetition,4859,4871,annihilation
766632016,Repetition,4894,4905,annihilated
766632016,Repetition,5133,5144,annihilated
766632016,Repetition,5569,5583,Final Solution
766632016,Repetition,5863,5872,The Nazis
766632016,"Whataboutism,Straw_Men,Red_Herring",3858,3903,The Jews claim that it happened to them alone
766632016,Loaded_Language,4972,4983,exceptional
766632016,Loaded_Language,1925,1969,groaned under the heavy yoke of the Almohads
766632016,Loaded_Language,455,470,massacring Jews
766632016,Loaded_Language,486,507,a wholesale slaughter
766632016,Loaded_Language,2640,2674,"banished, tortured and annihilated"
766632016,Loaded_Language,3586,3670,"to shed crocodile tears about their sorrows, their heresy, and their historical lies"
766632016,Loaded_Language,4626,4653,modern Western annihilation
766632016,Loaded_Language,3796,3808,annihilation
766632016,Loaded_Language,564,590,enraged by the humiliation
766632016,Loaded_Language,1679,1711,clinging to their [Jewish] faith
766632016,Loaded_Language,2584,2601,began “tormenting
766632016,Loaded_Language,3535,3553,the vogue today is
766632016,Loaded_Language,4332,4343,annihilated
766632016,Loaded_Language,4431,4441,annihilate
766632016,Loaded_Language,4525,4558,Inhuman and criminal annihilation
766632016,Loaded_Language,4718,4729,annihilated
766632016,Loaded_Language,4777,4788,annihilated
766632016,Loaded_Language,5109,5144,"banished, tortured, and annihilated"
766632016,Loaded_Language,5425,5456,tormenting and persecuting them
766632016,Appeal_to_Authority,2060,2180,"Don’t allow yourself to be deceived by the likes of Jihad Al-‘Ayesh.
Preorder The History of Jihad From Muhammad to ISIS"
766632016,Appeal_to_Authority,249,366,"In my new book The History of Jihad From Muhammad to ISIS , I detail many instances in which Muslims did exactly that"
766632016,Appeal_to_Authority,1294,1402,The twelfth-century Muslim historian Ibn Baydhaq detailed how the Almohads treated the Jews as they advanced
766632016,"Whataboutism,Straw_Men,Red_Herring",4756,4842,"It is said that they annihilated 50-100 hundred million, but nobody ever mentions this"
766632016,"Whataboutism,Straw_Men,Red_Herring",4091,4184,claiming that it happened to the Jews alone excludes the non-Jews who were tortured by Hitler
766632016,"Whataboutism,Straw_Men,Red_Herring",4462,4596,"Hitler was not the first in the West to perpetrate a genocide.
Inhuman and criminal annihilation runs in the veins of many in the West"
766632016,"Whataboutism,Straw_Men,Red_Herring",4655,4754,"When the Americans occupied the republics of the Indians, they annihilated millions of human beings"
766632016,"Whataboutism,Straw_Men,Red_Herring",5602,5736,"many of the terms used by the Zionist state constitute Nazi terms, ideas, and notions.
It is as if they are two faces of the same coin"
766632016,Causal_Oversimplification,5743,5861,"Since Germany and Europe did not want the Jews, the Nazis came up with the idea of sending the Jews to another country"
766942310,"Name_Calling,Labeling",545,564,‘little rocket man’
766942310,"Name_Calling,Labeling",569,577,‘dotard’
766942310,"Name_Calling,Labeling",1823,1829,chunky
766942310,Flag-Waving,2081,2090,Americans
766942310,Loaded_Language,4373,4388,terrible insult
766942310,Loaded_Language,1797,1806,love-fest
766942310,"Exaggeration,Minimisation",85,94,best-ever
766942310,"Name_Calling,Labeling",345,363,Great White Father
766942310,"Name_Calling,Labeling",374,384,delinquent
766942310,Loaded_Language,621,635,very expensive
766942310,Loaded_Language,1234,1242,to crush
766942310,"Name_Calling,Labeling",1385,1393,bogeyman
766942310,"Name_Calling,Labeling",1410,1426,America’s savior
766942310,"Exaggeration,Minimisation",1581,1611,had no stomach for an invasion
766942310,Loaded_Language,1439,1453,perfectly well
766942310,Loaded_Language,1724,1739,much ballyhooed
766942310,"Name_Calling,Labeling",1776,1785,delighted
766942310,Loaded_Language,1838,1849,was sold to
766942310,Loaded_Language,1932,1939,burnish
766942310,Loaded_Language,2061,2068,grandly
766942310,Slogans,2081,2125,Americans no longer have to fear North Korea
766942310,Doubt,2161,2165,Why?
766942310,"Exaggeration,Minimisation",2130,2159,can sleep peacefully at night
766942310,Appeal_to_fear-prejudice,2881,2899,a very real threat
766942310,Loaded_Language,3330,3348,highly provocative
766942310,"Exaggeration,Minimisation",3845,3862,fanatic’s fanatic
766942310,"Exaggeration,Minimisation",3864,3874,cheerfully
766942310,Loaded_Language,3888,3892,doom
766942310,Loaded_Language,3960,3976,huge humiliation
766942310,"Name_Calling,Labeling",4188,4205,America’s stooges
766942310,"Name_Calling,Labeling",757,775,schoolyard bullies
766942310,Loaded_Language,1712,1720,show-biz
767129999,Loaded_Language,1943,1951,horrible
767129999,"Whataboutism,Straw_Men,Red_Herring",1739,1805,“The Democrats want open borders and they don’t care about crime.”
767129999,Flag-Waving,1498,1513,American people
767129999,Slogans,2058,2094,"“We want children staying together,”"
767129999,Slogans,59,79,Illegals Have To Go!
767129999,Flag-Waving,2478,2499,America's tax dollars
767129999,Loaded_Language,2522,2531,worthless
769427494,Loaded_Language,8476,8487,raged about
769427494,"Name_Calling,Labeling",5083,5102,the House’s top cop
769427494,Loaded_Language,50,58,VANISHED
769427494,"Name_Calling,Labeling",62,91,Muslim Spy Ring Investigation
769427494,Loaded_Language,217,236,God knows what else
769427494,Flag-Waving,242,281,how deeply has America been compromised
769427494,Loaded_Language,1260,1268,VANISHED
769427494,Doubt,5221,5426,"Becerra — now California’s Democratic attorney general — failed to ensure that the Awans didn’t have access to House computer systems during the 2016 election, which was wrought with cybersecurity scandals"
769427494,Loaded_Language,6542,6575,numerous and egregious violations
769427494,Doubt,7254,7366,"He didn’t provide any support for his claim, which is contrary to evidence Kiko and Irving presented to Congress"
769427494,Loaded_Language,9281,9297,are playing dumb
769427494,Doubt,93,281,"Why was the ringleader of the widespread Muslim spy scandal just offered a plea deal?
Who has been exposed to blackmail and God knows what else?
And how deeply has America been compromised"
769427494,Doubt,5704,5794,It’s unclear why that request was not granted or why it was a request rather than an order
769682854,Slogans,253,279,“Make America Great Again”
769682854,"Exaggeration,Minimisation",224,235,all because
769682854,Slogans,1004,1026,I support my President
769682854,Loaded_Language,1579,1586,shocked
769682854,"Name_Calling,Labeling",1996,2016,scum bag of the year
769752554,Slogans,45,49,MAGA
769752554,Repetition,153,157,MAGA
769752554,Slogans,159,183,Make America Great Again
769752554,Loaded_Language,304,313,extremely
769752554,Repetition,392,417,Make American Great Again
769752554,Loaded_Language,626,637,racial slur
769752554,"Name_Calling,Labeling",797,817,scum bag of the year
769752554,Flag-Waving,906,915,patriotic
769752554,"Name_Calling,Labeling",1047,1061,Real tough guy
769752554,Loaded_Language,1347,1357,Disturbing
769752554,"Name_Calling,Labeling",1373,1388,Trump Supporter
769752554,Repetition,1400,1404,MAGA
769752554,"Exaggeration,Minimisation",1448,1488,The civility of the Left on full display
769752554,"Name_Calling,Labeling",1656,1666,shit nigga
769752554,Repetition,1734,1738,MAGA
769752554,Loaded_Language,1779,1801,Bitch ass motherf**ker
769752554,Slogans,1919,1941,I support my President
769752554,Repetition,2311,2327,Trump supporter’
769752554,"Name_Calling,Labeling",2311,2326,Trump supporter
769962236,"Name_Calling,Labeling",0,9,Communist
769962236,"Name_Calling,Labeling",32,47,Trump Supporter
769962236,Loaded_Language,80,89,dangerous
769962236,Loaded_Language,94,101,violent
769962236,Loaded_Language,139,143,ugly
769962236,"Exaggeration,Minimisation",163,168,“man”
769962236,Loaded_Language,169,177,attacked
769962236,Slogans,207,212,#MAGA
769962236,"Name_Calling,Labeling",222,239,criminal attacker
769962236,"Exaggeration,Minimisation",241,244,one
769962236,Flag-Waving,1033,1074,Is this the America Maxine Waters wanted?
769962236,Loaded_Language,1760,1771,altercation
769962236,Loaded_Language,1857,1864,immoral
769962236,Slogans,2200,2223,SAFE SPACE FOR EVERYONE
769962236,Loaded_Language,2634,2637,NOT
769962236,Flag-Waving,2921,2934,our president
769962236,"Name_Calling,Labeling",2964,2977,innocent kids
769962236,Slogans,3260,3278,We are not violent
769962236,Loaded_Language,3903,3912,corrosive
769962236,Loaded_Language,3917,3921,ugly
769962328,Flag-Waving,2213,2316,We got kicked out of a public school for re-enforcing America’s value’s by teaching the US Constitution
769962328,"Name_Calling,Labeling",3274,3311,"counterfeits, self-proclaimed leaders"
769962328,"Name_Calling,Labeling",4074,4086,paper tigers
769962328,Doubt,1756,1825,the reason I dropped the “J” word was because you haven’t in 40 years
769962328,"Name_Calling,Labeling",3749,3790,They are people pleasers and nothing more
769962328,Loaded_Language,4203,4229,to put boots on the ground
769962328,Black-and-White_Fallacy,334,599,"it seems like when you do the wrong thing before God and man, somehow people seem to give it a pass.
Yet, when you begin to do the right things and obey God and love man according to the Word of God, all of a sudden, the world acts like you're doing something wrong"
769962328,"Name_Calling,Labeling",1336,1357,the rock n roll world
769962328,"Name_Calling,Labeling",1978,2012,the revisionists and propagandists
769962328,Appeal_to_fear-prejudice,2086,2195,abortion is murder and that 58 million babies have been murdered since 1973 under the guise of woman’s choice
769962328,Slogans,2086,2104,abortion is murder
769962328,Slogans,2338,2369,homosexuality is an abomination
769962328,"Name_Calling,Labeling",2666,2695,the reprobates and hypocrites
769962328,Causal_Oversimplification,3160,3223,They are being exposed for who they are and they do not like it
769962328,Loaded_Language,3110,3157,"Of course they did, and of course they still do"
769962328,"Name_Calling,Labeling",3566,3594,political leader of the pack
769962328,Causal_Oversimplification,3663,3706,because they have simply forsaken the cross
769962328,Loaded_Language,3877,3901,hide behind a microphone
769962328,Causal_Oversimplification,3985,4063,The reason they don't is because they are guilty of what they fail to confront
769962328,Doubt,4088,4269,"They can write all big and bad but when it comes to what someone else should do.
However, when it is time for them to put boots on the ground, they are simply missing in action (MIA"
769962328,Doubt,3323,3431,"who care more about saving face, than they do the souls of men (Luke 19:10), as well as saving their country"
769962328,"Name_Calling,Labeling",4301,4332,the freest country in the world
769962328,Flag-Waving,4290,4332,to live in the freest country in the world
769962328,Loaded_Language,4559,4593,convict them unto godly repentance
769962328,Doubt,4650,4767,deceiving themselves into believing that they are demanding a lawful change just as long as it does not offend anyone
769962328,Repetition,4811,4823,counterfeits
769962328,Doubt,4805,4932,these counterfeits will be the first ones to get angry with and denounce and attack the ones that are sent by the Spirit of God
769962328,Loaded_Language,5059,5103,in a righteous sense reverse the lawlessness
769962328,Causal_Oversimplification,5150,5259,These groups of people are simply enemies of the cross of Christ and know not the power of God unto salvation
769962328,"Name_Calling,Labeling",5348,5370,the genuine Christians
769962328,"Name_Calling,Labeling",5401,5427,those who are counterfeits
769962328,Loaded_Language,5463,5493,jog comfortably along together
769962328,Loaded_Language,6050,6080,"slandered, lied about, defamed"
769962328,Loaded_Language,6086,6118,fighting the good fight of faith
769962328,Loaded_Language,5946,5975,taking ground for the kingdom
769962328,"Exaggeration,Minimisation",6343,6391,crammed with very many and various kinds of evil
769962328,"Name_Calling,Labeling",6411,6428,the counterfeit's
769962328,Doubt,3596,3661,"Yet, you do not see any warfare or opposition around them and why"
769962328,Causal_Oversimplification,5608,5821,"If Christians were equally as faithful to the Lord, separated from the world (2 Corinthians 6:17), and living so that their lives were a reproof to all ungodliness, the world would hate them as much as it ever did"
769962328,Loaded_Language,6310,6391,"hard, toilsome and unquiet life, crammed with very many and various kinds of evil"
770156173,"Name_Calling,Labeling",4682,4692,dim-witted
770156173,"Name_Calling,Labeling",4814,4832,neocon poster-girl
770156173,"Name_Calling,Labeling",6056,6072,grand deal-maker
770156173,"Name_Calling,Labeling",2469,2498,very eccentric but not stupid
770156173,Loaded_Language,5920,5936,tens of billions
770156173,Loaded_Language,34,47,pretty severe
770156173,Repetition,1021,1029,threaten
770156173,Repetition,2158,2164,threat
770156173,Repetition,4774,4781,threats
770156173,Repetition,5254,5261,threats
770156173,Repetition,5645,5652,threats
770156173,Loaded_Language,1586,1593,shatter
770156173,Loaded_Language,1616,1623,cripple
770156173,Loaded_Language,1919,1938,scraped and skimped
770156173,"Exaggeration,Minimisation",2094,2117,‘ate grass’ for decades
770156173,Loaded_Language,2330,2348,painfully apparent
770156173,Flag-Waving,2819,2827,US power
770156173,Repetition,3012,3018,bloody
770156173,Loaded_Language,3266,3280,soundly beaten
770156173,"Whataboutism,Straw_Men,Red_Herring",3692,3737,who himself avoided national military service
770156173,"Exaggeration,Minimisation",4523,4531,hysteria
770156173,"Exaggeration,Minimisation",4835,4929,foreign affairs experience appears to have been limited to the International House of Pancakes
770156173,Loaded_Language,5330,5340,decapitate
770156173,Slogans,0,18,End The Korean War
770156173,Appeal_to_fear-prejudice,1106,1184,They would be immediate targets should the US and South Korea attack the north
770156173,Appeal_to_fear-prejudice,1556,1738,"only three nuclear weapons to shatter Japan and just two to cripple South Korea, not to mention polluting the globe with radioactive dust and contaminating North Asia’s water sources"
770156173,Appeal_to_fear-prejudice,1740,1836,Nuclear explosions would spread radioactive contamination over northern China and Pacific Russia
770156173,Loaded_Language,2978,2989,bloody slog
770156173,Appeal_to_fear-prejudice,2934,2989,War against North Korea would be a slow and bloody slog
770156173,Loaded_Language,3970,3985,game of chicken
770156173,"Name_Calling,Labeling",3991,4004,tough-talking
770156173,Loaded_Language,4758,4781,hurling warlike threats
770156851,"Name_Calling,Labeling",4,18,Never-Trumpers
770156851,"Name_Calling,Labeling",78,89,never-Trump
770156851,Loaded_Language,179,186,painful
770156851,Loaded_Language,2561,2583,number in the millions
770156851,Loaded_Language,362,372,the Terror
770156851,Black-and-White_Fallacy,283,293,is history
770156851,Black-and-White_Fallacy,295,315,It’s not coming back
770156851,Loaded_Language,569,575,failed
770156851,Repetition,600,606,failed
770156851,Loaded_Language,718,726,blunders
770156851,Loaded_Language,1045,1051,killed
770156851,Loaded_Language,1031,1039,failures
770156851,Flag-Waving,1918,1931,the Americans
770156851,Loaded_Language,2194,2213,humanitarian crisis
770156851,Loaded_Language,2268,2275,horrors
770156851,Doubt,2696,2765,Why are the people responsible for these wars still being listened to
770156851,Loaded_Language,2861,2868,crucial
770156851,Loaded_Language,3672,3679,thieves
770156851,Loaded_Language,3650,3660,malevolent
770156851,Thought-terminating_Cliches,437,447,It is over
770156851,Thought-terminating_Cliches,664,693,There will be no turning back
770156851,Loaded_Language,3849,3869,congenital blindness
770156851,Loaded_Language,4851,4872,ablaze with tribalism
770221823,"Name_Calling,Labeling",61,82,the warriors of jihad
770221823,Loaded_Language,1053,1367,"The public treasure has been consumed, private wealth has been destroyed, the temples have been stripped of gold, silver, jewels, the relics of the saints, and other most precious ornaments.
Men have been butchered like cattle, women abducted, virgins ravished, and children snatched from the arms of their parents"
770221823,Appeal_to_fear-prejudice,1604,1724,Don’t allow yourself to be fooled: arm yourself with the truth by preordering The History of Jihad From Muhammad to ISIS
770221823,Loaded_Language,411,417,sacked
770221823,"Name_Calling,Labeling",1493,1512,gullible Westerners
770376380,"Name_Calling,Labeling",1583,1611,a world-class Islamopanderer
770376380,Loaded_Language,24,47,Murderous Indifference”
770376380,Repetition,1383,1405,murderous indifference
770376380,Loaded_Language,357,416,couldn’t resist an anti-Semitic shot at Israeli “occupation
770376380,Loaded_Language,599,623,have profaned God’s name
770376380,Loaded_Language,678,688,He decried
770376380,Loaded_Language,1127,1152,he deplored the fact that
770376380,Loaded_Language,1305,1323,Indifference kills
770376380,Loaded_Language,1411,1500,"the Middle East today is weeping, suffering and silent as others trample upon those lands"
770376380,Doubt,1532,1745,"These are odd statements coming from Pope Francis, a world-class Islamopanderer; notice that he said nothing about who was doing the persecuting, and implied that it was the fault of powers outside the Middle East"
770376380,Loaded_Language,3926,3942,so much ferocity
770376380,Doubt,3864,3956,"Why, we ask the western world, why not raise one’s voice over so much ferocity and injustice"
770376380,Loaded_Language,4340,4357,acts of brutality
770376380,"Exaggeration,Minimisation",4460,4501,No one defends Islam like Arab Christians
770376380,Loaded_Language,4636,4656,chimerical “dialogue
770376380,Causal_Oversimplification,4504,4782,"It is to defend Islam that Western clerics do not raise their voice against such acts of brutality.
It is to pursue a fruitless and chimerical “dialogue” that bishops in the U.S. and Europe keep silent about Muslim persecution of Christians, and enforce that silence upon others"
770376380,"Name_Calling,Labeling",4974,5056,"extreme, militant Islamists and the atrocities that they have perpetrated globally"
770376380,"Name_Calling,Labeling",5167,5181,devout Muslims
770376380,Appeal_to_fear-prejudice,4963,5181,"Talk about extreme, militant Islamists and the atrocities that they have perpetrated globally might undercut the positive achievements that we Catholics have attained in our inter-religious dialogue with devout Muslims"
770376380,"Name_Calling,Labeling",5472,5484,blind guides
770376380,Doubt,1937,2253,"?
The Catholic Church is following Pope Francis’ lead, and Francis has said: “Christian terrorism does not exist, Jewish terrorism does not exist, and Muslim terrorism does not exist.
They do not exist.” And he has also said: “Authentic Islam and the proper reading of the Koran are opposed to every form of violence"
770376380,Repetition,2121,2138,They do not exist
770376380,Doubt,3609,3676,Why are your bishops silent on a threat that is yours today as well
770581969,Repetition,78,93,“sonic attacks”
770581969,Repetition,1041,1054,sonic attacks
770581969,Repetition,1290,1305,“sonic attacks”
770581969,Loaded_Language,70,77,bizarre
770877978,"Name_Calling,Labeling",1000,1018,devoted family men
770877978,"Name_Calling,Labeling",1020,1067,respected contributors to their local community
770877978,Slogans,3117,3146,I have faith in our president
770877978,Black-and-White_Fallacy,3244,3292,"If anyone is going to help them, he'd be the one"
770877978,Flag-Waving,3133,3146,our president
770938827,Loaded_Language,1129,1149,shock the conscience
770938827,Loaded_Language,1159,1199,grossly disproportionate to the severity
770938827,Loaded_Language,1329,1340,overzealous
770938827,Loaded_Language,2670,2680,dark years
770938827,Loaded_Language,114,124,ridiculing
770938827,Loaded_Language,163,169,murder
770938827,Loaded_Language,2048,2062,fueled outrage
770938827,Loaded_Language,64,81,very deliberately
770938827,Flag-Waving,2642,2662,our nation's history
770938827,"Name_Calling,Labeling",37,52,Obama's Victims
770938827,"Name_Calling,Labeling",1428,1434,unjust
770938827,"Name_Calling,Labeling",2400,2414,Dem fundraiser
770938827,"Name_Calling,Labeling",2504,2515,unqualified
770938827,"Exaggeration,Minimisation",770,775,small
770938827,"Exaggeration,Minimisation",146,169,shrugging at the murder
770938827,"Exaggeration,Minimisation",208,228,completely collapsed
770938827,Repetition,2217,2223,unjust
770938827,Causal_Oversimplification,365,409,because it would have been damaging to Obama
770938827,Black-and-White_Fallacy,1720,1826,"While Obama pardoned drug dealers and locked up ranchers, Trump pardons ranchers and locks up drug dealers"
770945799,Loaded_Language,815,827,aggressively
770945799,Loaded_Language,1994,2001,glaring
770945799,Loaded_Language,1017,1030,“overzealous”
770945799,Flag-Waving,2046,2055,Americans
770956434,Loaded_Language,1360,1380,shock the conscience
770956434,Loaded_Language,1390,1430,grossly disproportionate to the severity
770956434,Loaded_Language,1560,1571,overzealous
770956434,Loaded_Language,2583,2592,injustice
770956434,"Exaggeration,Minimisation",482,487,small
770956434,"Name_Calling,Labeling",1659,1665,unjust
770956434,"Name_Calling,Labeling",1925,1943,devoted family men
770956434,"Name_Calling,Labeling",1945,1992,respected contributors to their local community
770956434,"Name_Calling,Labeling",2176,2194,entirely deserving
770956434,"Name_Calling,Labeling",2884,2891,tyrants
771254016,"Name_Calling,Labeling",1806,1820,“dirty Jewess”
771254016,Loaded_Language,1336,1343,killing
771254016,Loaded_Language,1166,1173,hateful
771254016,Loaded_Language,1322,1331,torturing
771254016,"Name_Calling,Labeling",1690,1695,demon
771254016,Loaded_Language,1707,1716,pummeling
771254016,Loaded_Language,1066,1072,killer
771254016,Loaded_Language,1110,1118,murderer
771406408,Loaded_Language,708,731,tragic comedy of denial
771406408,"Name_Calling,Labeling",1060,1069,dirty Jew
771406408,"Name_Calling,Labeling",1405,1412,“Satan”
771406408,Repetition,1154,1166,“dirty Jews”
771406408,Loaded_Language,2670,2689,hit her mercilessly
771406408,Repetition,2989,2998,“a Satan”
771406408,Loaded_Language,3593,3598,crazy
771406408,Loaded_Language,3519,3524,crazy
771406408,"Name_Calling,Labeling",13,26,Muslim Killer
771406408,"Exaggeration,Minimisation",59,87,Every other Muslim terrorist
771406408,Repetition,350,363,Muslim killer
771406408,Loaded_Language,476,492,violently beaten
771406408,"Exaggeration,Minimisation",737,793,every Islamic terrorism investigation inevitably becomes
771406408,Repetition,1371,1385,“Allahu Akbar”
771406408,Loaded_Language,1840,1851,tired farce
771406408,Loaded_Language,1886,1889,hit
771406408,"Whataboutism,Straw_Men,Red_Herring",1940,1987,The authorities allowed him to commit the crime
771406408,Loaded_Language,1184,1195,stonewalled
771546417,Slogans,13,17,MAGA
771546417,Loaded_Language,633,640,f**king
771546417,Loaded_Language,652,657,b***h
771546417,"Name_Calling,Labeling",688,693,bully
771546417,Slogans,1158,1163,#maga
771546417,Repetition,1429,1434,#MAGA
771546417,Slogans,114,140,“Make America Great Again”
771546417,Loaded_Language,431,443,racial slurs
771546417,Repetition,878,882,MAGA
771546417,Repetition,1625,1630,#MAGA
771546417,Repetition,356,386,signed by Donald Trump himself
771546417,Repetition,887,918,signed by the president himself
771546417,Repetition,1517,1543,signed by @realDonaldTrump
771546417,Repetition,1713,1739,signed by @realDonaldTrump
771655795,"Exaggeration,Minimisation",0,35,Gun Control Is Now Truly Impossible
771655795,"Name_Calling,Labeling",71,115,wannabe statist dictator and naive do-gooder
771655795,Causal_Oversimplification,123,258,"The latter think that removing guns will suddenly force humanity to stop all animosity toward one another, hold hands, and sing Kumbaya"
771655795,Causal_Oversimplification,260,382,The former recognizes that an armed populace is a threat to any tyrant and pushes for gun control out of self-preservation
771655795,"Exaggeration,Minimisation",453,498,has now made gun control virtually impossible
771655795,"Name_Calling,Labeling",1045,1073,an anarchist video manifesto
771655795,Appeal_to_fear-prejudice,1090,1206,gun control would never be the same in an era when anyone can download and print their own firearm with a few clicks
771655795,Appeal_to_fear-prejudice,1564,1678,demanding that he take down his printable-gun blueprints or face prosecution for violating federal export controls
771655795,"Exaggeration,Minimisation",2164,2190,I thought my life was over
771655795,"Whataboutism,Straw_Men,Red_Herring",1780,1944,"Wilson was accused of exporting weapons without a license, just as if he’d shipped his plastic gun to Mexico rather than put a digital version of it on the internet"
771655795,Thought-terminating_Cliches,3044,3073,So what if this code is a gun
771655795,"Exaggeration,Minimisation",3706,3807,"It will be an irrevocable part of political life that guns are downloadable, and we helped to do that"
771655795,Loaded_Language,230,258,"hold hands, and sing Kumbaya"
771655795,"Name_Calling,Labeling",1689,1718,obscure set of US regulations
771879020,"Exaggeration,Minimisation",1714,1740,I thought my life was over
771879020,Loaded_Language,6650,6680,the genie is out of the bottle
771879020,"Name_Calling,Labeling",6710,6733,gun grabbing Communists
771879020,Doubt,7546,7582,What has the NRA done for you lately
771879020,Loaded_Language,5318,5336,a devastating blow
771879020,Loaded_Language,249,266,the federal beast
771879020,Causal_Oversimplification,1647,1711,"Clearly, they were acting unlawfully when they did what they did"
771879020,"Name_Calling,Labeling",1987,1999,an anarchist
771879020,"Exaggeration,Minimisation",2377,2445,anyone can make a deadly weapon at home with no government oversight
771879020,Thought-terminating_Cliches,3195,3224,So what if this code is a gun
771879020,"Exaggeration,Minimisation",3857,3958,"It will be an irrevocable part of political life that guns are downloadable, and we helped to do that"
771879020,Appeal_to_Authority,6516,6608,"and I highly recommend the Wired article, which is quite lengthy and has lots of information"
771879020,Loaded_Language,6800,6820,fun gun confiscation
771879020,Loaded_Language,7354,7361,boasted
771879020,"Exaggeration,Minimisation",7367,7413,his efforts have officially killed gun control
771879020,"Exaggeration,Minimisation",7416,7497,I barely put a million bucks into this and I got you the Second Amendment forever
771879020,Flag-Waving,8091,8213,"The DNA of our culture is preserved.
This is the first pillar in the internet gun culture of tomorrow, and it is permanent"
771879020,"Exaggeration,Minimisation",8216,8269,This is a huge milestone in the history of our county
771879020,"Name_Calling,Labeling",108,198,the man who began developing 3D printing files so that you could manufacture your own guns
771879020,"Name_Calling,Labeling",4547,4614,a Cold War-era law intended to control exports of military articles
772947654,Flag-Waving,683,720,America’s great intelligence agencies
772947654,Loaded_Language,6314,6322,hysteria
772947654,"Name_Calling,Labeling",228,244,Russian dictator
772947654,Flag-Waving,5686,5713,Our Nation’s Great Comeback
772947654,Loaded_Language,1606,1618,aggressively
772947654,"Exaggeration,Minimisation",148,157,firestorm
772947654,"Whataboutism,Straw_Men,Red_Herring",2050,2176,President Trump then reminded everyone of the Obama administration’s failures in dealing with Russian meddling in the election
772947654,Causal_Oversimplification,2339,2392,because they thought Hillary Clinton was going to win
772947654,Causal_Oversimplification,2780,2838,because they thought that Hillary Clinton was going to win
772947654,Repetition,2944,2967,it’s a very firm stance
772947654,Repetition,3010,3023,strong action
772947654,"Exaggeration,Minimisation",4482,4510,weakness on a pathetic scale
772947654,Repetition,5221,5225,firm
772947654,Slogans,5653,5668,Trump’s America
772947654,"Exaggeration,Minimisation",6229,6246,harshest possible
772947654,Causal_Oversimplification,6327,6352,driven by their own guilt
772947654,Loaded_Language,319,322,bad
772947654,"Exaggeration,Minimisation",440,456,the most serious
772947654,Flag-Waving,1510,1513,our
772947654,Repetition,1719,1722,our
772947654,Repetition,1760,1763,our
772947654,"Exaggeration,Minimisation",3153,3160,loudest
772947654,"Exaggeration,Minimisation",3311,3319,The very
772947654,Loaded_Language,3334,3343,nastiness
772947654,Flag-Waving,3483,3501,to protect America
772947654,Loaded_Language,3766,3776,aggressive
772947654,Repetition,3662,3686,The Trump administration
772947654,Repetition,3787,3811,The Trump administration
772947654,Repetition,4833,4857,the Trump administration
772947654,Repetition,5180,5204,the Trump administration
772947654,Black-and-White_Fallacy,4196,4254,"The stronger NATO is, the less maneuvering room Russia has"
772947654,Flag-Waving,4274,4277,our
772947654,Flag-Waving,4722,4725,our
772947654,Loaded_Language,5455,5462,vicious
772947654,Loaded_Language,6577,6588,ferociously
773520636,Slogans,2131,2153,No King but King Jesus
773520636,Slogans,2194,2234,REBELLION TO TYRANTS IS OBEDIENCE TO GOD
773520636,Appeal_to_fear-prejudice,3850,3981,"Whosoever therefore resisteth the power, resisteth the ordinance of God: and they that resist shall receive to themselves damnation"
773520636,Doubt,6376,6475,"I ask, are Christians to submit to those who have sanctioned the murder of the innocent in the womb"
773520636,Doubt,6523,6654,"Are Christians to submit to those who have redefined marriage where a man can now ""marry"" a man and a woman can now ""marry"" a woman"
773520636,Loaded_Language,152,169,Cried the speaker
773520636,"Name_Calling,Labeling",302,342,"a confused, biblically illiterate friend"
773520636,Loaded_Language,46,63,Submit to Tyranny
773520636,Doubt,617,726,this protestant ought to have stayed home to read their Bible rather than to protest corruption in government
773520636,Doubt,847,1053,"maybe this individual should take the time to know a little bit of his own history!
There is nothing worse than when a person who doesn’t know what they are talking about tries to tell you what the truth is"
773520636,"Name_Calling,Labeling",1777,1799,the Tyrant King George
773520636,Repetition,1954,1965,forefathers
773520636,Slogans,2032,2073,Resistance to tyrants is obedience to God
773520636,Appeal_to_Authority,2382,2453,"John Hancock, the first signer of the Declaration of Independence, said"
773520636,"Name_Calling,Labeling",2833,2855,the tyrant King George
773520636,"Name_Calling,Labeling",3016,3032,the corrupt King
773520636,Doubt,3176,3248,this protestant should know what the Bible says about those in authority
773520636,Slogans,3446,3498,"Representatives work for us, we do not work for them"
773520636,"Name_Calling,Labeling",4291,4364,"the minister of God, a revenger to execute wrath upon him that doeth evil"
773520636,Loaded_Language,5036,5050,Absolutely not
773520636,Loaded_Language,5166,5179,Of course not
773520636,Loaded_Language,5528,5556,unfruitful works of darkness
773520636,Repetition,5764,5777,We the People
773520636,Black-and-White_Fallacy,6047,6125,No enactment of man can be considered law unless it conforms to the Law of God
773520636,"Name_Calling,Labeling",6248,6273,the biblically illiterate
773520636,"Name_Calling,Labeling",6311,6322,the tyrants
773520636,Loaded_Language,6507,6521,Absolutely not
773520636,Loaded_Language,6692,6706,Absolutely not
773520636,"Name_Calling,Labeling",6411,6475,those who have sanctioned the murder of the innocent in the womb
773520636,"Name_Calling,Labeling",6551,6654,"those who have redefined marriage where a man can now ""marry"" a man and a woman can now ""marry"" a woman"
773520636,"Name_Calling,Labeling",6718,6778,"those who lie continuously, to them that steal and even kill"
773520636,Repetition,6718,6723,those
773520636,"Name_Calling,Labeling",6843,6890,"the perverse, modern-day, professing Christians"
773520636,"Name_Calling,Labeling",6904,6913,the sheep
773520636,"Name_Calling,Labeling",7104,7123,the children of God
773520636,Loaded_Language,7293,7303,crying out
773520636,Loaded_Language,7361,7378,teach such heresy
773520636,"Name_Calling,Labeling",7438,7471,hostile corrupt civil authorities
773520636,"Name_Calling,Labeling",7570,7610,corrupt civil authorities of all stripes
773520636,Loaded_Language,7762,7776,"Of course, not"
773520636,"Name_Calling,Labeling",7922,7945,a “terror to good works
773520636,"Name_Calling,Labeling",8004,8028,"good, law-abiding people"
773520636,Loaded_Language,8340,8378,execute wrath upon him that doeth evil
773520636,Loaded_Language,8428,8467,"execute wrath upon ""him that doeth good"
773520636,Doubt,8381,8516,"Anyone who teaches that they have authority to execute wrath upon ""him that doeth good” is ignorant and uneducated in their misleadings"
773520636,"Name_Calling,Labeling",8563,8583,evil civil authority
773520636,"Name_Calling,Labeling",8796,8823,the LORD God of the Hebrews
773520636,Appeal_to_fear-prejudice,9049,9076,to tell him to obey or else
773520636,"Name_Calling,Labeling",8991,9012,the meekest man alive
773520636,"Name_Calling,Labeling",9526,9548,the troubler of Israel
773520636,"Name_Calling,Labeling",9499,9509,The tyrant
773520636,"Name_Calling,Labeling",9707,9715,the LORD
773520636,Repetition,9774,9803,violation of God's principles
773520636,Loaded_Language,10767,10778,cried aloud
773520636,Repetition,11198,11208,the tyrant
773520636,"Name_Calling,Labeling",11459,11475,the corrupt king
773520636,Appeal_to_fear-prejudice,11044,11152,whoso falleth not down and worshippeth shall the same hour be cast into the midst of a burning fiery furnace
773520636,"Name_Calling,Labeling",12645,12685,the corrupt priests and the corrupt king
773520636,Repetition,12649,12656,corrupt
773520636,Loaded_Language,12833,12849,all of the evils
773520636,Loaded_Language,13214,13228,Absolutely not
773520636,"Name_Calling,Labeling",13230,13251,The corrupt Pharisees
773520636,"Name_Calling,Labeling",13263,13281,corrupt government
773520636,"Name_Calling,Labeling",14096,14112,the impotent man
773520636,"Name_Calling,Labeling",14660,14686,unlearned and ignorant men
773520636,"Name_Calling,Labeling",15678,15685,tyrants
773520636,"Name_Calling,Labeling",17418,17457,the wicked that were at war with Christ
773520636,"Name_Calling,Labeling",17503,17533,the corrupt and wicked priests
773520636,"Name_Calling,Labeling",17544,17580,the corrupt and wicked in government
773520636,Repetition,17519,17525,wicked
773520636,Doubt,17874,18158,"Furthermore, the individual that wrote the article teaching people to submit to authorities might want to take the time to read Romans 12:21 before perverting and twisting Romans 13, so that the next time he will not be guilty of twisting Scripture the way that Satan twists Scripture"
773520636,Flag-Waving,1575,1723,Maybe he should have taken the time to look to the founding forefathers and that document which they drew up called “The Declaration of Independence
773520636,Repetition,6780,6794,Absolutely not
773520636,Doubt,6708,6778,"Submit to those who lie continuously, to them that steal and even kill"
773520636,Repetition,17865,17872,Nowhere
773748383,Loaded_Language,43,58,A Fool’s Errand
773748383,Loaded_Language,651,667,created a ruckus
773748383,Doubt,4113,4228,"This isn’t a case where the underlying facts of the law changed.
The only thing that changed was the administration"
773748383,Loaded_Language,163,181,deals a death blow
773748383,"Exaggeration,Minimisation",1518,1578,extremely restrictive handgun regulations in those countries
773748383,"Exaggeration,Minimisation",2569,2608,"it will be difficult, if not impossible"
773748383,"Exaggeration,Minimisation",3122,3215,make the already extremely difficult job of controlling access to guns practically impossible
773748383,Loaded_Language,3320,3339,even more laughable
773748383,Doubt,3521,3559,which have proven quite useless anyway
773748383,Doubt,3561,3685,The government has been no more effective at stopping criminals from getting guns than at stopping them from obtaining drugs
773748383,Loaded_Language,3903,3930,"the government ""capitulated"
773748383,Loaded_Language,4034,4065,the administration “capitulated
773748383,Loaded_Language,4671,4685,a game changer
773748383,"Name_Calling,Labeling",4714,4724,ghost guns
773937361,Loaded_Language,288,300,freaking out
773937361,Loaded_Language,2285,2290,toxic
773937361,Appeal_to_fear-prejudice,8373,8390,we’ll destroy you
773937361,"Name_Calling,Labeling",3415,3434,homosexualist cabal
773937361,Flag-Waving,11237,11248,our enemies
773937361,"Name_Calling,Labeling",494,506,“Good Tobin”
773937361,Loaded_Language,918,925,outrage
773937361,"Name_Calling,Labeling",1020,1069,a life-long homosexual rapist and sexual predator
773937361,Loaded_Language,1482,1486,lame
773937361,Loaded_Language,1454,1463,perfectly
773937361,Loaded_Language,2360,2367,rotting
773937361,"Name_Calling,Labeling",4128,4149,predatory gay priests
773937361,Loaded_Language,5543,5571,grossly corrupt and evil men
773937361,Loaded_Language,11090,11152,dedicated to the destruction of everything we want to preserve
773937361,"Name_Calling,Labeling",11158,11164,wolves
773937361,"Name_Calling,Labeling",527,536,Bad Tobin
773937361,Loaded_Language,1905,1916,dark forces
773937361,Loaded_Language,6959,6974,Well suck it up
773937361,Loaded_Language,10342,10374,manifestly evil and apostate men
773937361,Slogans,16081,16099,Then it’s up to us
773937361,"Name_Calling,Labeling",18464,18468,wolf
773937361,Thought-terminating_Cliches,19641,19654,then so be it
774007496,Repetition,3008,3022,“Allahu Akbar”
774007496,Slogans,493,528,"Long live Hitler, to death the Jews"
774007496,Repetition,1756,1770,“Allahu Akbar”
774007496,Repetition,2500,2512,Allahu Akbar
774007496,Repetition,2602,2614,Allahu Akbar
774007496,Repetition,478,491,"""Allah Akbar"""
774007496,Loaded_Language,1498,1517,beaten her to death
774007496,"Name_Calling,Labeling",1857,1870,“unbelievers”
774007496,Loaded_Language,1895,1918,"“Infidel, you must die”"
774007496,Loaded_Language,2161,2169,beheaded
774007496,Repetition,2242,2254,Allahu Akbar
774007496,Loaded_Language,1017,1031,really excited
774007496,"Name_Calling,Labeling",1538,1543,demon
774007496,Thought-terminating_Cliches,1640,1667,They're all crazy in Europe
774007496,Loaded_Language,3289,3293,nuts
774007496,Loaded_Language,3330,3336,insane
774007496,Doubt,3295,3336,Maybe it's the authorities who are insane
774007496,Repetition,2062,2076,“mentally ill”
774007496,Repetition,2385,2399,mental illness
774007496,Repetition,2833,2847,mental illness
774145019,Repetition,191,196,silly
774145019,Loaded_Language,412,417,DOING
774145019,Loaded_Language,1247,1255,POLICIES
774145019,Loaded_Language,2825,2829,very
774145019,Flag-Waving,2774,2789,protect America
774145019,Repetition,1899,1904,tough
774145019,Repetition,2361,2366,tough
774145019,Repetition,3333,3338,tough
774145019,Repetition,3110,3117,tougher
774145019,Repetition,5052,5059,tougher
774145019,"Exaggeration,Minimisation",3992,4020,weakness on a pathetic scale
774145019,Loaded_Language,58,63,silly
774145019,Doubt,441,517,"If President Trump were a mole, wouldn’t he have made life easier for Putin?"
774145019,Doubt,518,551,Wouldn’t he have eased sanctions?
774145019,Doubt,552,615,Wouldn’t he have been less confrontational than Obama in Syria?
774145019,Doubt,616,700,Wouldn’t the President be making Putin’s attempts at expanding his influence easier?
774145019,Loaded_Language,2844,2853,nastiness
774145019,Repetition,2996,3011,protect America
774145019,Repetition,3172,3196,The Trump administration
774145019,Repetition,3297,3321,The Trump administration
774145019,Repetition,4343,4367,the Trump administration
774145019,Repetition,4690,4714,the Trump administration
774145019,Loaded_Language,3276,3286,aggressive
774145019,Flag-Waving,3621,3624,our
774145019,Repetition,3784,3794,our allies
774145019,Repetition,4232,4242,our allies
774145019,Loaded_Language,4644,4652,hysteria
774637726,Loaded_Language,602,612,ridiculous
774637726,Repetition,709,776,Trump has obviously been tougher against Russia than Obama ever was
774637726,Loaded_Language,1607,1613,lethal
774637726,Loaded_Language,2635,2656,incredibly repressive
774637726,"Name_Calling,Labeling",284,303,standard politician
774637726,Repetition,1867,1871,more
774637726,Repetition,1905,1909,more
774637726,"Name_Calling,Labeling",2098,2104,puppet
774637726,Repetition,2567,2572,never
774637726,Repetition,2614,2619,never
774637726,Repetition,2687,2692,never
774637726,"Name_Calling,Labeling",2708,2715,fascist
774904810,Loaded_Language,6014,6022,horrific
774904810,"Exaggeration,Minimisation",350,384,most flagrant lies ever dreamed up
774904810,"Exaggeration,Minimisation",3247,3264,“greatest threat”
774904810,Flag-Waving,3268,3275,America
774904810,Loaded_Language,3436,3444,hellbent
774904810,Loaded_Language,355,368,flagrant lies
774904810,"Exaggeration,Minimisation",743,749,At all
774904810,"Name_Calling,Labeling",2806,2821,neocon warhawks
774904810,Loaded_Language,3626,3633,ensnare
774904810,Loaded_Language,5824,5839,outright insane
774904810,Loaded_Language,6039,6060,war-ravaged dystopias
775448623,Doubt,1743,1825,"but not surprising, given this administration’s worship at the altar of gun rights"
775448623,"Name_Calling,Labeling",2451,2491,a “troubling” and “dangerous” settlement
775448623,Loaded_Language,2632,2644,Why on earth
775448623,Doubt,2632,2753,Why on earth would the Trump administration make it easier for terrorists and gunmen to produce undetectable plastic guns
775448623,"Name_Calling,Labeling",1373,1476,an avowed anarchist who hopes for a world in which governments can’t stop individuals from getting guns
775448623,Appeal_to_fear-prejudice,2856,3300,"Ghost guns are already a problem; they are used not just by lone shooters but as part of criminal enterprises.
Releasing instructions for their manufacture, which now only circulate on the dark Web, will lead directly to the loss of more innocent lives.
The administration should stop the State Department from going ahead with this foolhardy move, and Congress should act to plug the loopholes that these guns are designed to take advantage of"
775448623,Loaded_Language,17,41,put carnage a click away
775448623,Loaded_Language,334,342,weed out
775448623,"Name_Calling,Labeling",343,417,"felons, those with mental illness, domestic abusers or possible terrorists"
775448623,"Name_Calling,Labeling",722,732,ghost guns
775448623,Doubt,813,1045,Credit for this dangerous scenario — in which getting an AR-15-style rifle is just a matter of a few computer clicks — goes to the Trump administration for its inexplicable decision to settle a lawsuit it was on the verge of winning
775448623,Loaded_Language,1722,1740,So it was stunning
775448623,Loaded_Language,2168,2191,this senseless decision
775448623,Loaded_Language,3184,3203,this foolhardy move
775448623,Loaded_Language,3229,3250,to plug the loopholes
775448623,"Bandwagon,Reductio_ad_hitlerum",2856,2965,Ghost guns are already a problem; they are used not just by lone shooters but as part of criminal enterprises
776049384,"Name_Calling,Labeling",618,632,lavender mafia
776049384,"Exaggeration,Minimisation",2199,2232,the most prolific serial predator
776049384,Slogans,10722,10735,#StopTheSynod
776049384,Loaded_Language,9139,9151,manipulative
776049384,Loaded_Language,213,219,tragic
776049384,Repetition,1069,1080,Influential
776049384,Repetition,1158,1169,influential
776049384,Repetition,1302,1313,influential
776049384,Repetition,1401,1412,Influential
776049384,Repetition,1510,1521,Influential
776049384,Repetition,1648,1659,Influential
776049384,Repetition,1730,1741,Influential
776049384,Repetition,1968,1979,Influential
776049384,Repetition,2047,2058,Influential
776049384,Repetition,4242,4253,influential
776049384,"Name_Calling,Labeling",493,501,Molester
776049384,Repetition,1442,1450,Molester
776049384,Repetition,1552,1560,Molester
776049384,Repetition,1692,1700,Molester
776049384,Repetition,1928,1936,Molester
776049384,Repetition,2014,2022,Molester
776049384,Repetition,2079,2087,Molester
776049384,Repetition,5626,5634,Molester
776049384,Repetition,2165,2173,Molester
776049384,Loaded_Language,2406,2416,tyrannical
776049384,Loaded_Language,3569,3579,earthquake
776049384,Loaded_Language,3660,3666,eerily
776049384,Loaded_Language,4068,4072,orgy
776049384,Loaded_Language,4597,4608,infuriating
776049384,Loaded_Language,5708,5730,pathetic and laughable
776049384,Loaded_Language,10077,10084,dreaded
776049384,Slogans,10637,10672,Expose and rout every last predator
776049384,Slogans,10674,10720,Purge every homosexual from its clerical ranks
776049384,Loaded_Language,62,87,pervasive prelate coverup
776049384,"Name_Calling,Labeling",158,178,swarmy power brokers
776049384,Slogans,2292,2309,reform the Church
776049384,Slogans,2330,2347,reform the Church
776049384,Loaded_Language,3211,3235,predation is unrelenting
776049384,"Name_Calling,Labeling",3764,3772,hijacked
776049384,"Name_Calling,Labeling",4470,4486,St. Gallen Mafia
776049384,Loaded_Language,5003,5046,Are you thoroughly disgusted by this farce?
776049384,Loaded_Language,6079,6086,to hell
776049384,Slogans,7146,7169,All credibility is lost
776049384,Loaded_Language,8954,8962,infamous
776049384,Repetition,9089,9097,infamous
776049384,Loaded_Language,10215,10228,psycho babble
776049384,Appeal_to_fear-prejudice,10276,10313,will destroy the future of the Church
776345502,"Name_Calling,Labeling",379,398,leftwing witch hunt
776345502,Loaded_Language,1551,1569,totally conflicted
776345502,Loaded_Language,1723,1748,push the envelope further
776345502,"Exaggeration,Minimisation",3002,3053,"So much time and money wasted, so many lives ruined"
776345502,Loaded_Language,3733,3744,went all-in
776345502,Loaded_Language,4147,4158,Disgraceful
776345502,Flag-Waving,53,119,Prosecutors Doing Mueller’s ‘Dirty Work Are A Disgrace’ To America
776345502,Flag-Waving,661,727,PROSECUTORS DOING MUELLER’S ‘DIRTY WORK ARE A DISGRACE’ TO AMERICA
776345502,Flag-Waving,1575,1649,his 17 Angry Democrats that are doing his dirty work are a disgrace to USA
776345502,Loaded_Language,3780,3855,opening up on Mueller and his team with both barrels of his massive Twitter
776345502,"Name_Calling,Labeling",1575,1627,his 17 Angry Democrats that are doing his dirty work
776345502,Loaded_Language,82,92,Dirty Work
776345502,"Name_Calling,Labeling",97,119,A Disgrace’ To America
776345502,"Name_Calling,Labeling",520,534,a stealth coup
776345502,Causal_Oversimplification,374,513,This leftwing witch hunt has been ongoing since day one of Trump’s presidency in order to impair and impede his ability to get the job done
776345502,Loaded_Language,690,700,DIRTY WORK
776345502,"Name_Calling,Labeling",705,727,A DISGRACE’ TO AMERICA
776345502,"Name_Calling,Labeling",333,358,Sessions is a weak sister
776345502,"Name_Calling,Labeling",1477,1499,this Rigged Witch Hunt
776345502,Loaded_Language,1617,1627,dirty work
776345502,"Name_Calling,Labeling",1632,1649,a disgrace to USA
776345502,"Name_Calling,Labeling",2843,2866,the Mueller ‘witch hunt
776345502,Loaded_Language,3612,3630,potential blowback
776345502,"Exaggeration,Minimisation",3911,3965,"one of the most successful in history, is a TOTAL HOAX"
776345502,"Name_Calling,Labeling",4002,4035,the phony and discredited Dossier
776345502,"Name_Calling,Labeling",4095,4115,the lovely Lisa Page
776345502,Repetition,4131,4145,the Witch Hunt
776345502,Appeal_to_Authority,1299,1432,the Attorney General of the United States should step in and put an end to Special Counsel Robert Mueller’s long-running Russia probe
776345502,Appeal_to_Authority,1434,1509,Attorney General Jeff Sessions should stop this Rigged Witch Hunt right now
776345502,Loaded_Language,3953,3965,a TOTAL HOAX
776345502,Doubt,3979,4158,"The Democrats paid for the phony and discredited Dossier which was, along with Comey, McCabe, Strzok and his lover, the lovely Lisa Page, used to begin the Witch Hunt.
Disgraceful"
776368676,Flag-Waving,314,343,stain our country and further
776368676,Loaded_Language,378,385,blasted
776368676,Loaded_Language,447,457,dirty work
776368676,Loaded_Language,706,716,dirty work
776368676,Loaded_Language,1040,1050,dirty work
776368676,"Name_Calling,Labeling",386,408,the 17 angry Democrats
776368676,Flag-Waving,571,623,before it continues to stain our country any further
776368676,Flag-Waving,664,738,his 17 Angry Democrats that are doing his dirty work are a disgrace to USA
776368676,Flag-Waving,828,957,"Attorney General Jeff Sessions should stop this Rigged Witch Hunt right now, before it continues to stain our country any further"
776368676,Flag-Waving,998,1078,his 17 angry Democrats that are doing his dirty work are a disgrace to [sic] USA
776368676,Loaded_Language,314,319,stain
776368676,"Name_Calling,Labeling",424,457,a conflicted Mueller’s dirty work
776368676,Loaded_Language,594,599,stain
776368676,"Name_Calling,Labeling",664,716,his 17 Angry Democrats that are doing his dirty work
776368676,Loaded_Language,928,933,stain
776368676,Loaded_Language,974,992,totally conflicted
776368676,"Exaggeration,Minimisation",974,992,totally conflicted
776368676,"Name_Calling,Labeling",998,1050,his 17 angry Democrats that are doing his dirty work
776368676,"Name_Calling,Labeling",45,66,The Rigged Witch Hunt
776368676,Loaded_Language,67,70,NOW
776368676,"Name_Calling,Labeling",276,297,the rigged witch hunt
776368676,Repetition,542,559,Rigged Witch Hunt
776368676,Loaded_Language,640,658,totally conflicted
776368676,"Name_Calling,Labeling",876,893,Rigged Witch Hunt
776368676,"Name_Calling,Labeling",1164,1176,a witch hunt
776368676,Loaded_Language,1461,1494,STOP THE ELECTION OF DONALD TRUMP
776368676,"Exaggeration,Minimisation",1596,1633,"He should never, ever been allowed to"
776368676,Slogans,2017,2033,Enough is enough
776368676,"Name_Calling,Labeling",2050,2074,a deep state coo attempt
776368676,Flag-Waving,2085,2118,to stop the will of We the People
776368676,Loaded_Language,2132,2147,to jail Mueller
776368676,"Name_Calling,Labeling",2164,2174,witch hunt
776368676,Loaded_Language,2178,2210,Lock them all up this has to end
776368676,Loaded_Language,3795,3820,FJmng7Z — Sen. Patrick Le
776368676,"Exaggeration,Minimisation",640,658,totally conflicted
776373795,Flag-Waving,1044,1206,"This is a terrible situation and Attorney General Jeff Sessions should stop this Rigged Witch Hunt right now, before it continues to stain our country any further"
776373795,"Exaggeration,Minimisation",557,612,the president’s most explicit post or statement to date
776373795,Flag-Waving,1208,1321,"Bob Mueller is totally conflicted, and his 17 Angry Democrats that are doing his dirty work are a disgrace to USA"
776373795,"Name_Calling,Labeling",1247,1299,his 17 Angry Democrats that are doing his dirty work
776373795,Flag-Waving,1900,1990,"This is an attempt to obstruct justice hiding in plain sight.
America must never accept it"
776373795,Appeal_to_Authority,2932,2997,I’ve looked at all those tweets and they don’t amount to anything
776373795,"Name_Calling,Labeling",184,206,this Rigged Witch Hunt
776373795,Loaded_Language,854,869,tainted by bias
776373795,"Name_Calling,Labeling",1120,1142,this Rigged Witch Hunt
776373795,Loaded_Language,1223,1241,totally conflicted
776373795,"Name_Calling,Labeling",1304,1321,a disgrace to USA
776373795,Doubt,1243,1321,and his 17 Angry Democrats that are doing his dirty work are a disgrace to USA
776373795,"Exaggeration,Minimisation",1388,1483,"Manafort was being treated worse than Al Capone, the notorious Prohibition-era Chicago gangster"
776373795,Loaded_Language,1685,1706,hiding in plain sight
776373795,Loaded_Language,1939,1960,hiding in plain sight
776373795,Loaded_Language,3468,3482,unabated anger
776373795,Doubt,4039,4203,"Two months ago, Trump tweeted that he should have chosen a different person as attorney general who wouldn’t have needed to recuse himself.
“I wish I did!” he wrote"
776373795,Loaded_Language,5130,5150,misdirecting his ire
776373795,Appeal_to_Authority,4205,4572,"In his tweets, Trump also quoted criticism of the investigation from Alan Dershowitz, a Harvard Law School professor who frequently defends Trump on television.
In an interview with the Los Angeles Times, Dershowitz said he does not believe Sessions has the authority to end the probe.
“You can’t be both recused and making decisions about the investigation,” he said"
776373795,"Name_Calling,Labeling",3723,3773,one of Trump’s earliest and most active supporters
776535164,Loaded_Language,485,500,a blanket purge
776535164,Loaded_Language,1688,1700,reeling over
776535164,Loaded_Language,16,32,purges the names
776616374,"Exaggeration,Minimisation",149,174,deadliest wars in history
776616374,"Exaggeration,Minimisation",751,785,most flagrant lies ever dreamed up
776616374,"Name_Calling,Labeling",831,849,widely discredited
776616374,Flag-Waving,2641,2650,Americans
776616374,Loaded_Language,2771,2782,slaughtered
776616374,Loaded_Language,2804,2810,At all
776616374,Loaded_Language,3282,3292,aggressive
776616374,Loaded_Language,756,769,flagrant lies
776616374,Loaded_Language,2990,3007,tens of thousands
777488669,Doubt,8420,8479,"What proof of this can possibly be offered?
How can we know"
777488669,"Exaggeration,Minimisation",17648,17724,a miscarriage of human justice beyond any the world could ever have imagined
777488669,Causal_Oversimplification,111,184,TO ARGUE AGAINST THE DEATH PENALTY is to contend with constituted reality
777488669,"Exaggeration,Minimisation",1372,1390,punished sevenfold
777488669,Slogans,2625,2698,"life for life, eye for eye, tooth for tooth, hand for hand, foot for foot"
777488669,Loaded_Language,7981,8009,"fruitless, guilty “vengeance"
777488669,"Exaggeration,Minimisation",13629,13645,most odious sins
777488669,"Exaggeration,Minimisation",13779,13797,totally terminated
777488669,"Exaggeration,Minimisation",13460,13476,total extinction
777488669,Loaded_Language,21934,21955,settle their accounts
777488669,"Exaggeration,Minimisation",278,389,Every one of us is born on Death Row and lives out his allotted lifespan in its shadow without hope of reprieve
777488669,Loaded_Language,503,527,thou shalt die the death
777488669,Causal_Oversimplification,694,833,"there has always been a death penalty.
God instituted it, and He was the first to impose it, embedding it in the very fabric of natural law"
777488669,Loaded_Language,1113,1127,God curses him
777488669,Loaded_Language,1151,1162,dooming him
777488669,"Name_Calling,Labeling",1234,1245,a “vagabond
777488669,Loaded_Language,1750,1759,so wicked
777488669,Causal_Oversimplification,2379,2485,from that point in history lawful killing in atonement for taking the life of another is sanctioned by God
777488669,Loaded_Language,3108,3118,so heinous
777488669,Causal_Oversimplification,4583,4947,"After all, it is not the injury to relatives or any other human consideration that makes homicide the serious sin that it is, but as God Himself pointed out to Noah, it is the fact that “man was made to the image of God” that makes an assault on him tantamount to an assault on God.
It is therefore to God, and not to His creatures that reparation is primarily due"
777488669,Causal_Oversimplification,6374,6406,it was instituted by God Himself
777488669,"Name_Calling,Labeling",6788,6827,the new man-centered conciliar religion
777488669,"Name_Calling,Labeling",6922,6961,threats to the sacredness of human life
777488669,"Name_Calling,Labeling",7592,7621,the new man-centered theology
777488669,Repetition,8903,8976,"life for life, eye for eye, tooth for tooth, hand for hand, foot for foot"
777488669,Appeal_to_fear-prejudice,9024,9133,"when “sentence is not speedily pronounced against the evil, the children of men commit evils without any fear"
777488669,"Name_Calling,Labeling",9590,9606,immoral heretics
777488669,Loaded_Language,9651,9660,imprudent
777488669,"Name_Calling,Labeling",9849,9867,a tool for revenge
777488669,Loaded_Language,10681,10700,ruthlessly remedied
777488669,Loaded_Language,10554,10580,the fallen human condition
777488669,Thought-terminating_Cliches,10582,10639,such injustices are bound to occur in any judicial system
777488669,Doubt,10733,10815,the author of the letter falls headlong into the very error Pius XII warns against
777488669,Loaded_Language,11201,11245,The supernatural dimension of the punishment
777488669,Loaded_Language,11262,11280,the spiritual good
777488669,Loaded_Language,12262,12282,to rise dramatically
777488669,Loaded_Language,12413,12427,have abolished
777488669,Loaded_Language,12557,12573,leaps to the eye
777488669,Loaded_Language,12887,12920,the spiritual welfare of citizens
777488669,Loaded_Language,12952,12974,future bliss in heaven
777488669,"Exaggeration,Minimisation",13570,13592,completely obliterates
777488669,Black-and-White_Fallacy,14593,14726,the death penalty as administered by society must be viewed against the backdrop of divine revelation if it is to make any real sense
777488669,Loaded_Language,14771,14890,"it terminates only his temporal life on earth, catapulting him into eternity for his final judgment before almighty God"
777488669,Causal_Oversimplification,14892,15109,"Suffering the penalty not only allows the criminal to render expiation to God and to society, but if accepted in Christ’s grace with due repentance, it preserves his soul from hell and eliminates much of his purgatory"
777488669,Causal_Oversimplification,15401,15484,the problem of the death penalty is insoluble except from a Christian point of view
777488669,Loaded_Language,15655,15688,the spiritual welfare of citizens
777488669,"Name_Calling,Labeling",15722,15748,Modern secularized society
777488669,Loaded_Language,15762,15781,physical extinction
777488669,"Exaggeration,Minimisation",15843,15905,the faith teaches that eternal damnation is incalculably worse
777488669,"Exaggeration,Minimisation",15990,16052,cannot be compared with his future endless existence in heaven
777488669,Loaded_Language,16281,16322,through the fabric of human civilizations
777488669,Repetition,16567,16576,abolished
777488669,"Name_Calling,Labeling",16590,16658,Converts to the prevailing conciliar religion and its “New Pentecost
777488669,Loaded_Language,16977,17007,obliterating the death penalty
777488669,Causal_Oversimplification,17289,17340,without the shedding of blood there is no remission
777488669,Loaded_Language,17465,17488,eternal bliss in heaven
777488669,"Exaggeration,Minimisation",17543,17581,one of the cruelest means ever devised
777488669,"Name_Calling,Labeling",18269,18309,the glorified man who is Christ the King
777488669,Causal_Oversimplification,18451,18671,"From that point on it is Christ who delegates the divine authority to punish by killing, and both Scripture and tradition testify that it is lawfully wielded by those to whom He entrusts the temporal sword in His Kingdom"
777488669,"Name_Calling,Labeling",19644,19717,the minister of God: and avenger to execute wrath upon him that doth evil
777488669,Loaded_Language,19871,19878,abolish
777488669,Loaded_Language,19920,19936,the wages of sin
777488669,"Exaggeration,Minimisation",20377,20446,capable of committing incalculably more grievous sins than heretofore
777488669,Loaded_Language,20595,20629,our hereditary inclination to evil
777488669,Loaded_Language,20485,20533,the inescapable consequence of our fallen nature
777488669,Causal_Oversimplification,21752,21843,"As with everyone else the moment of death ushers them either into heaven, hell or purgatory"
777488669,Loaded_Language,22330,22358,transcends human legislation
777488669,Causal_Oversimplification,22360,22575,"By divine decree it will perdure until the end of time, when “the former things are passed away.” Only then “death shall be no more, nor mourning, nor crying, nor sorrow shall be any more,” and not one minute sooner"
777488669,Loaded_Language,9170,9177,shallow
777488669,Doubt,9166,9295,how shallow Catholic thinking on the death penalty has become and how far it has deviated from the age-old doctrine of the Church
777488669,Appeal_to_fear-prejudice,10056,10226,"The desire for swift and firm convictions has sent many to death who never deserved such a punishment, nor was such a punishment truly necessary for the safety of society"
777488669,Loaded_Language,20399,20425,incalculably more grievous
778139122,Loaded_Language,2509,2516,horrify
778139122,"Exaggeration,Minimisation",521,555,the most unprecedented persecution
778139122,Appeal_to_fear-prejudice,2417,2617,"Putting aside freedom of speech, the persecution of this man has been something that should horrify all free-thinking people.
If it doesn’t horrify us, then we have surrendered something very valuable"
778139122,Loaded_Language,2649,2669,especially horrified
778139122,Loaded_Language,5764,5781,extremely worried
778139122,Loaded_Language,6616,6637,It is a true disgrace
778139122,Loaded_Language,8016,8043,it was an absolute disgrace
778139122,Loaded_Language,9158,9198,the tsunami of vindictive personal abuse
778139122,"Name_Calling,Labeling",9526,9542,Vichy journalism
778139122,Flag-Waving,591,717,"his own government, the government of his homeland, Australia, applied legitimate diplomatic pressure on behalf of its citizen"
778139122,Loaded_Language,7622,7650,bogus sexual assault charges
778139122,Loaded_Language,9213,9224,heaped upon
778139122,"Bandwagon,Reductio_ad_hitlerum",9600,9695,It collaborates in the same way that the Vichy government in France collaborated with the Nazis
778139122,Appeal_to_fear-prejudice,11683,11779,"If Julian is allowed to be spirited away to some super-max hellhole, it will be a great atrocity"
778139122,Doubt,719,765,We must ask ourselves why this hasn’t happened
778139122,"Exaggeration,Minimisation",1614,1653,something he would not even contemplate
778139122,"Name_Calling,Labeling",1695,1709,wretched deals
778139122,Loaded_Language,1913,1984,the British police would offer Julian “a warm welcome” when he came out
778139122,Loaded_Language,2315,2340,the milieu of machination
778139122,"Name_Calling,Labeling",2784,2813,such a significant journalist
778139122,"Name_Calling,Labeling",2939,2987,a publisher and reporter who has changed history
778139122,"Exaggeration,Minimisation",2993,3104,Nothing in my time as a journalist has equaled the rise of WikiLeaks and its extraordinary impact on journalism
778139122,"Exaggeration,Minimisation",3121,3207,the only journalistic organization that has a 100% record of accuracy and authenticity
778139122,Loaded_Language,4452,4468,extreme jihadism
778139122,"Exaggeration,Minimisation",4606,4637,an extraordinary public service
778139122,"Name_Calling,Labeling",4918,4946,a very principled individual
778139122,"Name_Calling,Labeling",5293,5321,an extremely interesting man
778139122,Appeal_to_fear-prejudice,6012,6118,to do all within his power to return Julian home before Julian’s situation becomes an irreversible tragedy
778139122,"Name_Calling,Labeling",6572,6614,the fifty-first state of the United States
778139122,"Name_Calling,Labeling",6901,6939,an almost totally servile relationship
778139122,Loaded_Language,7343,7379,it does move in lockstep with the US
778139122,"Name_Calling,Labeling",8391,8411,WikiLeaks witch hunt
778139122,"Exaggeration,Minimisation",8413,8443,virtually none of this emerges
778139122,"Exaggeration,Minimisation",8859,8883,You are absolutely right
778139122,"Exaggeration,Minimisation",9158,9198,the tsunami of vindictive personal abuse
778139122,"Whataboutism,Straw_Men,Red_Herring",9310,9385,which used to consider itself the most enlightened newspaper in the country
778139122,"Exaggeration,Minimisation",9340,9385,the most enlightened newspaper in the country
778139122,"Name_Calling,Labeling",10195,10220,a rapacious establishment
778139122,Loaded_Language,10458,10479,deeply personal abuse
778139122,Causal_Oversimplification,10283,10382,This is precisely because WikiLeaks is producing the kind of journalism that they ought to be doing
778139122,Slogans,10786,10806,power respects power
778139122,Appeal_to_fear-prejudice,11481,11572,"if Julian Assange is allowed to literally go under, it represents the conquest of all of us"
778139122,Loaded_Language,11634,11667,the great atrocities of histories
778139122,Appeal_to_fear-prejudice,11960,12070,"if you know the theater is in fact on fire and you do not shout out, what happens after is your responsibility"
778139122,Slogans,11820,11876,"In the world of human rights, silence equals mass murder"
778139122,Loaded_Language,6098,6118,irreversible tragedy
778139122,"Whataboutism,Straw_Men,Red_Herring",6643,6815,"What about Theresa May and the British government?
Are they getting pressure from the United States or are there internal reasons why they want to keep Julian Assange quiet"
778139122,Doubt,8137,8443,"What didn’t emerge was the whole conflict of interest in this hearing.
The judge’s husband is a figure deep within the national security establishment in Britain who was named in WikiLeaks documents.
Because there is no serious media examining the whole WikiLeaks witch hunt, virtually none of this emerges"
778139122,Loaded_Language,11732,11750,super-max hellhole
778139122,Appeal_to_fear-prejudice,11785,11876,"In the library, silence is golden.
In the world of human rights, silence equals mass murder"
778664280,Loaded_Language,5485,5501,horrific scandal
778664280,Loaded_Language,9810,9822,playing dumb
778664280,Loaded_Language,12232,12252,remain in the toilet
778664280,Loaded_Language,12284,12302,forces of darkness
778664280,Loaded_Language,888,912,if that is even possible
778664280,Loaded_Language,3969,3990,gut-wrenching stories
778664280,Loaded_Language,8734,8750,ideology of evil
778664280,Loaded_Language,9347,9368,everlasting damnation
778664280,Loaded_Language,9542,9566,we call FOUL even louder
778664280,Loaded_Language,11060,11085,gross dereliction of duty
778664280,Loaded_Language,9600,9617,willful deception
778664280,Loaded_Language,11430,11441,scandalized
778664280,Loaded_Language,10838,10854,truly homophobic
778664280,Loaded_Language,7004,7014,dreamed up
778664280,Loaded_Language,10174,10193,a hideous violation
778664280,Loaded_Language,402,430,the strong and vibrant faith
778664280,Loaded_Language,4569,4584,sober reminders
778664280,Loaded_Language,5422,5440,candid explanation
778664280,Loaded_Language,8088,8139,stop humiliating herself by stooping to accommodate
778664280,Loaded_Language,8907,8921,more insidious
778664280,Loaded_Language,8949,8995,to pit human rights against the family and man
778664280,Loaded_Language,9764,9785,ANY sins of the flesh
778664280,Loaded_Language,9878,9905,closing an episcopal eye to
778664280,Loaded_Language,9959,9974,sinning proudly
778664280,Loaded_Language,10114,10148,green-lighting vice and mortal sin
778664280,Loaded_Language,10691,10720,cries to heaven for vengeance
778664280,Flag-Waving,1196,1206,our nation
778664280,Flag-Waving,11091,11282,"we hope and pray that all the good U.S. bishops would jump at the opportunity to issue statements reaffirming the Church's clear teaching against all sins of the flesh, homo- and heterosexual"
778664280,"Name_Calling,Labeling",3016,3042,a somewhat geeky ex-lawyer
778664280,"Name_Calling,Labeling",4132,4158,bringing a saint to Newark
778664280,"Name_Calling,Labeling",4168,4211,"an abuser of seminarians, minors or priests"
778664280,"Name_Calling,Labeling",8730,8750,an “ideology of evil
778664280,"Name_Calling,Labeling",9002,9026,Pope John Paul THE GREAT
778664280,"Name_Calling,Labeling",9027,9050,an intolerant homophobe
778664280,"Name_Calling,Labeling",11426,11450,the scandalized faithful
778664280,"Name_Calling,Labeling",2036,2050,good Catholics
778664280,"Name_Calling,Labeling",5195,5210,heavenly patron
778664280,"Name_Calling,Labeling",5973,6034,"an ""inclusive community"" that ""welcomes all"" and ""judges none"
778664280,"Name_Calling,Labeling",5718,5731,gay lifestyle
778664280,"Name_Calling,Labeling",7174,7201,"Pope John Paul ""The GREAT's"
778664280,"Name_Calling,Labeling",7959,7973,episcopal fans
778664280,"Name_Calling,Labeling",8140,8241,a special interest group that obviously doesn't care about her or the moral code by which she governs
778664280,"Name_Calling,Labeling",8360,8382,the straight Catholics
778664280,"Name_Calling,Labeling",8875,8897,a new ideology of evil
778664280,"Name_Calling,Labeling",9070,9100,and his pals in the episcopacy
778664280,"Name_Calling,Labeling",10532,10550,"the ""gay lifestyle"
778664280,"Name_Calling,Labeling",10755,10775,climate of tolerance
778664280,"Name_Calling,Labeling",11811,11875,an evil spirit that can be driven out only by prayer and fasting
778664280,"Name_Calling,Labeling",12280,12302,the forces of darkness
778664280,"Name_Calling,Labeling",660,744,one of the most prominent Churchmen in the United States in the last quarter century
778664280,Doubt,9052,9178,"Are Father Martin and his pals in the episcopacy really so enlightened over every pope, saint, and moral theologian in history"
778664280,Doubt,9787,9822,So why are our bishops playing dumb
778664280,Doubt,10287,10453,"Who are these bishops that think they can play fast and loose not only with the moral theology of the Catholic Church, but also with the immortal souls of their flock"
778664280,Doubt,6964,7167,Under no circumstances…except for those dreamed up by a number of bishops in this country who apparently think that it should be left up to individual parishes to decide if they are LGBTQ-friendly or not
778664280,Doubt,9180,9436,"Or is it not so that it is both negligent and uncharitable for some bishops to refuse to inform their faithful that according to the Church's own infallible teaching, everlasting damnation is the price to be paid for this kind of inclusivity and toleration"
778664280,Doubt,10832,11050,"It is truly homophobic for any bishop to lie to the gay community about this, and to risk the immortal souls of the sheep merely so that the shepherd might pride himself on occupying the politically correct high ground"
778664280,Doubt,10455,10720,"Is it any wonder that priests and laity alike are changing their attitude on the ""gay lifestyle"" and violations of the Sixth Commandment when so many bishops are working to remove the stigma attached to this sin that Scripture tells us cries to heaven for vengeance"
778664280,Causal_Oversimplification,9976,10029,This is what the Church of Accompaniment is all about
778664280,Causal_Oversimplification,6037,6169,"All very well and good, except for the fact that the Church's constant and unchanging moral teaching on this makes no such allowance"
778664280,Causal_Oversimplification,6543,6921,"Basing itself on Sacred Scripture, which presents homosexual acts as acts of grave depravity, tradition has always declared that ""homosexual acts are intrinsically disordered.""
They are contrary to the natural law.
They close the sexual act to the gift of life.
They do not proceed from a genuine affective and sexual complementarity.
Under no circumstances can they be approved"
778664280,Causal_Oversimplification,7514,7815,"thus the inclination itself must be seen as an objective disorder.
Therefore special concern and pastoral attention should be directed to those who have this condition, lest they be led to believe that the living out of this orientation in homosexual activity is a morally acceptable option.
It is not"
778664280,Causal_Oversimplification,9824,9974,"Quite obviously, it is because what they are actually closing an episcopal eye to are the folks who want to keep right on sinning--and sinning proudly"
778664280,"Exaggeration,Minimisation",2737,2809,the 2005 and 2007 settlements were apparently considered ancient history
778664280,"Exaggeration,Minimisation",10174,10260,a hideous violation of everything these bishops supposedly believe as Catholic priests
778664280,"Exaggeration,Minimisation",12227,12265,will remain in the toilet indefinitely
778664280,"Exaggeration,Minimisation",865,912,To make matters worse (if that is even possible
778664280,Appeal_to_fear-prejudice,1442,1720,"I don’t think that the Church in the United States will rest — and confidence will be restored — until the matter is independently investigated and explained, and assurances are given that there are safeguards in place to make sure that something like this couldn’t happen again"
778664280,Appeal_to_fear-prejudice,9347,9436,everlasting damnation is the price to be paid for this kind of inclusivity and toleration
778664280,Appeal_to_fear-prejudice,10722,10830,"The Catholic Church's new-found ""climate of tolerance"" is exactly what McCarrick and company are counting on"
778664280,Appeal_to_fear-prejudice,11052,11282,"This is gross dereliction of duty, and we hope and pray that all the good U.S. bishops would jump at the opportunity to issue statements reaffirming the Church's clear teaching against all sins of the flesh, homo- and heterosexual"
778664280,Appeal_to_fear-prejudice,11529,11693,Our bishops must make it absolutely clear that the Church's moral theology on homosexuality will not and can not be trumped by the dictates of political correctness
778664280,Appeal_to_fear-prejudice,11877,12098,Until the Church and her bishops get back to reaffirming traditional Catholic teaching on human sexuality we can forget about seeing an end to the sexual abuse crisis and the massive problem of homosexuality in the clergy
778664280,Appeal_to_fear-prejudice,5517,5839,"we would also humbly beg him to take it one step further by publicly proclaiming his profession of belief in the Church's official teaching against the mortal sin of homosexual acts and the so-called ""gay lifestyle,"" which includes her long-held teaching that homosexual activity between clerics is an ecclesiastical crime"
778664280,Slogans,4787,4847,"no one can be above the law, regardless of rank or privilege"
778664280,Thought-terminating_Cliches,9619,9647,"We're all sinners, of course"
779394730,Loaded_Language,2965,2986,profoundly disturbing
779394730,Loaded_Language,3247,3274,"Well played, Cardinal Wuerl"
779394730,Loaded_Language,3728,3749,rampant homosexuality
779394730,Loaded_Language,4043,4118,"heretical homilies, sodomitical clergy and an increasingly lavender liturgy"
779394730,Loaded_Language,1222,1239,unfairly smearing
779394730,Loaded_Language,1382,1407,after the scandal erupted
779394730,Loaded_Language,1479,1511,have reopened wounding questions
779394730,Doubt,3715,4118,"All this and rampant homosexuality in the priesthood, too... along with a ""trivialized liturgy"" (according to Pope Benedict XVI) and widespread apostasy among the faithful?
Remind me again: What exactly has Vatican II and the last fifty years of aggiornamento given us?
Because I can't seem to think of a darn thing, apart from heretical homilies, sodomitical clergy and an increasingly lavender liturgy"
779394730,Loaded_Language,4015,4030,of a darn thing
779394730,Doubt,4120,4323,"You know what, guys?
Thanks, but no thanks.
You can take your 'Church of Accompaniment"" to prison with you.
I'd sooner let my kids be accompanied by fans of the Oakland Raiders than turn them over to you"
779394730,Loaded_Language,2710,2739,on the cutting edge of change
779394730,Loaded_Language,4141,4162,"Thanks, but no thanks"
779394730,Loaded_Language,966,984,an information war
779394730,Doubt,1419,1612,"But recent abuse-related scandals, from Chile to Australia, have reopened wounding questions about accountability and whether church officials are still covering up crimes at the highest levels"
779394730,Doubt,1615,1772,The new wave of allegations has called Pope Francis’s handling of abuse into question as many Catholics look to him to help the church regain its credibility
779394730,Doubt,1774,1886,"The pope’s track record has been mixed, something some outsiders attribute to his learning curve or shortcomings"
779394730,"Name_Calling,Labeling",1926,1965,a notoriously change-averse institution
779394730,"Exaggeration,Minimisation",2070,2106,a towering figure in the U.S. church
779394730,Doubt,2609,2739,"And how honest the church has been about this crisis.
Most bishops, besides apologies, have not been on the cutting edge of change"
779394730,Loaded_Language,3306,3340,"I know, lots of luck with that one"
779394730,"Name_Calling,Labeling",3476,3535,"a ""God of Surprises"" who is uber-merciful and doesn't judge"
779394730,Appeal_to_Authority,3554,3695,"a pope who, according to Father Thomas Rosica, ""breaks Catholic traditions whenever he wants, because he is 'free from disordered attachments"
779394730,Doubt,3343,3462,"These are the people that are going to ""accompany us"" and our children in the ""synodal Church"" with its new orientation"
779394730,Loaded_Language,3700,3713,You don't say
779394730,"Name_Calling,Labeling",4183,4206,Church of Accompaniment
779394730,Loaded_Language,4172,4226,"take your 'Church of Accompaniment"" to prison with you"
780414700,Repetition,2944,2954,I am tired
780414700,Repetition,2964,2974,I am tired
780414700,Repetition,3011,3021,I am tired
780414700,Repetition,3051,3061,I am tired
780414700,Repetition,3177,3187,I am tired
780414700,Repetition,13333,13358,I will not stand for this
780414700,Repetition,14442,14467,I will not stand for this
780414700,Repetition,16466,16470,Pray
780414700,Repetition,16519,16523,Pray
780414700,Repetition,16549,16553,pray
780414700,Repetition,3591,3599,sickness
780414700,Repetition,5135,5138,sin
780414700,Repetition,14834,14844,scandalous
780414700,Loaded_Language,8867,8878,disgraceful
780414700,Loaded_Language,7243,7257,deviant sexual
780414700,Loaded_Language,1586,1596,mortal sin
780414700,Loaded_Language,3254,3261,immense
780414700,Loaded_Language,2997,3009,gravely hurt
780414700,Loaded_Language,3485,3494,sickening
780414700,Loaded_Language,4434,4438,evil
780414700,Loaded_Language,8883,8903,seriously scandalous
780414700,Loaded_Language,8935,8952,appalling actions
780414700,Loaded_Language,9663,9717,sin so grave that it cries out to heaven for vengeance
780414700,Loaded_Language,9794,9804,wickedness
780414700,Loaded_Language,9815,9842,hated with a perfect hatred
780414700,Loaded_Language,13309,13331,swiftly and vigorously
780414700,Loaded_Language,13520,13530,scandalous
780414700,Loaded_Language,14823,14844,sinful and scandalous
780414700,Loaded_Language,1370,1385,vile clergy sex
780414700,Loaded_Language,1817,1846,thoroughly scandalized flocks
780414700,Loaded_Language,3373,3388,gruesome detail
780414700,Loaded_Language,9347,9401,wreaking great devastation in the vineyard of the Lord
780414700,Loaded_Language,17788,17830,"stave off, this deep illness in the Church"
780414700,Loaded_Language,1653,1691,the wrath of the enemies of the Church
780414700,Loaded_Language,17440,17457,sins and outrages
780414700,Loaded_Language,483,504,light in the darkness
780414700,Loaded_Language,866,887,DEFEND BISHOP MORLINO
780414700,Loaded_Language,926,961,the Church needs now is more hatred
780414700,Loaded_Language,6315,6393,the license for sin to have a home in individuals at every level of the Church
780414700,Loaded_Language,6561,6601,what the Church needs now is more hatred
780414700,Loaded_Language,14986,15028,"injure the very Body of Christ, His Church"
780414700,Loaded_Language,16614,16639,our own personal holiness
780414700,Loaded_Language,17980,18035,cast out sin from our own lives and run toward holiness
780414700,Loaded_Language,601,654,look the beast in the eye and speak its name out loud
780414700,Loaded_Language,1711,1720,crucified
780414700,Loaded_Language,1971,1981,scurrilous
780414700,"Name_Calling,Labeling",726,735,a “hater”
780414700,"Name_Calling,Labeling",1304,1325,a courageous shepherd
780414700,"Name_Calling,Labeling",2183,2225,the degenerate and even criminal shepherds
780414700,"Name_Calling,Labeling",7820,7867,now-culturally-acceptable acts of homosexuality
780414700,"Name_Calling,Labeling",7877,7917,publically-deplorable acts of pedophilia
780414700,"Name_Calling,Labeling",300,319,a port in the storm
780414700,"Name_Calling,Labeling",572,654,a bishop with the courage to look the beast in the eye and speak its name out loud
780414700,"Name_Calling,Labeling",1811,1846,their thoroughly scandalized flocks
780414700,"Name_Calling,Labeling",3233,3317,those entrusted with immense responsibility from the Lord for the care of His people
780414700,"Name_Calling,Labeling",4434,4471,"evil, evil that cries out for justice"
780414700,"Name_Calling,Labeling",5514,5522,pastoral
780414700,"Name_Calling,Labeling",7410,7450,"powerful priests, bishops, and cardinals"
780414700,"Name_Calling,Labeling",10905,10959,"many good and virtuous priests, bishops, and cardinals"
780414700,"Name_Calling,Labeling",10993,11030,many great and respectable seminaries
780414700,"Name_Calling,Labeling",11035,11072,so many holy and faithful seminarians
780414700,"Name_Calling,Labeling",13920,13988,"as a holy priest, a hard working priest, and a pure and happy priest"
780414700,Slogans,866,887,DEFEND BISHOP MORLINO
780414700,Slogans,2286,2330,May God bless and keep Bishop Robert Morlino
780414700,Slogans,2944,2962,I am tired of this
780414700,Slogans,18812,18834,we will serve the Lord
780414700,"Exaggeration,Minimisation",1361,1404,the most vile clergy sex scandal in history
780414700,"Exaggeration,Minimisation",9113,9135,a whole slew of issues
780414700,"Exaggeration,Minimisation",1698,1738,"They will be crucified in the media, yes"
780414700,"Exaggeration,Minimisation",1852,1943,they are absolutely committed to the defense and enforcement of the Church’s moral teaching
780414700,"Exaggeration,Minimisation",3534,3578,"quite literally, enough to make someone sick"
780414700,"Exaggeration,Minimisation",8632,8678,the most notorious and highest in ranking case
780414700,"Exaggeration,Minimisation",9347,9373,wreaking great devastation
780414700,"Exaggeration,Minimisation",9661,9717,a sin so grave that it cries out to heaven for vengeance
780414700,Appeal_to_fear-prejudice,4907,5047,"Unless and until we take seriously our call to sanctity, we, as an institution and as individuals, will continue to suffer the “wages of sin"
780414700,Appeal_to_fear-prejudice,1740,2022,"But they will also be doing their sacred duty before God in reassuring their thoroughly scandalized flocks that they are absolutely committed to the defense and enforcement of the Church’s moral teaching at a time when it is under scurrilous attack from within.
Nothing less will do"
780414700,Appeal_to_fear-prejudice,5821,5941,"In the end, the excuses do not matter.
We must be done with sin.
It must be rooted out and again considered unacceptable"
780414700,Appeal_to_fear-prejudice,15632,15697,Failure to do so will lead to dismissal from diocesan sponsorship
780414700,Causal_Oversimplification,1192,1265,It is an act of love to hate sin and to call others to turn away from sin
780414700,Causal_Oversimplification,5145,5206,we have excused sin in the name of a mistaken notion of mercy
780414700,Causal_Oversimplification,6832,6905,It is an act of love to hate sin and to call others to turn away from sin
780414700,Causal_Oversimplification,7580,7638,but also are in violation of the natural moral law for all
780414700,Causal_Oversimplification,10488,10673,"it also offers the guilty party an opportunity to make expiation for his sin in this life (if he willingly accepts his punishment), thus sparing him worse punishment in the life to come"
780414700,Causal_Oversimplification,4363,4517,"These actions, committed by more than a few, can only be classified as evil, evil that cries out for justice and sin that must be cast out from our Church"
780414700,"Bandwagon,Reductio_ad_hitlerum",1338,1615,"In our opinion, during the most vile clergy sex scandal in history, every bishop in the country must do exactly what Bishop Morlino has done, i.e., issue a statement of fidelity to the Church’s moral theology, specifically her teaching against the mortal sin of homosexual acts"
780414700,"Bandwagon,Reductio_ad_hitlerum",17034,17229,"I will be offering a public Mass of reparation on Friday, September 14, the Feast of the Triumph of the Holy Cross, at Holy Name Heights and I ask all pastors to do the same in their own parishes"
780414700,Black-and-White_Fallacy,2060,2284,"we respectfully demand that the rest of the American bishops either follow suit or face the charge of being complicit with the degenerate and even criminal shepherds, accounts of whose betrayal and vice now dominate the news"
780414700,Doubt,5425,5738,"Why do we do this?
Is it out of an earnest desire to display a misguided sense of being “pastoral?” Have we covered over the truth out of fear?
Are we afraid of being disliked by people in this world?
Or are we afraid of being called hypocrites because we are not striving tirelessly for holiness in our own lives"
780619695,Repetition,1538,1554,How inconvenient
780619695,Repetition,1728,1744,How inconvenient
780619695,Repetition,2018,2034,How inconvenient
780619695,Repetition,2245,2261,How inconvenient
780619695,Repetition,2838,2854,How inconvenient
780619695,Repetition,3066,3082,How inconvenient
780619695,Slogans,44,62,#StopThe Synod2018
780619695,Loaded_Language,3735,3740,dirty
780619695,Slogans,6301,6314,#StopTheSynod
780619695,Repetition,1321,1337,How inconvenient
780619695,Loaded_Language,1935,1959,intrinsically disordered
780619695,Loaded_Language,4123,4129,sordid
780619695,"Exaggeration,Minimisation",137,148,masterfully
780619695,Loaded_Language,149,160,manipulated
780619695,Loaded_Language,162,168,rigged
780619695,Loaded_Language,174,183,exploited
780619695,"Name_Calling,Labeling",120,136,Synodal Schemers
780619695,"Name_Calling,Labeling",1245,1262,predatory clerics
780619695,Loaded_Language,1770,1794,clergy predation scandal
780619695,Loaded_Language,2318,2325,blasted
780619695,Loaded_Language,2329,2338,predators
780619695,Loaded_Language,2343,2359,coverup enablers
780619695,Repetition,3207,3224,Who Am I to Judge
780619695,Loaded_Language,3933,3941,brutally
780619695,Repetition,4212,4229,who am I to judge
780619695,Loaded_Language,4298,4309,devastation
780619695,Loaded_Language,4504,4513,a mockery
780619695,Appeal_to_fear-prejudice,4696,4736,poses serious moral and physical dangers
780619695,Repetition,4856,4874,clerical predation
780619695,Loaded_Language,5547,5553,sneaky
780619695,Loaded_Language,5985,6015,predatory homosexual predation
780619695,Slogans,6232,6251,Stop the Synod Here
780619695,Repetition,6302,6314,StopTheSynod
780786973,Loaded_Language,12,31,looking for trouble
780786973,Loaded_Language,104,111,bashing
780786973,Loaded_Language,208,227,looking for trouble
780786973,"Name_Calling,Labeling",303,328,Disgraced and discredited
780786973,Loaded_Language,1439,1458,looking for trouble
780786973,"Name_Calling,Labeling",379,411,a “group of Angry Democrat Thugs
780786973,"Name_Calling,Labeling",503,510,a “gang
780786973,Doubt,1882,2009,the president dictated a misleading statement about it a year later and it remains murky just when he learned about the meeting
780786973,Loaded_Language,45,56,cryptically
780786973,Loaded_Language,158,176,saying cryptically
780786973,"Exaggeration,Minimisation",340,411,his staff amounts to nothing more than a “group of Angry Democrat Thugs
780786973,"Whataboutism,Straw_Men,Red_Herring",1297,1341,The tweet included a misspelling of “counsel
780786973,Causal_Oversimplification,1474,1513,they know there is no Russian Collusion
780786973,Loaded_Language,1957,1970,remains murky
780786973,Loaded_Language,2157,2170,first floated
780786973,"Name_Calling,Labeling",2300,2314,a “phony crime
780786973,Loaded_Language,2398,2414,in Trump’s orbit
780786973,Doubt,2546,2730,"Trump also continued to cast himself as a victim in the matter, saying when he attempts to “FIGHT BACK or say anything bad about the Rigged Witch Hunt,” his critics “scream Obstruction"
780786973,Loaded_Language,2638,2648,FIGHT BACK
780786973,"Name_Calling,Labeling",2675,2696,the Rigged Witch Hunt
780786973,Doubt,2369,2544,"But legal experts say anyone in Trump’s orbit would be charged with conspiracy, making false statements to federal investigators or obstructing justice.
All are federal crimes"
780786973,Loaded_Language,2303,2314,phony crime
780786973,Loaded_Language,2712,2730,scream Obstruction
780787440,"Name_Calling,Labeling",822,856,credibly accused child sex abusers
780787440,Loaded_Language,2059,2073,how much filth
780787440,Loaded_Language,473,497,The heart-wrenching pain
780787440,Doubt,2110,2395,"With shame and repentance, we acknowledge as an ecclesial community that we were not where we should have been, that we did not act in a timely manner, realizing the magnitude and the gravity of the damage done to so many lives.
We showed no care for the little ones; we abandoned them"
780787440,Doubt,3090,3262,"Like his predecessor, Francis has promised “zero tolerance” on child abuse, but scandals have kept recurring in several parts of the world — including in Australia recently"
780787440,Loaded_Language,379,414,rocked by clergy sex abuse scandals
780787440,Loaded_Language,516,541,which cries out to heaven
780787440,Loaded_Language,1227,1248,with sorrow and shame
780787440,Doubt,1703,1809,I’m not sure what his words will be and I’m not sure that a simple apology is what survivors of abuse want
780787440,Doubt,1845,1910,"If he expresses an apology, it needs to be more than ‘we’re sorry"
780787440,Loaded_Language,2110,2135,With shame and repentance
780787440,"Exaggeration,Minimisation",2439,2522,no effort to beg pardon and to seek to repair the harm done will ever be sufficient
780787440,Doubt,2951,3087,"The pope) begs for forgiveness, but still does not admit or own the deliberate policy of cover up designed & implemented by the #Vatican"
780787440,Loaded_Language,3501,3507,outcry
780787440,Appeal_to_Authority,3740,4317,"According to church expert John L Allen, an editor at specialized website Crux.com, the Catholic Church has a structural problem when it comes to dealing with cover up accusations.
“Sixteen years since the crisis first erupted in the U.S., almost ten years since that happened in Ireland, and now more than five years since Francis was elected, the Catholic Church still has no credible, transparent process for handling cases when the accusation against a bishop isn’t the direct commission of abuse but rather covering up someone else’s crimes,” Allen said in a Sunday column"
780787440,Doubt,4085,4285,"the Catholic Church still has no credible, transparent process for handling cases when the accusation against a bishop isn’t the direct commission of abuse but rather covering up someone else’s crimes"
780787440,Appeal_to_fear-prejudice,1153,1404,"It is essential that we, as a Church, be able to acknowledge and condemn, with sorrow and shame, the atrocities perpetrated by consecrated persons, clerics, and all those entrusted with the mission of watching over and caring for those most vulnerable"
780787440,Doubt,3824,3919,the Catholic Church has a structural problem when it comes to dealing with cover up accusations
780787440,Loaded_Language,3959,3966,erupted
781577820,Doubt,470,494,What kind of man is this
781577820,Loaded_Language,554,561,blasted
781577820,Loaded_Language,731,741,fired back
781577820,Loaded_Language,14,25,lashes back
781577820,"Exaggeration,Minimisation",1642,1679,nearly constant complaints from Trump
781577820,Doubt,163,190,"You’re wrong, Mr. President"
781577820,"Name_Calling,Labeling",215,246,one of Trump’s favorite pinatas
781577820,Loaded_Language,274,302,the president’s public scorn
781577820,Doubt,589,661,the former Alabama senator “never took control of the Justice Department
781577820,"Exaggeration,Minimisation",968,1028,unprecedented success at effectuating the President’s agenda
781577820,"Exaggeration,Minimisation",1485,1608,"no nation has a more talented, more dedicated group of law enforcement investigators and prosecutors than the United States"
781577820,Flag-Waving,1031,1218,"one that protects the safety and security and rights of the American people, reduces violent crime, enforces our immigration laws, promotes economic growth, and advances religious liberty"
781577820,Flag-Waving,1476,1608,"However, no nation has a more talented, more dedicated group of law enforcement investigators and prosecutors than the United States"
781768042,Loaded_Language,460,471,run rampant
781768042,Loaded_Language,7029,7044,horrendous sins
781768042,Loaded_Language,7079,7098,poured fiery sulfur
781768042,"Name_Calling,Labeling",10249,10311,"Ungrateful reprobates, pretenders, counterfeits and hypocrites"
781768042,"Name_Calling,Labeling",4963,4971,the LORD
781768042,"Name_Calling,Labeling",5923,6076,"She and her daughters were arrogant, overfed and unconcerned; they did not help the poor and needy.
They were haughty and did detestable things before me"
781768042,"Name_Calling,Labeling",6255,6266,abomination
781768042,Doubt,11503,11705,"Instead of preaching out against sin, they advocate for that which God clearly condemns, thereby making war against God (Micah 3:5), which at length destroys our government, our country and our families"
781768042,Causal_Oversimplification,0,108,Sodom and Gomorrah was Judged by God Because Men Refused to Keep His Commandments in Dealing with the Wicked
781768042,"Name_Calling,Labeling",98,108,the Wicked
781768042,Loaded_Language,112,126,How ridiculous
781768042,Loaded_Language,173,210,love wounds itself by killing justice
781768042,Doubt,238,360,How often I see and hear the professors of Christianity today walking contrary to the word and spirit of the Living Christ
781768042,Appeal_to_fear-prejudice,727,770,they that forsake the law praise the wicked
781768042,Doubt,382,597,"How willing they are to overlook judgment when it comes to the criminals that run rampant in this country, and on the other hand how willing they are to show compassion to the criminals while overlooking the victims"
781768042,"Name_Calling,Labeling",2681,2691,the wicked
781768042,"Name_Calling,Labeling",2662,2675,the righteous
781768042,"Name_Calling,Labeling",2721,2730,righteous
781768042,Repetition,2809,2818,righteous
781768042,"Name_Calling,Labeling",2892,2905,the righteous
781768042,Repetition,2911,2921,the wicked
781768042,"Name_Calling,Labeling",2932,2945,the righteous
781768042,"Name_Calling,Labeling",2959,2969,the wicked
781768042,"Name_Calling,Labeling",3085,3094,righteous
781768042,"Name_Calling,Labeling",3326,3335,righteous
781768042,Loaded_Language,4699,4732,so that we can have sex with them
781768042,Loaded_Language,4972,4998,rained down burning sulfur
781768042,Loaded_Language,5533,5589,wanted to perform homosexual gang rape on the two angels
781768042,Loaded_Language,6149,6167,morally disgusting
781768042,Loaded_Language,6346,6400,gave themselves up to sexual immorality and perversion
781768042,Loaded_Language,6785,6854,There is probably nothing more inhospitable than homosexual gang rape
781768042,Causal_Oversimplification,7046,7169,"homosexuality was the reason God poured fiery sulfur on the cities, completely destroying them and all of their inhabitants"
781768042,Causal_Oversimplification,7261,7377,"Sodom and Gomorrah serve as a powerful example of how God feels about sin in general, and homosexuality specifically"
781768042,"Name_Calling,Labeling",7411,7420,righteous
781768042,Repetition,8553,8562,They care
781768042,"Name_Calling,Labeling",9062,9099,Professed Christians in America today
781768042,Loaded_Language,10840,10869,illegally indoctrinating them
781768042,"Name_Calling,Labeling",11255,11307,the Biblical patriarchs and our American forefathers
781768042,Loaded_Language,11333,11353,to submit to tyranny
781768042,Loaded_Language,11802,11855,the prevailing immoralities and debauchers of society
781768042,Doubt,9062,9438,"Professed Christians in America today talk much of love through inaction, and yet know nothing of it (1 John 3:18).
They read what to do, but do it not!
In fact, they declare and proclaim how much they love God, and yet if you were to have them read His moral law and look to their own lives, they would find how much they actually hate God through their actions (Matthew 15:8"
781768042,Doubt,10346,10762,"Instead of reaching out to the greatest demographic here in America, public high schools, they send missionaries to foreign lands to do there what they fail to do for their own here.
Instead of fighting for their posterity and shutting down the illegalities of sodomy in all 50 states, they teach them to just do their best to understand that they cannot help themselves while God say’s the opposite (Leviticus 20:18"
781768042,Doubt,10765,10929,"Instead of fighting on their behalf against the federal government that is illegally indoctrinating them, they simply give their kids over to them to be dumbed down"
781768042,Doubt,10931,11420,"And instead of protesting the murder of 58 million innocent babies (Proverbs 6:17), they merely pass it off as a ""choice,"" that being the lessons that they learned from the media that they say that they do not believe (Romans 1:18).
The American Church, instead of protesting corruption in government through the example of the Biblical patriarchs and our American forefathers (Matthew 5:17-18), teach to submit to tyranny as if to suggest that it is somehow obedience to God (Romans 12:21"
781768042,Doubt,11423,11501,The Church in America has failed to keep the Commandments of the God of Israel
781768042,Doubt,11707,11947,"Look to their feigned strength that they profess to possess.
It is gauged by simply looking to the prevailing immoralities and debauchers of society.
They are weak and pathetic and they have no excuses as to why America is where we is today"
781768042,Causal_Oversimplification,11987,12104,"It's the same reason that he is judging America today (Amos 4:12), He cannot find the righteous in order to spare her"
781768042,"Name_Calling,Labeling",12069,12082,the righteous
781768042,"Name_Calling,Labeling",12131,12141,the Wicked
781768042,Doubt,12322,12401,through tolerance and apathy Americans are bringing upon themselves destruction
781768042,Loaded_Language,12365,12401,bringing upon themselves destruction
781768042,Causal_Oversimplification,12449,12526,which leaves no alternative as to why God judges and is judging America today
781768042,Doubt,7516,7650,How do you show mercy to a people who observe lying vanities (Jonah 2:4) and refuse to return to the Lord (Jeremiah 6:16) on His terms
781768042,Flag-Waving,10346,10527,"Instead of reaching out to the greatest demographic here in America, public high schools, they send missionaries to foreign lands to do there what they fail to do for their own here"
781768042,Flag-Waving,11857,11947,They are weak and pathetic and they have no excuses as to why America is where we is today
781847297,"Whataboutism,Straw_Men,Red_Herring",419,485,"Gee, this is ‘small potatoes’ compared to what Hillary Clinton did"
781847297,Loaded_Language,835,850,a bizarre twist
781847297,Loaded_Language,205,224,to take another dig
781847297,"Name_Calling,Labeling",1057,1075,an “orange fascist
781847297,"Exaggeration,Minimisation",1659,1675,and so much more
781847297,"Name_Calling,Labeling",1502,1520,Comey lies & leaks
781847297,"Exaggeration,Minimisation",82,116,The record-setting prison sentence
781847297,Doubt,313,416,her sentence of 63 months in federal prison was unfair and accused Sessions of having a double standard
781847297,Doubt,639,670,"So unfair Jeff, Double Standard"
781847297,Loaded_Language,1408,1426,continued pounding
781847297,"Name_Calling,Labeling",1652,1656,Dems
782017101,Loaded_Language,1282,1289,demonic
782017101,Loaded_Language,1453,1461,perverts
782017101,Loaded_Language,6893,6901,perverse
782017101,Loaded_Language,7156,7178,lecherous and pathetic
782017101,Loaded_Language,1690,1697,rampant
782017101,"Name_Calling,Labeling",3309,3321,holy old boy
782017101,Loaded_Language,229,239,abominable
782017101,Loaded_Language,253,261,genocide
782017101,Loaded_Language,1149,1157,depraved
782017101,Causal_Oversimplification,2333,2370,there’s only one possible explanation
782017101,Loaded_Language,5633,5662,Pedophile priests sell papers
782017101,Loaded_Language,6583,6599,critically wrong
782017101,Black-and-White_Fallacy,263,321,"Yet everything right is good, and everything wrong is evil"
782017101,"Name_Calling,Labeling",560,580,Prince of this World
782017101,"Name_Calling,Labeling",2253,2262,predators
782017101,Loaded_Language,5285,5302,violent predators
782017101,"Name_Calling,Labeling",5753,5769,closeted gay man
782017101,Repetition,7450,7480,I don’t know what it will take
782017101,Slogans,7573,7580,we will
782086447,Loaded_Language,7126,7137,deep sorrow
782086447,Loaded_Language,19791,19802,shamelessly
782086447,Loaded_Language,6339,6345,tragic
782086447,Loaded_Language,7117,7124,disgust
782086447,Loaded_Language,19751,19771,absolutely laughable
782086447,Loaded_Language,40294,40304,abominable
782086447,Loaded_Language,21756,21769,disconcerting
782086447,Loaded_Language,21780,21787,totally
782086447,Loaded_Language,29196,29217,pastoral carelessness
782086447,Repetition,39495,39511,Do not be afraid
782086447,Loaded_Language,117,123,tragic
782086447,Loaded_Language,247,257,very grave
782086447,Loaded_Language,2005,2015,disastrous
782086447,Loaded_Language,2228,2240,most serious
782086447,Loaded_Language,2645,2664,terribly disfigured
782086447,Loaded_Language,10594,10610,greatly dismayed
782086447,Loaded_Language,10932,10958,courageous and meritorious
782086447,Loaded_Language,11592,11602,incredible
782086447,Loaded_Language,21957,21965,dramatic
782086447,Loaded_Language,26848,26858,very grave
782086447,Loaded_Language,30672,30678,wicked
782086447,Loaded_Language,40268,40286,deeply scandalized
782086447,"Name_Calling,Labeling",41236,41243,pervert
782086447,Appeal_to_fear-prejudice,913,979,before this crisis gets any more out-of-control than it already is
782086447,Loaded_Language,2346,2356,horrendous
782086447,Loaded_Language,2676,2693,abominable crimes
782086447,Repetition,2897,2904,We must
782086447,Loaded_Language,5039,5063,gravely immoral behavior
782086447,Loaded_Language,8923,8930,destroy
782086447,Loaded_Language,13636,13650,grave misdeeds
782086447,Loaded_Language,24320,24330,aggressive
782086447,Loaded_Language,30487,30500,unprecedented
782086447,Loaded_Language,30891,30913,ostentatious arrogance
782086447,Loaded_Language,35346,35355,disasters
782086447,Loaded_Language,37049,37059,disastrous
782086447,Loaded_Language,37308,37323,serial predator
782086447,"Exaggeration,Minimisation",38123,38138,extremely grave
782086447,Loaded_Language,38139,38155,immoral behavior
782086447,Slogans,39477,39493,Do not be afraid
782086447,Loaded_Language,40148,40164,stained with sin
782086447,Loaded_Language,40423,40429,sinful
782086447,Repetition,42861,42872,pray for us
782086447,Repetition,42927,42938,pray for us
782149225,Loaded_Language,253,287,delighted screams of “Allahu akbar
782149225,Loaded_Language,472,485,Allah willing
782149225,Flag-Waving,314,470,"the “establishment of an Islamic state…requires the conquest of America, Britain, Russia, France, and Italy – Rome and other infidel lands will be conquered"
782149225,Flag-Waving,573,973,"After the laws of Allah were abandoned, and the heretic regimes were imposed on the Muslims, the most important thing to do is to restore the rule of the Muslims, through the Quran and the Sunna, in order to renew Islamic life and to deliver the Islamic message to the world.
My brothers, the implication of this today should be the establishment of an Islamic state over all the lands of the Muslims"
782149225,Loaded_Language,1561,1580,a swipe at the Jews
782149225,Loaded_Language,1705,1754,after the elimination of the filthy Jewish entity
782149225,"Name_Calling,Labeling",3068,3181,"a “tiny minority of extremists,” abhorred by the vast majority of peaceful Muslims for “hijacking” their religion"
782149225,"Bandwagon,Reductio_ad_hitlerum",4561,4757,"There is still no mosque or Islamic school in the United States that teaches young Muslims why they should reject the understanding of Islam taught by al-Qaeda, ISIS, and other jihad terror groups"
782149225,"Name_Calling,Labeling",5057,5070,an “extremist
782149225,Appeal_to_fear-prejudice,5073,5222,"They have yet to come to grips with the fact that “extremism” is and always has been so distressingly widespread in Muslim communities.
But they will"
782149225,"Name_Calling,Labeling",1616,1648,the worst enemies of the Muslims
782149225,Loaded_Language,3156,3165,hijacking
783702663,Loaded_Language,886,905,the explosive story
783702663,Loaded_Language,1134,1181,astonishing and indeed providential development
783702663,"Name_Calling,Labeling",1957,1974,trusted counselor
783702663,Loaded_Language,2799,2861,deeply scandalized by the abominable and sacrilegious behavior
783702663,Black-and-White_Fallacy,3189,3303,"Everyone is guilty for the good he could have done and did not do ...
If we do not oppose evil, we tacitly feed it"
783702663,Loaded_Language,5092,5149,"emerges mountainously into view, never to be buried again"
783702663,"Name_Calling,Labeling",6681,6716,the professional Catholic dissident
783702663,"Name_Calling,Labeling",7073,7126,a disgruntled former employee” and “always a crackpot
783702663,Appeal_to_fear-prejudice,7449,7626,"A putsch is afoot and if the U.S. bishops do not, as a body, stand up to defend the Holy Father in the next 24 hours, we shall be slipping towards schism long before the bishops"
783702663,Loaded_Language,9381,9396,puerile mockery
783702663,Loaded_Language,9500,9531,their itching ears want to hear
783702663,Loaded_Language,9548,9613,whose living guts they have hated from the moment of his election
783702663,Appeal_to_Authority,10688,10895,"issued a statement affirming that he has known Viganò for 39 years, has “always known and respected him as a man of truthfulness, faith and integrity” and that his testimony should “be taken seriously by all"
783702663,Appeal_to_Authority,11247,11501,"Bishop Athanasius Schneider declares: “Archbishop Viganò confirmed his statement by a sacred oath invoking the name of God.
There is, therefore, no reasonable and plausible cause to doubt the truth content of the document of Archbishop Carlo Maria Viganò"
783702663,Appeal_to_Authority,11506,11702,Cardinal Raymond Burke’s statement declares: “The declarations made by a prelate of the authority of Archbishop Carlo Maria Viganò must be totally taken to heart by those responsible in the Church
783702663,Doubt,12390,12552,"I]f Cardinal Wuerl was unaware of the sanctions, and unaware of the reason for them, why did he ask no questions of the nuncio regarding the reason for his demand"
783702663,"Name_Calling,Labeling",14791,14829,the “pedophile summit” of 2002 in Rome
783702663,"Name_Calling,Labeling",15209,15232,the homosexual predator
783702663,Loaded_Language,15536,15557,homosexual debauchery
783702663,"Name_Calling,Labeling",15722,15754,a parasite in the Body of Christ
783702663,"Name_Calling,Labeling",18709,18726,a serial predator
783702663,"Name_Calling,Labeling",18759,18770,corrupt man
783702663,Loaded_Language,18791,18808,to the bitter end
783702663,"Name_Calling,Labeling",22136,22159,pro-gay” Robert McElroy
783702663,Loaded_Language,24519,24555,thoroughly infested with homosexuals
783702663,Slogans,29165,29189,Pope Francis Must Resign
783702663,Loaded_Language,29621,29644,catastrophic compromise
783702663,Loaded_Language,30190,30230,sounding the neo-Catholic air raid siren
783702663,Loaded_Language,33077,33099,brazenly lies about it
783702663,Doubt,33818,33977,"If, as he now continues to state, he knew nothing of the abuses committed by McCarrick and the measures taken by Pope Benedict, how can his answer be explained"
783702663,Loaded_Language,34116,34136,absolutely laughable
783702663,Loaded_Language,34151,34167,lies shamelessly
783702663,Doubt,3568,3733,"the Church’s supreme pastor, who in the case of McCarrick not only did not oppose evil but associated himself in doing evil with someone he knew to be deeply corrupt"
783702663,Loaded_Language,5271,5287,a Sisyphean task
783702663,Loaded_Language,5539,5559,the ruinous “reforms
783702663,"Whataboutism,Straw_Men,Red_Herring",8097,8164,Which is just Allen’s more nuanced way of saying: “Don’t believe it
783702663,Doubt,9010,9121,"Ignoring eleven pages of detail, written and published under oath, he suggests there has been no “Documentation"
783702663,"Name_Calling,Labeling",17407,17437,Communist dictators of Beijing
783702663,Appeal_to_fear-prejudice,23605,23830,"The idea of a purge of gay priests is both ridiculous and dangerous.
Any purge would empty parishes and religious orders of the thousands of priests and bishops who lead healthy lives of service and faithful lives of celibacy"
783702663,Loaded_Language,28842,28862,"Too little, too late"
783702663,Causal_Oversimplification,40191,40629,"Faggioli’s argument demonstrates that neo-Catholicism has never been about making the authentic Faith more appealing to a “modern world” founded precisely on a rejection of the Church’s authority.
It is not about the Faith at all.
Rather, it is an ideological movement dedicated to the face-saving defense of a catastrophic failure in ecclesial innovation that has corrupted the human element of the Church in practically every department"
783702663,Repetition,47145,47240,a young clergy marked by personal sanctity but also by a fascination for a mythical Middle Ages
783702663,Loaded_Language,26,49,the Neo-Catholics Panic
783702663,Appeal_to_Authority,2268,2375,As Edward Pentin notes: “all 3 prelates have since been special advisors of Francis or rehabilitated by him
783702663,"Name_Calling,Labeling",2050,2071,the infamous Cardinal
783702663,Doubt,2082,2266,"who covered up homosexual rape committed by a priest against his own nephew,has supported “same-sex marriage,” and advised the King of Belgium to sign a law legalizing abortion in 1990"
783702663,"Exaggeration,Minimisation",2714,2737,this indefectible truth
783702663,Loaded_Language,3081,3113,disfigured by so many ignominies
783702663,Loaded_Language,2925,2968,"the grave, disconcerting and sinful conduct"
783702663,"Name_Calling,Labeling",3697,3733,someone he knew to be deeply corrupt
783702663,"Name_Calling,Labeling",3761,3797,someone he knew well to be a pervert
783702663,"Name_Calling,Labeling",3904,3916,evil pastors
783702663,Loaded_Language,3959,3997,their active destruction of the Church
783702663,Loaded_Language,4167,4224,encouraged the wolves to continue to tear apart the sheep
783702663,"Exaggeration,Minimisation",4252,4277,extremely dramatic moment
783702663,"Name_Calling,Labeling",5291,5314,neo-Catholic apologists
783702663,"Exaggeration,Minimisation",5585,5624,debacle without equal in Church history
783702663,Doubt,5414,5624,Yet there is little doubt they will continue the same polemic that for nearly sixty years has doggedly defended every one of the ruinous “reforms” that have resulted in a debacle without equal in Church history
783702663,Appeal_to_fear-prejudice,5780,6010,"advancement to religious vows and ordination should be barred to those who are afflicted with evil tendencies to homosexuality or pederasty, since for them the common life and the priestly ministry would constitute serious dangers"
783702663,Loaded_Language,6047,6055,cowed by
783702663,Slogans,6236,6254,Kill the Messenger
783702663,Repetition,6323,6335,neo-Catholic
783702663,Loaded_Language,6511,6527,to smear the man
783702663,Loaded_Language,6779,6786,smeared
783702663,Doubt,6891,6960,"a trafficker in conspiracy theories who mixes fact, fiction and venom"
783702663,Loaded_Language,7199,7210,wild claims
783702663,"Exaggeration,Minimisation",7886,7905,its final extremity
783702663,Causal_Oversimplification,7704,7905,"for Winters it is not the Church or the integrity of her doctrine and discipline that must be defended against enemies, but only Bergoglio and the regime of novelty he is leading to its final extremity"
783702663,Loaded_Language,8068,8094,with a large grain of salt
783702663,Doubt,8314,8369,he “has a history” of “innuendo and conspiracy theories
783702663,Loaded_Language,8440,8457,allegedly quashed
783702663,"Exaggeration,Minimisation",8871,8924,the most insufferable of the neo-Catholic polemicists
783702663,"Exaggeration,Minimisation",9215,9252,a stunning concession coming from him
783702663,"Name_Calling,Labeling",9432,9466,the Greatest Catholics of All Time
783702663,Doubt,9774,9818,"if those people believe it, it can’t be true"
783702663,"Name_Calling,Labeling",9820,9852,The neo-Catholic propaganda mill
783702663,Loaded_Language,9885,9893,smearing
783702663,Appeal_to_Authority,9951,10100,"Monsignor Jean-François Lantheaume, who served as first Counsellor of the Nunciature in Washington, confirmed that “Viganò said the truth.
That’s all"
783702663,Thought-terminating_Cliches,10090,10100,That’s all
783702663,Appeal_to_Authority,10947,11164,"issued a statement calling Viganò’s account “another daunting challenge to our confidence in the reliability of the Church’s leadership, during a summer of devastating news regarding clergy sexual abuse and infidelity"
783702663,Loaded_Language,11091,11119,a summer of devastating news
783702663,"Exaggeration,Minimisation",11637,11667,must be totally taken to heart
783702663,Appeal_to_Authority,11731,11877,"Archbishop Salvatore Cordileone of San Francisco wrote a letter to his faithful which ""speaks to Vigano's integrity and sincere love of the Church"
783702663,"Name_Calling,Labeling",11904,11967,the propaganda machine gearing up to impeach Viganò’s testimony
783702663,"Name_Calling,Labeling",13659,13719,sycophants in the Vatican press corps and shifty polemicists
783702663,Loaded_Language,13735,13781,expects his readers to swallow his explanation
783702663,Causal_Oversimplification,13518,13641,"as Bergoglio cannot deny the allegations without lying, he will say nothing at all about them in the hope they will go away"
783702663,"Name_Calling,Labeling",14013,14038,The American “Gay” Church
783702663,Loaded_Language,14261,14295,the dreaded traditionalist revival
783702663,Loaded_Language,14642,14683,a new bumper crop of homosexual ordinands
783702663,Loaded_Language,14710,14749,a new harvest of scandal for the Church
783702663,Loaded_Language,14950,14972,an explosive admission
783702663,Doubt,15115,15186,"The struggle, to the extent there even was one, obviously has been lost"
783702663,Loaded_Language,15654,15666,phony honors
783702663,Doubt,15952,16007,"details conveniently ignored by Winters, Allen and Shea"
783702663,"Exaggeration,Minimisation",16012,16031,utterly devastating
783702663,Loaded_Language,16802,16842,muttering in a barely comprehensible way
783702663,"Exaggeration,Minimisation",16865,16958,perhaps made the mistake of sleeping in the same bed with some seminarians at his beach house
783702663,Loaded_Language,17351,17366,planned sellout
783702663,"Name_Calling,Labeling",17370,17399,China’s underground Catholics
783702663,Loaded_Language,18078,18102,very grave words of mine
783702663,Causal_Oversimplification,18354,18420,He clearly wanted to find out if I was an ally of McCarrick or not
783702663,"Name_Calling,Labeling",19166,19196,Bergoglio’s “trusted counselor
783702663,Loaded_Language,19735,19833,"united by a wicked pact of abuses by the first, and at least of coverup of abuses by the other two"
783702663,"Name_Calling,Labeling",20065,20097,the obscure Bishop of Rapid City
783702663,Loaded_Language,20165,20189,accelerated degeneration
783702663,Doubt,20296,20354,He is the very exemplar of the crisis we must still endure
783702663,"Name_Calling,Labeling",20423,20449,the 2002 “pedophile summit
783702663,Loaded_Language,20554,20568,vibrant Church
783702663,"Name_Calling,Labeling",20589,20619,"militant, uncompromising Popes"
783702663,Doubt,20466,20660,"the men who control this establishment will never restore it to anything resembling the vibrant Church that a long line of militant, uncompromising Popes delivered into their hands at Vatican II"
783702663,Loaded_Language,20662,20679,For heaven’s sake
783702663,Loaded_Language,20753,20765,agonize over
783702663,"Name_Calling,Labeling",20774,20796,serial child molesters
783702663,Loaded_Language,20923,20938,have laid waste
783702663,"Name_Calling,Labeling",20895,20922,the servitors of Vatican II
783702663,Appeal_to_fear-prejudice,21246,21515,"We must no longer subsidize the malpractice of the architects of ruin.
Nor must we join the neo-Catholics in their mindless applause when one of these incompetents attempts to repoint a brick or two in the crumbling façade they have erected to obscure the Church of old"
783702663,"Name_Calling,Labeling",21293,21315,the architects of ruin
783702663,Loaded_Language,21355,21378,their mindless applause
783702663,"Name_Calling,Labeling",21384,21409,one of these incompetents
783702663,Loaded_Language,21422,21515,repoint a brick or two in the crumbling façade they have erected to obscure the Church of old
783702663,"Name_Calling,Labeling",21524,21560,William (“nighty-night baby!”) Tobin
783702663,"Name_Calling,Labeling",21638,21701,another episcopal booster of Martin’s pro-homosexual propaganda
783702663,"Name_Calling,Labeling",21907,21959,yet another promoter of Martin’s homosexual activism
783702663,"Name_Calling,Labeling",22579,22643,an avid promoter of Martin’s homosexual subversion of the Church
783702663,Loaded_Language,22692,22714,cancer of vilification
783702663,Repetition,23021,23037,pedophile summit
783702663,Loaded_Language,23085,23127,the classic fox in charge of the hen house
783702663,"Name_Calling,Labeling",23358,23510,"a “well-known activist who promotes the LGBT agenda, chosen to corrupt the young people who will soon gather in Dublin for the World Meeting of Families"
783702663,"Name_Calling,Labeling",23580,23596,pedophile summit
783702663,"Exaggeration,Minimisation",23674,23765,Any purge would empty parishes and religious orders of the thousands of priests and bishops
783702663,Loaded_Language,23845,23869,revels in smug certitude
783702663,"Name_Calling,Labeling",23940,23995,intrinsically disordered homosexual bishops and priests
783702663,"Exaggeration,Minimisation",23929,23995,legions of intrinsically disordered homosexual bishops and priests
783702663,"Name_Calling,Labeling",24612,24642,a flagrantly active homosexual
783702663,"Name_Calling,Labeling",24671,24695,prelate of the gay lobby
783702663,Loaded_Language,25357,25376,vanish into nowhere
783702663,Loaded_Language,25679,25708,mired in financial corruption
783702663,Loaded_Language,25770,25795,this withering assessment
783702663,"Name_Calling,Labeling",25913,25926,the kingmaker
783702663,"Exaggeration,Minimisation",26507,26533,a chasm of abuses of power
783702663,Loaded_Language,27574,27598,has contributed mightily
783702663,"Exaggeration,Minimisation",27601,27725,"From the seminaries, to the clergy, to the bishops, to the cardinals, homosexuals are present at all levels, by the thousand"
783702663,Loaded_Language,27843,27872,endemic homosexual corruption
783702663,Repetition,27862,27872,corruption
783702663,Appeal_to_Authority,27888,28217,"Janet Smith, Professor of Moral Theology at the Sacred Heart Major Seminary in Detroit, recently wrote: “The problem of clergy abuse cannot be resolved simply by the resignation of some bishops, and even less so by bureaucratic directives.
The deeper problem lies in homosexual networks within the clergy which must be eradicated"
783702663,Loaded_Language,28372,28499,"with the power of octopus tentacles, and strangle innocent victims and priestly vocations, and are strangling the entire Church"
783702663,Loaded_Language,29144,29162,screaming headline
783702663,Loaded_Language,29897,29916,terrifying prospect
783702663,Loaded_Language,30241,30248,fretted
783702663,"Name_Calling,Labeling",30594,30612,his corrupt regime
783702663,"Name_Calling,Labeling",30852,30872,his Vatican henchmen
783702663,"Name_Calling,Labeling",30931,30967,the CEO of the Catholic Church world
783702663,Causal_Oversimplification,30701,30900,"For Faggioli, not only would Bergoglio’s resignation be unthinkable, so also would a purge of the homosexual and pro-homosexual prelates Bergoglio and his Vatican henchmen have systematically enabled"
783702663,Loaded_Language,31205,31218,he has sacked
783702663,"Name_Calling,Labeling",31410,31438,trusted counselor” McCarrick
783702663,Causal_Oversimplification,31142,31280,the conservative bishops and even Cardinals (Burke and Müller) he has sacked because their conservatism offended him or one of his friends
783702663,Causal_Oversimplification,31586,31656,who sacks conservative bishops and cardinals according to his pleasure
783702663,Loaded_Language,31756,31781,under fire from the media
783702663,Loaded_Language,31850,31873,an obscene “gay culture
783702663,"Name_Calling,Labeling",31911,31946,"orthodox, normal heterosexual males"
783702663,Loaded_Language,32155,32196,in hush money to bury sexual abuse claims
783702663,Loaded_Language,32894,32959,maintaining a key bulwark against the “neo-traditionalist” threat
783702663,Loaded_Language,33129,33156,sheds light on the darkness
783702663,Doubt,34719,34815,"However, he failed to acknowledge receipt of my two letters, contrary to what he customarily did"
783702663,Doubt,35182,35214,he put other seminarians at risk
783702663,"Exaggeration,Minimisation",35664,35814,"Better a thousand septuagenarian Wuerls in their lavish sties of corruption, financed by the faithful, than a single, young neo-traditionalist prelate"
783702663,"Name_Calling,Labeling",35682,35739,septuagenarian Wuerls in their lavish sties of corruption
783702663,"Name_Calling,Labeling",35774,35814,"single, young neo-traditionalist prelate"
783702663,"Name_Calling,Labeling",35872,36008,an orthodox Catholic who has had enough of the homosexual-infested regime of novelty imposed on the Church by the old men of the Council
783702663,Appeal_to_Authority,36086,36449,"As Faggioli puts it: “In the last fifteen years, the American Catholic Church has been traversed by a radicalization of religious conservatism in the neo-traditionalism sense, especially in the younger generations of priests and intellectuals.
They interpret the current abuse crisis as fruit of the mistakes of the Council itself and not only of the post-Council"
783702663,Loaded_Language,36648,36684,opened the way to ecclesial disaster
783702663,Loaded_Language,37069,37101,demolition of the sacred liturgy
783702663,Loaded_Language,37193,37232,in the depths of his conciliar delirium
783702663,Loaded_Language,37486,37576,wave of affection and admiration flowed from the council over the modern world of humanity
783702663,Loaded_Language,37819,37855,its aspirations purified and blessed
783702663,Causal_Oversimplification,37874,38077,"Thus did Paul describe the conciliar “opening to the world” through which the world promptly invaded the Church, including large numbers of homosexuals who should never have been admitted to the seminary"
783702663,"Name_Calling,Labeling",38570,38665,a young clergy marked by personal sanctity but also by a fascination for a mythical Middle Ages
783702663,"Name_Calling,Labeling",38762,38802,young clergy marked by personal sanctity
783702663,Black-and-White_Fallacy,39084,39201,Any abandonment of the regime must be viewed as ecclesiastical treason—“Catholic Jacobinism”—if not criminal activity
783702663,"Exaggeration,Minimisation",39734,39790,a massive infestation by homosexual priests and prelates
783702663,Loaded_Language,39978,40056,the final beachhead of the neo-Catholic defense of their disintegrating regime
783702663,Causal_Oversimplification,39952,40189,what he is really arguing—the final beachhead of the neo-Catholic defense of their disintegrating regime—is that homosexuals in the hierarchy must remain in authority as an indispensable seawall against a “neo-traditionalist” storm surge
783702663,"Exaggeration,Minimisation",40500,40629,a catastrophic failure in ecclesial innovation that has corrupted the human element of the Church in practically every department
783702663,"Name_Calling,Labeling",40668,40693,the tradition-hating Pope
783702663,"Bandwagon,Reductio_ad_hitlerum",40750,41110,"more and more faithful will recognize the neo-Catholic polemic for what it is—a fraud—and begin demanding a return of everything the regime of novelty has stolen from the life of the Church.
That is exactly what a growing number of Catholics are now doing, as even the secular press recognized less than three months before Bergoglio began his tyrannical reign"
783702663,Loaded_Language,41090,41110,his tyrannical reign
783702663,Loaded_Language,41371,41386,to their horror
783702663,"Name_Calling,Labeling",41478,41496,this reckless Pope
783702663,"Exaggeration,Minimisation",41466,41543,"mount under this reckless Pope to an unsustainable, indeed apocalyptic, level"
783702663,Loaded_Language,41648,41664,Irony of ironies
783702663,"Name_Calling,Labeling",41769,41788,a youthful vanguard
783702663,Loaded_Language,41790,41826,of what is ever ancient but ever new
783702663,"Name_Calling,Labeling",42660,42701,candidates known to be active homosexuals
783702663,Loaded_Language,43870,43891,irrevocably condemned
783702663,Loaded_Language,44153,44273,stripped of its prophetic and admonitory content regarding the epochal malfeasance and corruption of the upper hierarchy
783702663,Loaded_Language,46117,46145,the sufferings of the Church
783702663,Loaded_Language,46305,46328,a really terrifying way
783702663,Loaded_Language,46478,46554,"a deep need to relearn penance, to accept purification, to learn forgiveness"
783702663,Loaded_Language,46655,46673,precious testimony
783702663,Causal_Oversimplification,46620,46760,I believe that Archbishop Viganò’s precious testimony is a sign that Heaven itself is now responding to the “need for justice” in the Church
783702663,"Exaggeration,Minimisation",46813,46852,the most wayward Pope in Church history
783702663,Loaded_Language,46902,46948,in the triumph of the Immaculate Heart of Mary
783702663,Loaded_Language,47108,47126,imperiously scoffs
783702663,Loaded_Language,47271,47306,an unsalvageable mass of corruption
783702663,"Name_Calling,Labeling",47332,47391,a Church-world relationship based on a principle of reality
783702663,Causal_Oversimplification,6013,6234,"Today, neo-Catholic commentators, cowed by the demands of political correctness, refuse to state the simple truth that homosexuality is a perversion that precludes ordination as does any other grave psychological disorder"
783702663,"Name_Calling,Labeling",6964,7010,more than a little obsessed with homosexuality
783702663,Appeal_to_Authority,8045,8094,"Take it seriously, but with a large grain of salt"
783702663,"Exaggeration,Minimisation",10344,10372,a worldwide storm of outrage
783702663,Loaded_Language,24371,24386,clerical sodomy
783702663,Loaded_Language,25545,25559,rampant sodomy
783702663,Loaded_Language,29256,29266,disastrous
783702663,"Name_Calling,Labeling",29714,29724,ridiculous
783702663,Doubt,31311,31349,Does Pope Francis have an enemies list
783702663,Doubt,31572,31946,"the same Pope who sacks conservative bishops and cardinals according to his pleasure and has just removed a cardinal from the College of Cardinals in an unprecedented disciplinary act under fire from the media, is somehow powerless to dismiss Modernist bishops who have created an obscene “gay culture” in the Church and replace them with orthodox, normal heterosexual males"
783702663,Doubt,31948,32272,"Francis cannot “simply fire” even Cardinal Wuerl, who covered up crimes of homosexual predation by the priests he transferred elsewhere while Archbishop of Pittsburgh, and who authorized payment of $900,000 in hush money to bury sexual abuse claims against a homosexual priest involved in the production of child pornography"
783702663,Appeal_to_Authority,39397,39470,Homosexuality in the clergy exists and is a matter that must be addressed
783702663,Doubt,39700,39919,And how does the Church “address” a massive infestation by homosexual priests and prelates without removing them from authority and ensuring that they cannot promote homosexual successors for generation after generation
783702663,Loaded_Language,41525,41536,apocalyptic
783702663,Doubt,45187,45317,"You are the Pope’s representative in the US, and you are urging me to read a book that questions what the secretary of state wrote"
785801366,Loaded_Language,1622,1644,catastrophic situation
785801366,"Name_Calling,Labeling",2830,2853,right-wing Islamophobes
785801366,Loaded_Language,4245,4269,absolutely mind-boggling
785801366,Loaded_Language,4563,4568,Zilch
785801366,Loaded_Language,7108,7131,absurdly and tragically
785801366,Loaded_Language,8174,8192,vicious and potent
785801366,Loaded_Language,8212,8241,baffling and shameful silence
785801366,Loaded_Language,8977,9022,"contemptuous, snickering and roaring laughter"
785801366,Loaded_Language,4589,4606,crucially correct
785801366,"Exaggeration,Minimisation",178,205,the skyrocketing phenomenon
785801366,"Name_Calling,Labeling",234,245,unbelievers
785801366,Loaded_Language,502,525,the unceasing onslaught
785801366,"Name_Calling,Labeling",543,559,leftist enablers
785801366,"Name_Calling,Labeling",756,791,the disastrous Obama administration
785801366,Loaded_Language,830,869,the life-saving turn-around disposition
785801366,"Name_Calling,Labeling",1532,1545,stealth Jihad
785801366,Flag-Waving,1693,1868,"9 concrete steps that, if implemented by a future American administration, would make a big difference in preserving our civilization and in defending Americans from terrorism"
785801366,"Name_Calling,Labeling",1973,1982,our enemy
785801366,"Name_Calling,Labeling",2078,2107,"our enemy (i.e.
Islamic Jihad"
785801366,Repetition,2158,2167,our enemy
785801366,Doubt,1919,2050,"The Obama administration continues to refuse to label our enemy and, therefore, it continues to enable our defeat in the terror war"
785801366,"Name_Calling,Labeling",2158,2185,"our enemy (i.e.
Islamic law"
785801366,Loaded_Language,2267,2291,pathetic and destructive
785801366,"Exaggeration,Minimisation",2441,2468,completely incapacitates us
785801366,Loaded_Language,2540,2563,the destructive fantasy
785801366,"Name_Calling,Labeling",2595,2605,extremists
785801366,"Whataboutism,Straw_Men,Red_Herring",2609,2661,who just happen to be the Left’s political opponents
785801366,Repetition,2757,2775,violent extremists
785801366,Causal_Oversimplification,2855,2941,whom the administration obviously considers to be the real threat to American security
785801366,Loaded_Language,2978,3024,is trash and needs to be thrown in the garbage
785801366,Loaded_Language,3332,3371,to destroy our civilization from within
785801366,Appeal_to_Authority,3435,3609,"as Robert Spencer advises, there needs to be legislation that will bar all such groups and affiliated individuals from advising the government or receiving any grants from it"
785801366,"Name_Calling,Labeling",3636,3662,Countering-Jihad” Strategy
785801366,"Name_Calling,Labeling",3738,3760,Counter-Jihad strategy
785801366,Loaded_Language,3716,3725,absurdity
785801366,"Name_Calling,Labeling",3828,3837,Jihadists
785801366,Appeal_to_Authority,3939,4427,"as Sebastian Gorka urges in Defeating Jihad: The Winnable War, the government needs to lay down a vision, an actual “threat doctrine analysis” in a thorough document, just like George Kennan’s Long Telegram and NSC-68 did in laying out the strategic foundation to fighting communism in the Cold War.
It is absolutely mind-boggling that nothing of this sort exists today in our terror war — and it is a reflection of the Left being in charge and of the destructive defeat that it is sowing"
785801366,Loaded_Language,4391,4409,destructive defeat
785801366,Appeal_to_Authority,4570,4710,"Sebastian Gorka is crucially correct, therefore, when he recommends a national counter-propaganda campaign that involves a two-part approach"
785801366,"Name_Calling,Labeling",4966,4999,an anti-Jihadist version of Islam
785801366,"Name_Calling,Labeling",5275,5286,unbelievers
785801366,Repetition,5645,5658,the jihadists
785801366,"Name_Calling,Labeling",5765,5772,jihadis
785801366,Repetition,5990,6001,unbelievers
785801366,"Name_Calling,Labeling",6434,6461,the suicidal leftist notion
785801366,Loaded_Language,6549,6588,buffer their lip-service against terror
785801366,"Name_Calling,Labeling",6717,6726,jihadists
785801366,Appeal_to_Authority,6629,6655,As Robert Spencer counsels
785801366,"Name_Calling,Labeling",7162,7179,Counter-Jihadists
785801366,Flag-Waving,7501,7576,we need to bring in people who actually love America and want to protect it
785801366,"Name_Calling,Labeling",7600,7632,noble and courageous individuals
785801366,"Name_Calling,Labeling",7722,7773,brave Muslim individuals who genuinely reject Jihad
785801366,"Name_Calling,Labeling",7812,7832,anti-jihadist vision
785801366,Black-and-White_Fallacy,7892,7927,Islam cannot be Islam without Jihad
785801366,"Exaggeration,Minimisation",8385,8432,at least a million hilarious satirical sketches
785801366,Loaded_Language,8736,8753,vigorously defend
785801366,Loaded_Language,8780,8788,slanders
785801366,"Name_Calling,Labeling",8823,8862,totalitarian leftist and Islamic forces
785801366,Loaded_Language,8892,8912,the crippling effect
785801366,"Name_Calling,Labeling",8926,8950,the totalitarian Mullahs
785801366,Loaded_Language,9054,9078,pathetic rules and lives
785801366,"Name_Calling,Labeling",9082,9102,Sharia’s gatekeepers
785801366,"Name_Calling,Labeling",9122,9129,tyrants
785801366,Loaded_Language,182,205,skyrocketing phenomenon
785801366,Appeal_to_fear-prejudice,1683,1868,"Below are 9 concrete steps that, if implemented by a future American administration, would make a big difference in preserving our civilization and in defending Americans from terrorism"
785801366,Slogans,2198,2226,Countering Violent Extremism
785801366,Slogans,2230,2258,Countering Violent Extremism
785801366,Flag-Waving,2470,2703,"On the other hand, this focus allows the administration to perpetuate the destructive fantasy that there are other types of “extremists” — who just happen to be the Left’s political opponents — that pose a great threat to the country"
785801366,Slogans,2948,2976,Countering Violent Extremism
785801366,Slogans,3686,3714,Countering Violent Extremism
786250729,"Exaggeration,Minimisation",1895,1905,No one did
786250729,"Name_Calling,Labeling",2886,2916,disgraced anti-Trump FBI agent
786250729,"Name_Calling,Labeling",631,649,a “silent donation
786250729,"Name_Calling,Labeling",44,60,silent donations
786250729,Loaded_Language,1014,1050,touts Google’s multi-faceted efforts
786250729,"Exaggeration,Minimisation",1129,1152,record-breaking numbers
786250729,Loaded_Language,1267,1308,She brags that the company used its power
786250729,Loaded_Language,1468,1507,"also brags that Google, “used its power"
786250729,Repetition,1473,1656,"brags that Google, “used its power to ensure that millions of people saw certain hashtags and social media impressions, with the goal of influencing their behavior during the election"
786250729,Repetition,1764,1770,Latino
786250729,"Name_Calling,Labeling",2934,2946,his mistress
786250729,"Exaggeration,Minimisation",3166,3187,NOTHING is being done
786250729,"Exaggeration,Minimisation",3208,3257,"the world is watching, and they get it completely"
786250729,Causal_Oversimplification,121,237,a couple hundred thousand dollars of ad spends and some Russian bots on Facebook swayed the election to Donald Trump
786344683,"Name_Calling,Labeling",1431,1449,a “silent donation
786344683,Loaded_Language,1599,1613,that is a sham
786344683,"Name_Calling,Labeling",1630,1646,vocally partisan
786344683,Doubt,6165,6272,Google has yet to answer why their search results for the word “Idiot” are vastly different from DuckDuckGo
786344683,Loaded_Language,73,127,blew the cover off the 2016 election influence charade
786344683,"Name_Calling,Labeling",262,280,a “silent donation
786344683,Loaded_Language,726,768,Mario touts Google’s multi-faceted efforts
786344683,"Exaggeration,Minimisation",843,870,did record-breaking numbers
786344683,Loaded_Language,985,994,She brags
786344683,"Name_Calling,Labeling",1572,1593,a non-partisan entity
786344683,"Exaggeration,Minimisation",1681,1743,Hispanics – ALL Hispanics are in President Trump’s “crosshairs
786344683,"Exaggeration,Minimisation",2208,2218,No one did
786344683,Loaded_Language,2291,2308,caught red-handed
786344683,Loaded_Language,3347,3360,Guilty as Sin
786344683,Appeal_to_Authority,5025,5073,according to a Breitbart report by Allum Bokhari
786344683,Loaded_Language,6014,6031,a dramatic effect
786344683,Doubt,2366,2431,Maybe that’s why they refused to appear before Congress last week
786527921,Doubt,827,898,When will something be done about these tech and social media companies
786527921,Loaded_Language,2176,2238,"critical miscalculation, Murillo wrote in a stunning admission"
786527921,Loaded_Language,2415,2440,blew prognosticators away
786527921,Loaded_Language,10665,10684,vehemently offended
786527921,"Name_Calling,Labeling",10713,10737,rapists and drug dealers
786527921,Slogans,11260,11284,Make America Great Again
786527921,Slogans,11294,11311,Latinos for Trump
786527921,Doubt,12164,12267,"In the next paragraph, Murillo again openly admits she was not “objective” when it came to the election"
786527921,Loaded_Language,12385,12404,This is devastating
786527921,"Name_Calling,Labeling",16221,16253,some rogue staffer inside Google
786527921,"Name_Calling,Labeling",16530,16544,Google bigwigs
786527921,"Exaggeration,Minimisation",5622,5643,huge swaths of voters
786527921,"Name_Calling,Labeling",10496,10512,partisan motives
786527921,"Name_Calling,Labeling",12982,13017,grieving Hillary Clinton supporters
786527921,"Name_Calling,Labeling",1,16,Silent Donation
786527921,Loaded_Language,259,300,to control and shutter conservative ideas
786527921,Repetition,729,736,Latinos
786527921,"Name_Calling,Labeling",1281,1329,a get-out-the-vote for Hispanic voters operation
786527921,"Name_Calling,Labeling",1465,1480,silent donation
786527921,"Name_Calling,Labeling",1881,1904,non-partisan activities
786527921,Doubt,1955,2170,only to undercut her own commentary in later passages in the emails by openly admitting the entire effort to boost Latino turnout using Google products with official company resources was to elect Clinton over Trump
786527921,"Name_Calling,Labeling",2753,2765,non-partisan
786527921,"Exaggeration,Minimisation",3033,3065,voted in record-breaking numbers
786527921,Appeal_to_Authority,5134,5376,"Carlson cited Dr. Robert Epstein, a social scientist and an expert on Google, who has said, in Carlson’s words, “Google alone could determine the outcome of almost any election just by altering its search selections and we would never know it"
786527921,"Exaggeration,Minimisation",5247,5310,Google alone could determine the outcome of almost any election
786527921,"Name_Calling,Labeling",5787,5810,get-out-the-vote effort
786527921,Loaded_Language,6132,6149,cynically assumed
786527921,Repetition,6683,6695,non-partisan
786527921,Causal_Oversimplification,6880,6908,But of course they were both
786527921,Loaded_Language,7032,7051,tried to rein it in
786527921,"Name_Calling,Labeling",7482,7583,"the Latino Community Foundation’s non-partisan #YoVoyaVotaryTu (I’m going to vote, are you?)
campaign"
786527921,"Name_Calling,Labeling",7598,7633,our social media influencer friends
786527921,Loaded_Language,8403,8449,the openly partisan intent of Google’s actions
786527921,"Name_Calling,Labeling",8548,8566,a “silent donation
786527921,Repetition,7747,7771,social media influencers
786527921,Repetition,8838,8856,a “silent donation
786527921,"Name_Calling,Labeling",8903,8923,leftist organization
786527921,"Name_Calling,Labeling",9063,9078,silent donation
786527921,"Exaggeration,Minimisation",9859,9869,No one did
786527921,Loaded_Language,9942,10004,this was finally the year that the ‘sleeping giant’ had awoken
786527921,Slogans,10254,10267,Trump is dead
786527921,Flag-Waving,10920,10973,Latino Voters Show Trump What It Means to Be American
786527921,"Name_Calling,Labeling",11506,11530,Clinton’s blue firewalls
786527921,"Name_Calling,Labeling",12856,12878,secret pro-Trump spies
786527921,Loaded_Language,12974,13022,to give grieving Hillary Clinton supporters hugs
786527921,Loaded_Language,13029,13046,Trump crushed her
786527921,Loaded_Language,13191,13235,she and another person cried after Trump won
786527921,Loaded_Language,13589,13733,"how much they hurt, how much they need support right now, and that they are coordinating in different offices to meet up to just hold each other"
786527921,Loaded_Language,13931,13982,I’ve never cried after an election until last night
786527921,Loaded_Language,14062,14097,this election result hurt her badly
786527921,Loaded_Language,14488,14500,I’m in shock
786527921,"Exaggeration,Minimisation",14505,14550,it hurts more than I could have ever imagined
786527921,"Name_Calling,Labeling",14918,14942,grieving leftist Latinos
786527921,Loaded_Language,15077,15112,They are probably hurting right now
786527921,Loaded_Language,16017,16053,Google is throwing its weight around
786527921,"Name_Calling,Labeling",16104,16121,a partisan manner
786527921,"Name_Calling,Labeling",16130,16177,the duly elected President of the United States
786527921,"Exaggeration,Minimisation",16804,16827,made a giant difference
786527921,Slogans,16846,16868,to Googlers and beyond
786527921,Loaded_Language,16919,16949,scratching the surface of bias
786527921,Loaded_Language,8099,8114,beyond thrilled
786527921,"Name_Calling,Labeling",9978,9992,sleeping giant
786527921,"Exaggeration,Minimisation",13029,13062,Trump crushed her on election day
786527921,Doubt,14149,14328,another indication that Google’s efforts were clearly attempting to use company resources to elect Democrat Clinton over Republican Trump and influence the results of the election
786731884,Loaded_Language,1559,1626,getting surreal in the creepiest and most harrowing Stalinist sense
786731884,Loaded_Language,1733,1788,totalitarian suffocation of free thought and expression
786731884,Causal_Oversimplification,2238,2379,that daring to give suggestions on how our civilization can stop jihadist attacks and another 9/11 is against Facebook’s ‘community standards
786731884,Loaded_Language,4240,4258,vicious and potent
786731884,"Exaggeration,Minimisation",4441,4499,that merit at least a million hilarious satirical sketches
786731884,Flag-Waving,3649,3693,how to best defend American lives from jihad
786731884,"Name_Calling,Labeling",4053,4079,countering-jihad’ strategy
786731884,"Name_Calling,Labeling",30,44,Jihadi Attacks
786731884,"Name_Calling,Labeling",218,237,Jihadist Psychopath
786731884,Loaded_Language,249,285,"Charming, Seducing, and Devouring Us"
786731884,"Name_Calling,Labeling",322,341,Jihadist Psychopath
786731884,"Name_Calling,Labeling",369,392,totalitarian plantation
786731884,Loaded_Language,430,473,enslaved and dutifully following his orders
786731884,"Name_Calling,Labeling",513,534,tyrannical plantation
786731884,Loaded_Language,714,729,is a real doozy
786731884,"Name_Calling,Labeling",862,876,jihadi attacks
786731884,Repetition,862,868,jihadi
786731884,"Name_Calling,Labeling",926,945,Jihadist Psychopath
786731884,Loaded_Language,957,993,"Charming, Seducing, and Devouring Us"
786731884,"Name_Calling,Labeling",1459,1482,Islamic jihadist attack
786731884,"Bandwagon,Reductio_ad_hitlerum",1611,1626,Stalinist sense
786731884,"Name_Calling,Labeling",1670,1693,Unholy Alliance masters
786731884,"Exaggeration,Minimisation",2091,2136,the skyrocketing jihadist stabbings in Europe
786731884,"Name_Calling,Labeling",2303,2319,jihadist attacks
786731884,"Name_Calling,Labeling",2443,2459,moderate Muslims
786731884,Loaded_Language,2487,2497,horrifying
786731884,"Name_Calling,Labeling",2501,2519,Facebook’s masters
786731884,Causal_Oversimplification,2462,2574,"a move that is, clearly, horrifying to Facebook’s masters and therefore also violates their ‘community standards"
786731884,Loaded_Language,2714,2758,honor killings and other Shariah barbarities
786731884,Loaded_Language,2775,2795,the anger and hatred
786731884,"Name_Calling,Labeling",2799,2819,Facebook’s guardians
786731884,Causal_Oversimplification,2822,2915,who are clearly on the side of the Shariah enforcers and oppressors of Muslim women and girls
786731884,"Name_Calling,Labeling",2857,2915,Shariah enforcers and oppressors of Muslim women and girls
786731884,Loaded_Language,3041,3051,lashed out
786731884,"Name_Calling,Labeling",3121,3141,anti-“hate” policies
786731884,"Name_Calling,Labeling",3150,3165,hateful conduct
786731884,Loaded_Language,4278,4299,baffling and shameful
786731884,Loaded_Language,4803,4825,vigorously defend them
786731884,Loaded_Language,4847,4855,slanders
786731884,"Name_Calling,Labeling",4890,4929,totalitarian leftist and Islamic forces
786731884,Loaded_Language,2095,2107,skyrocketing
786731884,Appeal_to_Authority,3996,4079,"The government needs, he said, to “implement a concrete ‘countering-jihad’ strategy"
786731884,Appeal_to_Authority,4082,4169,And he said it needs to affirm “Shariah’s assault on the U.S. Constitution as seditious
786919720,Loaded_Language,83,98,It's incredible
786919720,Loaded_Language,4347,4364,political theater
786919720,"Name_Calling,Labeling",4438,4459,He's a precedence man
786919720,Flag-Waving,164,194,for the American people to see
786919720,"Whataboutism,Straw_Men,Red_Herring",282,672,"to point to a more than 30 year old claim that Supreme Court nominee Brett Kavanaugh engaged in sexual misconduct while he was in high school and somehow claim that he may have committed a crime while at the same time remaining silent on two women who have accused Rep. Keith Ellison, who is running for Attorney General in Minnesota, of abusing them, one of them making the claim this year"
786919720,"Whataboutism,Straw_Men,Red_Herring",1158,1191,but this is the Democrats for you
786919720,Loaded_Language,3177,3195,last minute gambit
786919720,"Name_Calling,Labeling",4659,4682,the corrupt DOJ and FBI
786919720,Appeal_to_fear-prejudice,4713,4804,"if they did, then someone might actually have to act on something that actually was a crime"
786919720,Loaded_Language,1146,1156,ridiculous
786919720,Doubt,4526,4594,why don't they bring up his involvement in the Vince Foster cover-up
787002327,Causal_Oversimplification,2110,2257,It goes without saying that this retraction and surrender by Facebook occurred only because of the wide publicity that Jamie's banning had received
787002327,Loaded_Language,2707,2728,of the insane variety
787002327,Loaded_Language,4104,4173,their unrelenting effort to suffocate dissent and conservative voices
787002327,Loaded_Language,4630,4648,vociferous protest
787002327,Loaded_Language,4710,4757,leftist brownshirt-style assault on free speech
787002327,"Name_Calling,Labeling",5606,5625,leftist hate groups
787002327,"Name_Calling,Labeling",5916,5942,a stand-up noble gentleman
787002327,"Name_Calling,Labeling",6166,6190,a racially charged event
787002327,Loaded_Language,6195,6208,a vicious lie
787002327,Appeal_to_fear-prejudice,6813,7147,"At this dire moment, we all need to amplify our voices in defense of free speech.
And we need to adamantly defend all the truth-tellers at the very moment they come under attack.
We also need to contact our representatives and to call for a Congressional investigation into this pernicious assault by the fascist Left on our liberties"
787002327,"Bandwagon,Reductio_ad_hitlerum",3152,3178,in such a fascistic manner
787002327,"Name_Calling,Labeling",3557,3572,hateful conduct
787002327,"Name_Calling,Labeling",3582,3597,hateful conduct
787002327,"Name_Calling,Labeling",184,203,Jihadist Psychopath
787002327,Loaded_Language,215,251,"Charming, Seducing, and Devouring Us"
787002327,"Name_Calling,Labeling",288,307,Jihadist Psychopath
787002327,"Name_Calling,Labeling",363,386,totalitarian plantation
787002327,Loaded_Language,459,502,enslaved and dutifully following his orders
787002327,"Name_Calling,Labeling",542,563,tyrannical plantation
787002327,Loaded_Language,682,705,our free speech victory
787002327,Causal_Oversimplification,838,1019,"We have no doubt, of course, that no “mistake” had actually occurred in this matter and that the ban has only been lifted because of the publicity that we engaged in -- and received"
787002327,"Exaggeration,Minimisation",1109,1160,this story is crucial to amplify now more than ever
787002327,"Name_Calling,Labeling",1195,1219,leftist-run social media
787002327,"Name_Calling,Labeling",1266,1285,totalitarian attack
787002327,Loaded_Language,1356,1370,surreal affair
787002327,"Name_Calling,Labeling",1471,1505,Facebook's Unholy Alliance masters
787002327,"Name_Calling,Labeling",1801,1817,Jihadist attacks
787002327,Causal_Oversimplification,1709,1881,"This suggested, of course, that giving advice on how to prevent another 9/11, and all other Jihadist attacks against America, is now against Facebook’s ‘community standards"
787002327,"Name_Calling,Labeling",1961,1980,tyrannical behavior
787002327,"Exaggeration,Minimisation",2263,2357,we are immensely grateful for all the massive support that was given to us across the Internet
787002327,"Name_Calling,Labeling",2458,2492,Leading brave conservative figures
787002327,"Exaggeration,Minimisation",2867,2897,with absolutely no explanation
787002327,"Name_Calling,Labeling",4007,4032,the leftist totalitarians
787002327,Repetition,4019,4032,totalitarians
787002327,"Name_Calling,Labeling",4193,4225,brave conservative truth-tellers
787002327,Loaded_Language,4412,4433,especially disturbing
787002327,Loaded_Language,5243,5248,smear
787002327,"Name_Calling,Labeling",5252,5303,the Southern Poverty Law Center (SPLC) hate machine
787002327,Loaded_Language,5467,5544,trying to run the Center out of business and suffocate free speech in America
787002327,Flag-Waving,5508,5544,and suffocate free speech in America
787002327,"Exaggeration,Minimisation",5667,5770,are preparing new attacks against the Freedom Center and other conservative groups and individuals 24/7
787002327,Loaded_Language,5908,5915,smeared
787002327,Loaded_Language,6064,6087,falsely and maliciously
787002327,Loaded_Language,6460,6489,disgusting and venomous level
787002327,Loaded_Language,6530,6548,destructive agenda
787002327,"Bandwagon,Reductio_ad_hitlerum",6739,6759,the Stalinist Left's
787002327,Flag-Waving,6739,6811,the Stalinist Left's war on America and on everything on which it stands
787002327,"Name_Calling,Labeling",6931,6948,the truth-tellers
787002327,Loaded_Language,7092,7110,pernicious assault
787002327,"Bandwagon,Reductio_ad_hitlerum",7114,7130,the fascist Left
787002327,Flag-Waving,7149,7200,The battle for America -- and for the West -- is on
787002327,Loaded_Language,2270,2288,immensely grateful
787002327,Doubt,3103,3203,"why would Facebook remove such a page, let alone in such a fascistic manner -- and never explain why"
787142429,Loaded_Language,1150,1204,I categorically and unequivocally deny this allegation
787142429,Slogans,2735,2758,character assassination
787142429,Loaded_Language,1106,1123,vehemently denied
787142429,Appeal_to_Authority,2684,2815,"This is nothing more than a last-minute attempt at character assassination, and there should no delay in confirming Judge Kavanaugh"
787529309,Loaded_Language,70,87,despicable tactic
787529309,Loaded_Language,288,319,have sunk to their lowest level
787529309,Loaded_Language,924,960,categorically and unequivocally deny
787529309,Loaded_Language,2405,2430,cesspool of public gossip
787529309,Loaded_Language,2694,2708,How convenient
787529309,Loaded_Language,3158,3173,stumbling drunk
787529309,"Name_Calling,Labeling",8209,8231,serial sexual predator
787529309,"Name_Calling,Labeling",8337,8365,Ted “Chappaquiddick” Kennedy
787529309,Loaded_Language,8567,8585,seeking to torpedo
787529309,Loaded_Language,8686,8710,shameless smear campaign
787529309,Causal_Oversimplification,9303,9384,this is all a ruse to block Judge Kavanaugh's confirmation by all means necessary
787529309,Loaded_Language,9661,9697,slink back into their shadowy corner
787529309,Slogans,16,39,Character Assassination
787529309,Loaded_Language,5159,5195,gaping hole in the therapist’s notes
787529309,Slogans,323,346,character assassination
787529309,"Name_Calling,Labeling",2338,2356,leftist colleagues
787529309,"Name_Calling,Labeling",5394,5414,elitist boys’ school
787529309,Doubt,6056,6347,"Ms. Ford may believe her story to be true, but the lack of any credible corroborating evidence, her partial memory of details surrounding the alleged incident, and the absence of any pattern of such sexual misconduct by Judge Kavanaugh undercut the reliability of her version of the incident"
787529309,Appeal_to_Authority,6678,6784,"For the entire time we have known Brett Kavanaugh, he has behaved honorably and treated women with respect"
787529309,Loaded_Language,7626,7677,"their standard contemptible, obstructionist tactics"
787529309,Slogans,7814,7853,assassinate Judge Kavanaugh’s character
787529309,Causal_Oversimplification,8200,8310,gave the serial sexual predator Bill Clinton a free pass because his policies were in line with their ideology
787529309,Loaded_Language,2871,2876,reeks
787529309,Doubt,9173,9282,why didn't Senator Feinstein set the ball rolling back in July when she first received word of the allegation
787668628,Loaded_Language,613,656,no low to which the Democrats will not sink
787668628,Loaded_Language,673,688,nefarious goals
787668628,Flag-Waving,720,766,strengthening America and protecting Americans
787668628,Black-and-White_Fallacy,0,118,"Democrats Want Us To Believe All Women…Unless They’re Accusing Keith Ellison, Bill Clinton, Al Franken Or George Soros"
787668628,Causal_Oversimplification,475,499,This is clearly a set-up
787668628,"Name_Calling,Labeling",592,602,a good man
787668628,Slogans,2408,2425,boys will be boys
787668628,"Exaggeration,Minimisation",3729,3842,it falls far short of the evidence against virtually any other politician or celebrity who has faced consequences
787668628,Doubt,4993,5125,"and if six years ago she told the therapist four men and says two men now, that suggests that her memory of the event may be suspect"
787668628,Loaded_Language,5982,5997,stumbling drunk
787668628,Appeal_to_Authority,5153,5360,"I can tell you that while neither notes nor memories are infallible, in a contest between contemporaneous notes and later verbal testimony about those notes, the content of the written notes usually prevails"
787668628,Loaded_Language,5373,5392,extremely skeptical
787759779,Loaded_Language,681,696,What a surprise
787759779,"Name_Calling,Labeling",331,343,lefty groups
787759779,Loaded_Language,495,507,latest smear
787759779,"Name_Calling,Labeling",590,623,Open Society Foundation tentacles
787759779,"Name_Calling,Labeling",1011,1032,non-partisan watchdog
787759779,"Name_Calling,Labeling",670,679,Dem donor
787955075,Flag-Waving,2145,2414,"My biggest concern is all the damage that this did to the U.S. government [and] the mockery it made out of the Constitution and all of the wrongdoing that was done by various officials within the Department of Justice, the FBI and the DNC [Democratic National Committee"
787955075,"Exaggeration,Minimisation",2097,2131,so incredibly stupid to begin with
787955075,Loaded_Language,2557,2582,panicking right about now
787955075,"Name_Calling,Labeling",108,116,the feds
787955075,"Name_Calling,Labeling",281,302,disgraced FBI figures
787955075,Loaded_Language,2225,2268,the mockery it made out of the Constitution
787955075,Doubt,2269,2414,"and all of the wrongdoing that was done by various officials within the Department of Justice, the FBI and the DNC [Democratic National Committee"
788056108,"Name_Calling,Labeling",235,279,the monster once known as Cardinal McCarrick
788056108,"Name_Calling,Labeling",587,636,"a preening, Internet-created neo-Catholic doyenne"
788056108,"Name_Calling,Labeling",979,1012,a power-mad ecclesiastical tyrant
788056108,Appeal_to_fear-prejudice,2930,3059,Bergoglio’s very presence on the Chair of Peter is a grave threat to the common good of the Church and the integrity of the Faith
788056108,"Name_Calling,Labeling",4632,4680,the former apostolic nuncio-turned-whistleblower
788056108,"Exaggeration,Minimisation",4780,4804,Everything depends on it
788056108,Loaded_Language,15243,15303,insane drive to shatter the Church’s bimillennial discipline
788056108,Loaded_Language,60,76,rightly incensed
788056108,"Bandwagon,Reductio_ad_hitlerum",818,860,Does Francis know he sounds like an abuser
788056108,"Exaggeration,Minimisation",5941,5977,"was covering for McCarrick, big time"
788056108,Loaded_Language,14061,14080,promulgating heresy
788056108,Black-and-White_Fallacy,15683,15829,"Either the human element of the Church will act according to the means which seem possible, however extraordinary, or Heaven itself will intervene"
788056108,Loaded_Language,183,201,damning indictment
788056108,"Name_Calling,Labeling",364,393,that serial homosexual rapist
788056108,Loaded_Language,694,731,crude and often unprintable invective
788056108,Loaded_Language,763,787,unload on Pope Bergoglio
788056108,"Name_Calling,Labeling",1110,1133,the corrupt Benedict IX
788056108,"Name_Calling,Labeling",1144,1174,disgrace to the Chair of Peter
788056108,"Bandwagon,Reductio_ad_hitlerum",1338,1405,Pope Francis is sounding more and more like the men who abused them
788056108,"Bandwagon,Reductio_ad_hitlerum",1407,1640,"He’s sounding like the men who hid that abuse from the world, who taught their victims to blame themselves, who used spiritual pressure to persuade them and their families that it would actually be wrong, sinful, to defend themselves"
788056108,"Name_Calling,Labeling",1946,1965,a Christlike victim
788056108,"Whataboutism,Straw_Men,Red_Herring",2058,2139,healing and reconciliation will only come if we take a hard look at our own flaws
788056108,Causal_Oversimplification,2142,2479,"To the victims of the Church, and to those who love them, it sounds like he is saying, “Who do you think you are?
I don’t have to explain myself to you.
You’re the guilty one.
You brought this on yourself.
If you want to be loved, then know your place.
I’m the victim, here, not you.
If you know what’s good for you, keep your mouth shut"
788056108,"Bandwagon,Reductio_ad_hitlerum",2482,2506,This is how abusers talk
788056108,Causal_Oversimplification,2768,2923,"Fisher knows that Francis knows it, even if she still cannot bring herself to say explicitly what should now be apparent to the entire body of the faithful"
788056108,"Name_Calling,Labeling",3243,3274,those loathsome traditionalists
788056108,Loaded_Language,3490,3623,this man who promised so much fresh air is really so intent on slamming doors shut before we find out even worse things hidden inside
788056108,Loaded_Language,3765,3783,relentless assault
788056108,"Exaggeration,Minimisation",4187,4202,risk everything
788056108,"Name_Calling,Labeling",4716,4733,The Dictator Pope
788056108,Doubt,5537,5636,By what possible stretch of the imagination would such an occupant be suited for the Chair of Peter
788056108,Causal_Oversimplification,6680,6851,"Bergoglio will not, of course, resign.
He will cling to power with his last breath in order to carry out the many other acts of ecclesial subversion he clearly has in mind"
788056108,Loaded_Language,6875,6898,the plague of Bergoglio
788056108,"Name_Calling,Labeling",7174,7199,the execrable Benedict IX
788056108,"Name_Calling,Labeling",7226,7254,the interloper Sylvester III
788056108,"Name_Calling,Labeling",7337,7382,the well-intentioned but dimwitted Gregory VI
788056108,"Name_Calling,Labeling",7755,7832,a pious and austere Christian and an exponent of the Cluniac spirit of reform
788056108,Loaded_Language,8012,8070,stripped of his sacerdotal rank and shut up in a monastery
788056108,"Name_Calling,Labeling",8936,8962,the scurrilous Benedict IX
788056108,Loaded_Language,10272,10297,to dispel the pious fable
788056108,Loaded_Language,10440,10465,has exploited to the hilt
788056108,"Name_Calling,Labeling",10603,10746,the leader of a personality cult everyone is commanded to “love” (in the superficially emotional sense) and obey no matter what he says or does
788056108,"Name_Calling,Labeling",10760,10914,"a custodian and defender of the Deposit of Faith whose lovability, personality and opinions are utterly irrelevant to the exercise and scope of his office"
788056108,Doubt,11123,11255,There are too many contrary instances of popes the Holy Spirit obviously would not have picked!” Bergoglio is undeniably one of them
788056108,"Exaggeration,Minimisation",11957,11980,the incalculable damage
788056108,"Name_Calling,Labeling",12155,12167,that monster
788056108,"Exaggeration,Minimisation",12176,12222,the massive evidence of his unspeakable crimes
788056108,Appeal_to_Authority,12547,13082,"in accordance with Article 81 of John Paul II’s Universi Dominici Gregis, which provides:
The Cardinal electors shall further abstain from any form of pact, agreement, promise or other commitment of any kind which could oblige them to give or deny their vote to a person or persons.
If this were in fact done, even under oath, I decree that such a commitment shall be null and void and that no one shall be bound to observe it; and I hereby impose the penalty of excommunication latae sententiae upon those who violate this prohibition"
788056108,Appeal_to_Authority,13084,13617,"To quote Cajetan on this point (citations taken from the linked article by Robert Siscoe), deposition by an imperfect council is appropriate “when one or more Popes suffer uncertainty with regard to their election, as seems to have arisen in the schism of Urban VI and others.
Then, lest the Church be perplexed, those members of the Church who are available have the power to judge which is the true pope, if it can be known, and if it cannot be known, [it has] the power to provide that the electors agree on one or another of them"
788056108,Doubt,14028,14312,"Bergoglio has deposed himself by promulgating heresy, fracturing the Church’s universal discipline respecting marriage and the Eucharist, and undermining the teaching of even his own immediate predecessors on matters of fundamental morality upheld by the Magisterium for two millennia"
788056108,Doubt,14365,14417,a Pope who relentlessly attacks her very foundations
788056108,Appeal_to_Authority,14419,14785,"To quote Cajetan again: “Indeed the Church has the right to separate herself from an heretical pope according to divine law.
Consequently, it has the right, by the same divine law, to use all means of themselves necessary for such separation; and those that juridically correspond to the crime, are of themselves necessary”—meaning the resort to an imperfect council"
788056108,"Exaggeration,Minimisation",15317,15352,the totally unprecedented situation
788056108,Doubt,15142,15456,"And are we not in the midst of schisms already, provoked by none other than Bergoglio himself, whose insane drive to shatter the Church’s bimillennial discipline has produced the totally unprecedented situation in which what is still considered mortally sinful in one diocese is an imperative of “mercy” in another"
788056108,Loaded_Language,15895,16016,the negligence of time-serving pastors who left their sheep completely undefended against the wolves who preyed upon them
788056108,"Name_Calling,Labeling",16028,16077,the wolf the cardinals improvidently elected Pope
788056108,Doubt,16357,16533,"the bishops and, above all, the Successor of Peter fail to maintain and transmit faithfully and in unity the deposit of faith contained in Sacred Tradition and Sacred Scripture"
788056108,Doubt,16939,17166,"a Pope who, as a prominent cardinal declares to the whole world, “fail[s] to maintain and transmit faithfully … the deposit of faith contained in Sacred Tradition and Sacred Scripture” and is leading “an apostasy from the truth"
788056108,"Name_Calling,Labeling",17271,17330,"a papal malefactor, treated as if were an absolute dictator"
788056108,Loaded_Language,17169,17184,It seems absurd
788056108,Loaded_Language,17355,17391,wreaking havoc upon faith and morals
788056108,"Exaggeration,Minimisation",17392,17427,to the detriment of countless souls
788056108,Loaded_Language,17572,17590,to end his rampage
788056108,Appeal_to_fear-prejudice,17512,17805,"The successors of the Apostles, the only ones in a position to end his rampage, must demand his resignation and, should he refuse as expected, act in this unprecedented emergency to declare his removal from the office he has criminally abused and whose very credibility he threatens to destroy"
788056108,"Exaggeration,Minimisation",17917,17969,during the height of the worst crisis in her history
788056108,Loaded_Language,92,99,cunning
788056108,Doubt,2482,2701,"This is how abusers talk.
They’re not content with power; they have to keep their victims doubting and blaming themselves constantly, so they don’t become a threat.
Whether Francis knows it or not, this is how he sounds"
788056108,Doubt,3625,3710,"But he is not making it easy.
I am not saying he is an abuser.
But he sounds like one"
788056108,Loaded_Language,10856,10863,utterly
788056108,Loaded_Language,12204,12215,unspeakable
788173482,"Exaggeration,Minimisation",1025,1088,this is one of the great scandals in the history of our country
788173482,"Name_Calling,Labeling",2140,2188,"nameless, faceless bureaucrats of the Deep State"
788173482,"Name_Calling,Labeling",5113,5130,the Gang of Eight
788173482,Loaded_Language,5731,5754,a brazen abuse of power
788173482,Loaded_Language,7619,7636,has been blasting
788173482,"Exaggeration,Minimisation",1780,1794,endless fodder
788173482,"Name_Calling,Labeling",3326,3349,the DNC paid rent-a-spy
788173482,Doubt,5333,5484,"The authors of the letter even lie about the nature of the broad-based request, claiming Trump is selectively declassifying information to save himself"
788173482,"Name_Calling,Labeling",9,32,the Deep State Plotters
788173482,"Name_Calling,Labeling",500,510,as a “hoax
788173482,Loaded_Language,534,586,one of the “crowning achievements” of his presidency
788173482,"Exaggeration,Minimisation",780,818,this might be the most important thing
788173482,"Exaggeration,Minimisation",1177,1197,who nobody even knew
788173482,Loaded_Language,1269,1295,used Carter Page as a foil
788173482,"Name_Calling,Labeling",1371,1403,"It’s a hoax, beyond a witch hunt"
788173482,"Name_Calling,Labeling",1507,1533,disgraced ex-FBI employees
788173482,Loaded_Language,1605,1702,"Although the conspiracy theory is baseless nonsense, it continues to dog the Trump administration"
788173482,"Name_Calling,Labeling",1827,1842,Trump defenders
788173482,Loaded_Language,2048,2078,prove a political masterstroke
788173482,"Name_Calling,Labeling",2228,2280,the duly elected 45th president of the United States
788173482,Loaded_Language,2356,2376,so much leftist dirt
788173482,Loaded_Language,2498,2523,shameful un-American plot
788173482,"Whataboutism,Straw_Men,Red_Herring",2944,3003,with whom she was having an extramarital affair at the time
788173482,Loaded_Language,3160,3177,something cryptic
788173482,Loaded_Language,3402,3435,Trump’s nefarious links to Russia
788173482,Loaded_Language,2308,2345,and let the chips fall where they may
788173482,Loaded_Language,4460,4480,hailed Trump’s order
788173482,Loaded_Language,4610,4684,alarmed at the prospect of being exposed as frauds and publicly humiliated
788173482,Loaded_Language,4846,4900,an attempt to usurp the powers vested in the president
788173482,Loaded_Language,4926,4960,to defy the presidential directive
788173482,Loaded_Language,7906,7917,got the axe
788173482,Loaded_Language,7846,7852,canned
788173482,"Name_Calling,Labeling",7970,8005,unaccountable Deep State operatives
788173482,Flag-Waving,598,655,"What we’ve done is a great service to the country, really"
788173482,"Exaggeration,Minimisation",1378,1403,"hoax, beyond a witch hunt"
788173482,"Name_Calling,Labeling",1639,1656,baseless nonsense
788726416,Loaded_Language,4298,4312,profound alarm
788726416,"Name_Calling,Labeling",53,73,Deep State officials
788726416,Loaded_Language,105,122,are in panic mode
788726416,"Name_Calling,Labeling",124,143,Deep State DOJ tool
788726416,Repetition,124,134,Deep State
788726416,"Name_Calling,Labeling",0,23,Deep State Insurrection
788726416,"Name_Calling,Labeling",559,602,"a two year, multi-million dollar witch hunt"
788726416,Flag-Waving,362,492,"The US President wants every American citizen to see the full, unredacted version of the FISA documents used to spy on Carter Page"
788726416,Loaded_Language,678,725,the hoax that was and is Trump-Russia collusion
788726416,Flag-Waving,973,1147,"are doing everything in their power to make sure the truth, about how the FISA warrant to spy on Carter Page was obtained, remains hidden from the eyes of the American public"
788726416,"Name_Calling,Labeling",1986,2012,twice-demoted DOJ official
788726416,"Name_Calling,Labeling",3323,3336,The FBI’s spy
788726416,"Name_Calling,Labeling",3442,3469,confidential informant (spy
788726416,Loaded_Language,3962,4010,demanding that the agencies defy President Trump
788726416,"Name_Calling,Labeling",4691,4708,the Gang of Eight
788816478,Loaded_Language,162,178,malicious agenda
788816478,Loaded_Language,501,535,as weak and ridiculous as they are
788816478,Loaded_Language,652,687,hurl the wild claims like a grenade
788816478,"Name_Calling,Labeling",1916,1944,lawyers are masters of delay
788816478,Loaded_Language,5528,5563,obviously unbalanced the accuser is
788816478,Appeal_to_Authority,5942,6075,"I think he's an extraordinary man – I think he's a man of great intellect, as I've been telling you, and he has an unblemished record"
788816478,Loaded_Language,6484,6503,obscene and violent
788816478,Loaded_Language,1981,2023,hoping to torpedo President Trump’s agenda
788816478,Doubt,4739,4766,her lawyer is “even loonier
788816478,Doubt,331,373,never-credible accusations of sexual abuse
788816478,Causal_Oversimplification,446,635,"They deliberately refused to bring up the allegations, as weak and ridiculous as they are, at Kavanaugh’s Senate confirmation hearings because they didn’t want to have a rational discussion"
788816478,"Name_Calling,Labeling",1950,1980,social justice warrior-lawyers
788816478,"Name_Calling,Labeling",3805,3827,a staunch conservative
788816478,"Name_Calling,Labeling",4272,4284,Left-wingers
788816478,Loaded_Language,4413,4427,utter nonsense
788816478,Doubt,4563,4604,she is going to look like the loon she is
788816478,Loaded_Language,4579,4604,look like the loon she is
788816478,Loaded_Language,4754,4766,even loonier
788816478,Causal_Oversimplification,5330,5403,Ford’s request for an FBI probe is “clearly a desire to delay proceedings
788816478,Loaded_Language,5587,5622,an excellent job destroying herself
788816478,Loaded_Language,6657,6696,high-stakes behind-the-scenes jockeying
788816478,"Name_Calling,Labeling",4589,4604,the loon she is
788900262,Appeal_to_fear-prejudice,0,91,"If Kavanaugh Is Not Confirmed By Senate, Then We Are All Just One Accusation Away From Ruin"
788900262,"Exaggeration,Minimisation",1722,1749,Without a shred of evidence
788900262,Loaded_Language,1817,1830,being smeared
788900262,"Name_Calling,Labeling",1858,1891,political lynch mob out for blood
788900262,Flag-Waving,2402,2428,I worry about this country
788900262,"Name_Calling,Labeling",4190,4224,"highly partisan, activist attorney"
788900262,Loaded_Language,5064,5083,bent over backwards
788900262,Flag-Waving,6020,6109,What is happening in the Brett Kavanaugh nomination process should concern every American
788900262,Loaded_Language,6658,6675,scatter like mice
788900262,Loaded_Language,207,230,shatter her credibility
788900262,Flag-Waving,2218,2270,I fear for this nation when this is now the standard
788900262,Doubt,4478,4561,"Why not Monday?
Does she have an important dentist appointment she can't get out of"
788900262,Causal_Oversimplification,4877,5017,Democrats want to delay this vote until after the midterms because they believe they have a chance to retake the Senate as well as the House
788900262,Doubt,168,269,even a mediocre defense attorney could shatter her credibility within minutes under cross-examination
788900262,Black-and-White_Fallacy,2272,2383,You believe any woman who goes against a Republican and you don't believe any woman who goes against a Democrat
788900262,Loaded_Language,2696,2711,they're zealous
788900262,Loaded_Language,5113,5137,I don’t care who you are
788900262,Causal_Oversimplification,6331,6408,chose to sit on it until the moment it could inflict maximum political damage
788900262,Doubt,6490,6583,"overestimating the integrity of the ""supportive"" lawmakers and lawyers currently handling her"
788900262,"Name_Calling,Labeling",6527,6560,"supportive"" lawmakers and lawyers"
788900262,"Name_Calling,Labeling",6601,6657,"sensitive lawmakers and high profile, activist attorneys"
788900262,Doubt,1484,1576,"If this had been such a pivotal moment for her, how could she have forgotten any those facts"
788900262,Flag-Waving,5263,5313,In no circumstance in the country does that happen
789121265,Loaded_Language,2814,2846,You didn’t give a damn back then
789121265,"Whataboutism,Straw_Men,Red_Herring",3071,3229,"If you want the FBI to go back that far @[email protected] to investigate Ford’s allegations….
let’s investigate my RAPE allegations against Bill Clinton, too"
789121265,"Name_Calling,Labeling",400,419,The Clinton machine
789121265,"Exaggeration,Minimisation",1317,1349,flimsy and meritless accusations
789121265,Loaded_Language,1836,1847,It’s absurd
789121265,"Whataboutism,Straw_Men,Red_Herring",218,398,"had a blunt message for Sen. Dianna Feinstein about the supposed “due process” that needs to be given to Brett Kavanaugh’s accuser, and it’s one that goes like this: Where was mine"
789121265,Loaded_Language,1969,1979,Oh my gosh
789121265,"Whataboutism,Straw_Men,Red_Herring",2018,2195,She pointed to the discrepancy between Democratic lack of interest in her case and the party’s outrage over allegations of sexual assault leveled last week against Mr. Kavanaugh
789121265,Loaded_Language,2566,2576,lashed out
789121265,Doubt,2848,2893,"You, Dicky Durban [sic], are a complete FRAUD"
789121265,"Whataboutism,Straw_Men,Red_Herring",2926,3069,"if Senate Democrats want the FBI to investigate the 36-year-old accusations against Mr. Kavanaugh, they should reopen her 40-year-old case, too"
789121265,Repetition,3594,3599,never
789121265,"Exaggeration,Minimisation",4064,4108,I’ve found every single piece of information
789121265,Loaded_Language,1317,1337,flimsy and meritless
789121265,Loaded_Language,2879,2893,complete FRAUD
789121798,Loaded_Language,352,369,act like children
789121798,Loaded_Language,402,439,They kick and scream and lie and pout
789121798,"Name_Calling,Labeling",1175,1207,a bunch of well-documented liars
789121798,Loaded_Language,3140,3183,such a pathetic attempt at a smear campaign
789121798,"Name_Calling,Labeling",4005,4023,Trump-hating woman
789121798,"Exaggeration,Minimisation",2647,2664,ambiguous-at-best
789121798,"Name_Calling,Labeling",19,35,Documented Liars
789121798,Slogans,283,298,Drain the Swamp
789121798,Loaded_Language,236,249,what on Earth
789121798,"Name_Calling,Labeling",441,479,President Trump is the anti-politician
789121798,"Name_Calling,Labeling",626,640,pro-life judge
789121798,Doubt,2339,2416,"taken together as a whole, it’s far too suspicious to lend it any credibility"
789121798,Causal_Oversimplification,2480,2701,"every time there's a man that you don't like running for public office or being nominated for a position, some woman crawls out from a line of protesters and makes an ambiguous-at-best claim about unwanted sexual advances"
789121798,Loaded_Language,2597,2607,crawls out
789121798,Appeal_to_fear-prejudice,2949,3085,"next time a man is nominated to a position who really has committed a crime, people will be that much less likely to believe his accuser"
789121798,Loaded_Language,3087,3096,Way to go
789121798,"Exaggeration,Minimisation",3312,3346,Women everywhere should be furious
789121798,"Name_Calling,Labeling",3366,3386,regular Joe American
789121798,Causal_Oversimplification,3988,4202,they dig up some Trump-hating woman from Kavanaugh’s past and convince her to say that he assaulted her thinking that such an allegation will surely delay the vote long enough for them to regain control of Congress
789121798,"Exaggeration,Minimisation",4294,4323,Everything else is just noise
789121798,"Name_Calling,Labeling",264,298,a man promising to Drain the Swamp
789121798,Loaded_Language,880,891,devastating
789121798,"Whataboutism,Straw_Men,Red_Herring",1082,1164,"Personally, I trust very, very few politicians no matter the party that they claim"
789370909,Loaded_Language,3212,3231,bent over backwards
789370909,Loaded_Language,11058,11070,This charade
789370909,"Exaggeration,Minimisation",2009,2030,worse than a travesty
789370909,"Exaggeration,Minimisation",10444,10485,completely destroy Judge Kavanaugh’s life
789370909,Loaded_Language,53,78,pulling out all the stops
789370909,Loaded_Language,459,491,suddenly emerged from left field
789370909,"Name_Calling,Labeling",1894,1919,Haters of Judge Kavanaugh
789370909,Slogans,2148,2171,character assassination
789370909,Loaded_Language,4056,4071,ready to pounce
789370909,Repetition,4416,4439,character assassination
789370909,Loaded_Language,4736,4756,continue to bludgeon
789370909,"Name_Calling,Labeling",6861,6881,the Kavanaugh haters
789370909,"Name_Calling,Labeling",8063,8083,elitist boys’ school
789370909,Slogans,8985,9015,Kavanaugh Derangement Syndrome
789370909,"Name_Calling,Labeling",9255,9271,Me Too” movement
789370909,Causal_Oversimplification,9306,9433,"simply because Ms. Ford is a woman who has made what they call, without any corroborating evidence to date, a “credible” charge"
789370909,Repetition,9840,9870,Kavanaugh Derangement Syndrome
789370909,Repetition,11722,11746,Judge Kavanaugh’s haters
789370909,Slogans,11848,11871,character assassination
789370909,Loaded_Language,11837,11843,smears
789370909,Doubt,5762,5843,What we do know so far tends to undercut the credibility of Ms. Ford’s accusation
789370909,Doubt,5939,6056,Whatever corroboration Ms. Ford was hoping for from “witnesses” she claimed were at the alleged party is non-existent
789370909,Doubt,7380,7572,The only problem with Dr. Friedman’s thesis is that Ms. Ford has apparently forgotten such key details surrounding the alleged sexual assault as when and where it happened and how she got home
789370909,Doubt,8517,8597,she doubts Judge Kavanaugh’s credibility because of “how he approaches his cases
789370909,Appeal_to_Authority,9135,9210,I believe her because she is telling the truth and you know it by her story
789370909,Flag-Waving,10867,10940,turns the fundamental constitutional principle of due process upside down
789370909,Flag-Waving,11625,11705,"In a nation guided by fairness and law, a person is innocent until proven guilty"
789370998,"Name_Calling,Labeling",4,21,Left’s Show Trial
789370998,Loaded_Language,108,136,materialized out of thin air
789370998,Doubt,573,684,"Suspiciously, Ford can’t –or won’t— say when or where the alleged incident happened and can provide few details"
789370998,Loaded_Language,863,880,gaming the system
789370998,"Exaggeration,Minimisation",1206,1255,Give left-wingers an inch and they’ll take a mile
789370998,"Name_Calling,Labeling",1211,1223,left-wingers
789370998,Loaded_Language,1714,1719,smear
789370998,"Name_Calling,Labeling",2978,3007,media-savvy sleazeball lawyer
789370998,"Exaggeration,Minimisation",3878,3907,exactly a zero percent chance
789370998,Loaded_Language,4007,4020,the lame-duck
789615291,Loaded_Language,1758,1766,reeks of
789615291,Loaded_Language,2003,2030,customary preemptive cringe
789615291,"Name_Calling,Labeling",3150,3163,Creepy Lawyer
789615291,Loaded_Language,3372,3415,find the stomach to put an end to the farce
789615291,Loaded_Language,6456,6477,a grotesque inversion
789615291,"Name_Calling,Labeling",6965,6982,absurd show trial
789615291,Loaded_Language,8200,8232,stooped so low with these smears
789615291,Loaded_Language,9008,9032,to beclown themselves on
789615291,Loaded_Language,9044,9079,obviously partisan and hypocritical
789615291,"Name_Calling,Labeling",9866,9892,Victorian hothouse flowers
789615291,Loaded_Language,11856,11871,who was savaged
789615291,Loaded_Language,13487,13554,stop feeding the alligator in the hopes that you will be eaten last
789615291,Loaded_Language,465,491,"amoral, unfair, or vicious"
789615291,Causal_Oversimplification,647,980,"The last-minute accusations from Christine Blasey Ford, a woman who claims that decades ago Kavanaugh groped her at a high school party, and Deborah Ramirez, who accused Kavanaugh of exposing himself to her at a frat party at Yale, are transparent acts of aggression against the judge and Republicans, one engineered by the Democrats"
789615291,"Name_Calling,Labeling",1057,1065,the Dems
789615291,Loaded_Language,1868,1878,naked ploy
789615291,"Name_Calling,Labeling",2036,2044,the Dems
789615291,Loaded_Language,2056,2065,is squeal
789615291,Repetition,2196,2204,the Dems
789615291,Loaded_Language,2489,2507,bullying deadlines
789615291,Loaded_Language,4399,4416,vehemently denies
789615291,"Name_Calling,Labeling",5610,5629,her Democrat lawyer
789615291,Loaded_Language,6207,6230,preposterous conditions
789615291,"Name_Calling,Labeling",6351,6388,politicians with one eye on the polls
789615291,Slogans,6697,6721,"I am woman, hear me roar"
789615291,Flag-Waving,6481,6566,our bedrock principle that an accused has the right to confront his accuser’s charges
789615291,"Name_Calling,Labeling",7520,7554,rabid partisans and office-seekers
789615291,"Name_Calling,Labeling",7787,7795,the Dems
789615291,"Name_Calling,Labeling",8987,8995,the Dems
789615291,"Name_Calling,Labeling",9222,9230,the Dems
789615291,"Exaggeration,Minimisation",9370,9506,"every accusation of sexual assault, no matter how much it’s unsupported by corroborating evidence or even plausibility, must be believed"
789615291,Loaded_Language,9597,9612,feral sexuality
789615291,Loaded_Language,9629,9645,sexual predators
789615291,"Name_Calling,Labeling",10107,10115,The Dems
789615291,Loaded_Language,10488,10508,politically suicidal
789615291,"Name_Calling,Labeling",11050,11058,The Dems
789615291,"Name_Calling,Labeling",11556,11592,knuckle-dragging Neanderthal sexists
789615291,Loaded_Language,11639,11657,cavalier treatment
789615291,Loaded_Language,11800,11815,demonizing them
789615291,"Name_Calling,Labeling",12154,12187,increasingly rabid left-wing base
789615291,Loaded_Language,12217,12238,confirmation circuses
789615291,"Name_Calling,Labeling",12449,12499,caterwauling protestors and grandstanding Senators
789615291,"Name_Calling,Labeling",12729,12778,"attention-craving, politically ambitious Senators"
789615291,Repetition,12986,12993,No more
789615291,"Name_Calling,Labeling",13260,13268,the Dems
789615291,Loaded_Language,13598,13616,they will demonize
789615291,Loaded_Language,13740,13759,shoot the alligator
789615291,Doubt,3829,3905,"Her own details of the event don’t jibe (Four boys or three?
One girl or two"
789615291,Doubt,9166,9230,why has Grassley so far allowed himself to be played by the Dems
789615291,Loaded_Language,11179,11219,dubious ideology and dishonest narrative
789615291,"Name_Calling,Labeling",12040,12094,trendoid socialists armed with torches and pitch-forks
789615291,Loaded_Language,12848,12853,farce
790266787,"Name_Calling,Labeling",1403,1416,a “mean drunk
790266787,Loaded_Language,1921,1958,ridiculous and from the Twilight Zone
790266787,"Name_Calling,Labeling",3134,3152,creepy porn lawyer
790266787,Loaded_Language,3372,3379,slammed
790266787,"Name_Calling,Labeling",3403,3422,a third rate lawyer
790266787,"Name_Calling,Labeling",3665,3681,a total low-life
790266787,"Name_Calling,Labeling",3768,3778,con artist
790266787,"Name_Calling,Labeling",3882,3913,"this other con artist, Avenatti"
790266787,Loaded_Language,6390,6401,freaked out
790266787,Doubt,7876,7973,Ford is lying or suffering from some kind of psychological disorder such as false memory syndrome
790266787,"Name_Calling,Labeling",9833,9851,Trump-hating media
790266787,Loaded_Language,10617,10650,You can kiss the MIDTERMS goodbye
790266787,Loaded_Language,7693,7720,drastically altered my life
790266787,Loaded_Language,8846,8881,mud Democrats have been slinging at
790266787,"Name_Calling,Labeling",0,21,Avenatti’s Freak Show
790266787,Loaded_Language,99,132,have materialized out of thin air
790266787,Slogans,293,316,character-assassination
790266787,"Name_Calling,Labeling",346,364,the enraged Left’s
790266787,Loaded_Language,765,789,battens down the hatches
790266787,Repetition,1574,1584,gang-raped
790266787,"Name_Calling,Labeling",3035,3058,Trump’s legal tormentor
790266787,Doubt,3391,3531,"Avenatti is a third rate lawyer who is good at making false accusations, like he did on me and like he is now doing on Judge Brett Kavanaugh"
790266787,"Whataboutism,Straw_Men,Red_Herring",3561,3662,He is just looking for attention and doesn’t want people to look at his past record and relationships
790266787,"Name_Calling,Labeling",3723,3737,another beauty
790266787,"Name_Calling,Labeling",3929,3943,another beauty
790266787,"Name_Calling,Labeling",6168,6181,all-male team
790266787,Loaded_Language,6917,6953,categorically and unequivocally deny
790266787,Loaded_Language,7430,7444,I am terrified
790266787,"Name_Calling,Labeling",7606,7656,"Brett Kavanaugh, the boy who sexually assaulted me"
790266787,"Name_Calling,Labeling",8359,8403,left-wingers and feminists like Maureen Dowd
790266787,"Name_Calling,Labeling",8431,8482,utterly undistinguished politically correct scholar
790266787,"Name_Calling,Labeling",9013,9051,"the Left’s frenzied, demagogic assault"
790266787,Causal_Oversimplification,8998,9127,"the purpose of the Left’s frenzied, demagogic assault is to damage the nominee, and by extension, the president who nominated him"
790266787,Appeal_to_fear-prejudice,10617,10703,You can kiss the MIDTERMS goodbye if you don’t get highly qualified Kavanaugh approved
790266787,"Name_Calling,Labeling",8696,8732,high-tech lynching for uppity blacks
790483991,Loaded_Language,710,728,a 4-page bombshell
790483991,Doubt,5439,5564,How can one avoid concluding that the reason they do not provide the documentation is that they know it confirms my testimony
790483991,Loaded_Language,1457,1487,voice crying in the wilderness
790483991,Loaded_Language,5992,6014,for that martyr Church
790483991,Flag-Waving,9520,9593,"I wish to encourage you, dear faithful, my brothers and sisters in Christ"
790483991,"Exaggeration,Minimisation",354,431,the most courageous prelate in the Church today—Archbishop Carlo Maria Viganò
790483991,"Name_Calling,Labeling",919,944,a “substitute of our Lord
790483991,Causal_Oversimplification,1056,1230,This is clearly the testimony of an honest man who has only the good of the Church in his heart—a modern-day Athanasius standing against something so much worse than Liberius
790483991,"Name_Calling,Labeling",1089,1151,an honest man who has only the good of the Church in his heart
790483991,"Exaggeration,Minimisation",1176,1230,standing against something so much worse than Liberius
790483991,"Exaggeration,Minimisation",1323,1364,the most dangerous pontificate in history
790483991,Loaded_Language,1375,1400,the forces of hell itself
790483991,"Exaggeration,Minimisation",1517,1612,Archbishop Viganò is fighting for the very survival of the human element of the Catholic Church
790483991,Loaded_Language,2070,2192,wish him every blessing and heavenly consolation as he undergoes this passion for the sake of the Master he serves so well
790483991,"Exaggeration,Minimisation",3626,3696,the most painful and serious decision that I have ever made in my life
790483991,"Exaggeration,Minimisation",3742,3961,"during months of profound suffering and anguish, during a crescendo of continual news of terrible events, with thousands of innocent victims destroyed and the vocations and lives of young priests and religious disturbed"
790483991,Loaded_Language,4083,4117,a devastating crime for the Church
790483991,Loaded_Language,4947,4961,shocking facts
790483991,Loaded_Language,5654,5675,how perverse and evil
790483991,"Name_Calling,Labeling",6212,6281,"the great accuser, Satan, who sows scandal and division in the Church"
790483991,Doubt,6016,6191,"Now, the pope’s reply to my testimony was: “I will not say a word!” But then, contradicting himself, he has compared his silence to that of Jesus in Nazareth and before Pilate"
790483991,Doubt,6988,7139,But how can journalists discover and know the truth if those directly involved with a matter refuse to answer any questions or to release any documents
790483991,Doubt,7413,7594,"Many more instances have recently been documented in the press, showing that Pope Francis has defended homosexual clergy who committed serious sexual abuses against minors or adults"
790483991,Flag-Waving,8298,8326,The faithful deserve to know
790483991,"Name_Calling,Labeling",8985,9026,two homosexual “friends” of his dicastery
790483991,Causal_Oversimplification,9064,9214,"His long article in L’Osservatore Romano, in which he came out in favor of the more controversial aspects of Amoris Laetitia, represents his surrender"
790483991,"Name_Calling,Labeling",9968,9982,the old dragon
790483991,Flag-Waving,9616,9982,"Make your own the act of faith and complete confidence in Christ Jesus, our Savior, of Saint Paul in his second Letter to Timothy, Scio cui credidi, which I choose as my episcopal motto.
This is a time of repentance, of conversion, of prayers, of grace, to prepare the Church, the bride of the Lamb, ready to fight and win with Mary the battle against the old dragon"
790483991,"Name_Calling,Labeling",354,401,the most courageous prelate in the Church today
790483991,"Name_Calling,Labeling",1152,1230,a modern-day Athanasius standing against something so much worse than Liberius
790483991,Appeal_to_fear-prejudice,1784,1912,"The enemy is not only at the gates but has now made their way to the thrones of power and the seats of the Apostles.
God help us"
790483991,Loaded_Language,3759,3789,profound suffering and anguish
790483991,Loaded_Language,3800,3846,crescendo of continual news of terrible events
790483991,Doubt,5725,6014,"instead of taking the measures that every good pastor would have taken, the pope made McCarrick one of his principal agents in governing the Church, in regard to the United States, the Curia, and even China, as we are seeing these days with great concern and anxiety for that martyr Church"
790483991,Doubt,7141,7331,The pope’s unwillingness to respond to my charges and his deafness to the appeals by the faithful for accountability are hardly consistent with his calls for transparency and bridge building
790483991,Doubt,8170,8296,did the pope refuse to carry out a Vatican investigation into McCarrick’s crimes and of those responsible for covering them up
790665855,Loaded_Language,448,493,constitution-hating and tyrannical tendencies
790665855,Loaded_Language,967,1023,a mudslinging orgy of victim shaming and kangaroo courts
790665855,Loaded_Language,1628,1653,it is just fine and dandy
790665855,"Name_Calling,Labeling",3521,3558,Gestapo like police state surveilling
790665855,"Name_Calling,Labeling",4401,4470,champion of the police and surveillance state and an enemy to privacy
790665855,Loaded_Language,4178,4223,to be executed over the sex abuse allegations
790665855,Doubt,567,675,his record indicates that he all but cannot stand the Fourth and he’s not that big a fan of the First either
790665855,Doubt,814,887,he shouldn’t even be in this position based solely on his previous record
790665855,Loaded_Language,3248,3257,Seriously
790665855,"Bandwagon,Reductio_ad_hitlerum",3521,3546,Gestapo like police state
790665855,Doubt,4865,4952,The only question is will the Senate confirm one who is really bad on the #4thAmendment
790665855,Loaded_Language,5402,5424,blindly supporting him
790665855,Appeal_to_fear-prejudice,5448,5609,"When Kavanaugh is on the Supreme Court, undermining our #4thAmendment right against unreasonable searches and seizures, it will be too late for others to join me"
790665855,"Name_Calling,Labeling",5714,5743,enemy of the Fourth Amendment
790665855,Appeal_to_Authority,4721,4749,Privacy advocates must fight
790667730,Loaded_Language,23,42,Unleashes Firestorm
790667730,Loaded_Language,292,310,relentless assault
790667730,Flag-Waving,1217,1309,"I hope the American people can see through this sham, that you knew about it and you held it"
790667730,Loaded_Language,752,794,blasted Democrats for their attacks on him
790667730,Loaded_Language,1129,1133,sham
790667730,Loaded_Language,1164,1215,"Boy, y'all want power.
Boy, I hope you never get it"
790667730,"Exaggeration,Minimisation",69,117,"Most Unethical Sham"" Since He's Been In Politics"
790667730,"Exaggeration,Minimisation",359,422,believing every word of Dr. Christine Ford without any evidence
790667730,Causal_Oversimplification,910,1003,"What you want to do is destroy this guy's life, hold this seat open, and hope you win in 2020"
790667730,"Exaggeration,Minimisation",1110,1161,the most unethical sham since I've been in politics
790667730,Loaded_Language,1967,1984,been through hell
790667730,Loaded_Language,2019,2045,through hell and then some
790667730,"Name_Calling,Labeling",69,88,Most Unethical Sham
790667730,Loaded_Language,84,88,Sham
790667730,"Exaggeration,Minimisation",910,956,What you want to do is destroy this guy's life
790667730,"Name_Calling,Labeling",1110,1133,the most unethical sham
790667730,Loaded_Language,1265,1269,sham
790677230,Loaded_Language,812,822,total sham
790677230,Loaded_Language,2773,2797,ridiculous overall story
790677230,Flag-Waving,9516,9568,I hope the American people can see through this sham
790677230,Loaded_Language,9878,9895,circus atmosphere
790677230,"Name_Calling,Labeling",10304,10321,porn star lawyers
790677230,"Exaggeration,Minimisation",10409,10636,"this is worse than Robert Bork, and I didn't think it could get any worse than that.
This is worse than Clarence Thomas.
I didn't think it could get any worse than that.
This is a national disgrace, the way you're being treated"
790677230,Flag-Waving,10579,10636,"This is a national disgrace, the way you're being treated"
790677230,"Name_Calling,Labeling",11178,11218,perpetually vulnerable red-state senator
790677230,Loaded_Language,9213,9217,sham
790677230,Repetition,10562,10567,worse
790677230,Slogans,492,515,character assassination
790677230,"Name_Calling,Labeling",741,768,search and destroy strategy
790677230,Loaded_Language,1202,1237,trembled with righteous indignation
790677230,Loaded_Language,2043,2061,last-minute smears
790677230,"Name_Calling,Labeling",2231,2244,all-male team
790677230,Doubt,3473,3704,"“Hard to do much else when the witness conveniently has no corroborating evidence, no memory of any verifiable facts of what happened, and everyone she says was present at the alleged incident--even her best friend--has denied it.”"
790677230,Loaded_Language,3981,4021,cried out for vigorous cross-examination
790677230,Loaded_Language,4339,4360,lobbing her softballs
790677230,Doubt,4977,5036,Ford has a bad long-term memory and a bad short-term memory
790677230,Loaded_Language,8987,8998,going rogue
790677230,"Exaggeration,Minimisation",9194,9245,the most unethical sham since I've been in politics
790677230,Causal_Oversimplification,9351,9443,"What you want to do is destroy this guy's life, hold this seat open and hope you win in 2020"
790677230,Loaded_Language,9447,9470,"Boy, you all want power"
790677230,"Exaggeration,Minimisation",9702,9762,the most despicable thing I have seen in my time in politics
790677230,Loaded_Language,9784,9807,I hope you never get it
790677230,"Exaggeration,Minimisation",10043,10068,the worst in our politics
790677230,Doubt,10304,10354,porn star lawyers with facially implausible claims
790677230,Appeal_to_Authority,866,886,The Senate must vote
790677230,Loaded_Language,1121,1145,Kavanaugh stole the show
790677230,Repetition,1964,1972,and then
790677230,Loaded_Language,2144,2171,Afraid of their own shadows
790677230,Doubt,4513,4620,is there a political motivation for your coming forward with your account of the assault by Brett Kavanaugh
790677230,Repetition,5626,5635,any issue
790677230,Doubt,7400,7497,"If they're really concerned with going to the truth, why wouldn't you want to talk to the accused"
790677230,Loaded_Language,8857,8869,stonewalling
790677230,Loaded_Language,9564,9568,sham
790677230,Appeal_to_fear-prejudice,9666,9762,"if you vote no, you're legitimizing the most despicable thing I have seen in my time in politics"
790720480,Loaded_Language,422,435,good riddance
790720480,Loaded_Language,1304,1325,is being ripped apart
790720480,"Exaggeration,Minimisation",1543,1570,without a shred of evidence
790720480,"Whataboutism,Straw_Men,Red_Herring",1474,1585,"What about Judge Kavanaugh's comfort in being put through the ringer without a shred of evidence, Senator Flake"
790720480,Doubt,1634,1741,Perhaps Arizona will put someone in that actually has a spine rather than living up to Senator Flake's name
790720480,Loaded_Language,2117,2133,appeared stunned
790720480,"Name_Calling,Labeling",2148,2191,self-professed sexual assaulter Cory Booker
790720480,Flag-Waving,1291,1378,"This country is being ripped apart here, and we've got to make sure we do due diligence"
790720480,Loaded_Language,1670,1695,that actually has a spine
790720714,"Name_Calling,Labeling",931,1011,a radical political activist who promotes baby murder and other unlawful actions
790720714,Loaded_Language,378,402,blasted Senate Democrats
790720714,Loaded_Language,642,667,public relations disaster
790720714,Loaded_Language,3971,3996,slander a man's character
790720714,Loaded_Language,577,590,political hit
790720714,Loaded_Language,718,747,"Of course, she was part of it"
790720714,Doubt,1022,1063,her story didn't exactly lend credibility
790720714,Causal_Oversimplification,1924,1956,She knew it would be made public
790720714,Loaded_Language,2180,2206,to destroy Brett Kavanaugh
790720714,Loaded_Language,2247,2298,to destroy Trump's nomination for the Supreme Court
790720714,Causal_Oversimplification,2760,2943,"If you think Mrs. Ford is ignorant of this considering her father works for the Central Intelligence Agency and her prior criminal political activism, then you aren't thinking clearly"
790720714,Doubt,2945,3034,Ford obviously has mental issues and that was on display on Thursday during her testimony
790720714,"Exaggeration,Minimisation",3136,3158,absolutely no evidence
790720714,Causal_Oversimplification,3502,3581,"that attack on him was orchestrated, it was political and Ford was a part of it"
790720714,Causal_Oversimplification,3882,4070,"Ford is not seeking justice nor is she seeking to do her ""civic duty.""
She is seeking to slander a man's character for something she cannot prove that she claims happened over 36 years ago"
790720714,"Exaggeration,Minimisation",964,1011,promotes baby murder and other unlawful actions
790720714,Doubt,1882,1922,"She wasn't angry it was made public.
Why"
790720714,Appeal_to_Authority,2627,2757,"And whether or not it ultimately defeats the nominee it will, I think, help people understand why it’s so important that they vote"
790720714,Doubt,3693,3732,but did she go to local law enforcement
790777028,Loaded_Language,1564,1569,smear
790777028,Loaded_Language,3470,3505,more of a circus than it already is
790777028,Loaded_Language,75,89,Temper Tantrum
790777028,Loaded_Language,199,214,temper tantrums
790777028,"Exaggeration,Minimisation",3317,3349,Absolutely nothing will be found
790777028,"Exaggeration,Minimisation",3377,3395,huge waste of time
790777028,Loaded_Language,3687,3700,political hit
790777028,Loaded_Language,3570,3580,slanderous
793467906,"Name_Calling,Labeling",3494,3519,angry left-wing Democrats
793467906,Loaded_Language,4285,4305,even bigger disaster
793467906,Repetition,4875,4880,swamp
793467906,"Exaggeration,Minimisation",4858,4897,one of the worst swamp creatures in D.C
793467906,Black-and-White_Fallacy,4729,4791,"Appointing her to the UN would give Trump, Jeb Bush's policies"
793467906,Loaded_Language,150,155,swamp
793467906,Flag-Waving,2162,2178,American culture
793467906,"Name_Calling,Labeling",3263,3276,women-centric
793467906,Loaded_Language,3435,3448,meshed nicely
793467906,Loaded_Language,4525,4549,same old failed politics
793467906,Repetition,4660,4672,swiftly undo
793467906,Loaded_Language,4869,4890,worst swamp creatures
793534424,Loaded_Language,434,467,willfully ignorant McMaster crowd
793534424,"Exaggeration,Minimisation",6528,6597,Dina Powell is everything that was wrong with the Bush administration
793534424,"Name_Calling,Labeling",4,22,White House Leaker
793534424,Loaded_Language,290,298,suffered
793534424,Loaded_Language,415,420,swamp
793534424,Loaded_Language,206,217,devastating
793534424,"Name_Calling,Labeling",1598,1613,Bush gatekeeper
793534424,Loaded_Language,1620,1624,pals
793534424,Loaded_Language,1804,1821,failed incoherent
793534424,"Name_Calling,Labeling",1916,1934,the Never Trumpers
793534424,Loaded_Language,3182,3190,enemedia
793534424,Loaded_Language,7655,7660,blunt
793921939,Flag-Waving,398,407,Americans
793921939,Slogans,1974,1989,“America first”
793921939,Loaded_Language,2968,2974,sordid
793921939,Loaded_Language,6673,6691,willfully ignorant
793921939,Repetition,7500,7505,swamp
793921939,Black-and-White_Fallacy,381,407,a good thing for Americans
793921939,Doubt,7357,7478,"Again, and I have asked this before, how do you fight the Deep State by putting Deep State operatives in these positions?"
793921939,Doubt,7479,7522,How do you drain the swamp by adding to it?
793921939,Flag-Waving,7676,7689,anti-American
795079843,Loaded_Language,2185,2199,shocking death
795079843,Loaded_Language,105,114,emergency
795079843,Loaded_Language,575,579,rush
795079843,Loaded_Language,700,706,hopped
795079843,Appeal_to_fear-prejudice,1462,1498,beaten to death and then dismembered
795079843,Loaded_Language,3165,3173,“severe”
795379208,Loaded_Language,1711,1730,tortured and killed
795379208,Loaded_Language,764,770,severe
795379208,Appeal_to_fear-prejudice,1818,1849,body was cut up with a bone saw
795379208,Appeal_to_Authority,2157,2342,"Pompeo reiterated his confidence that the Saudi government would conduct a “thorough, complete, and transparent investigation,” adding that they will “show the entire world” the results"
795379208,"Name_Calling,Labeling",4009,4023,great partners
795689901,Flag-Waving,216,242,an “assault” on the nation
795689901,"Exaggeration,Minimisation",846,859,the strongest
795689901,Loaded_Language,894,903,onslaught
795689901,Flag-Waving,972,992,OUR SOUTHERN BORDER!
795691173,Appeal_to_fear-prejudice,1154,1175,tortured and beheaded
795691173,Flag-Waving,2991,3008,the United States
795693029,"Exaggeration,Minimisation",335,348,the strongest
795693029,Loaded_Language,383,392,onslaught
795693029,Black-and-White_Fallacy,399,482,if unable to do so I will call up the U.S. Military and CLOSE OUR SOUTHERN BORDER!”
795693029,Appeal_to_fear-prejudice,1436,1460,INCLUDING MANY CRIMINALS
795693029,Loaded_Language,1969,1976,assault
795693029,Loaded_Language,2170,2179,onslaught
795693029,Flag-Waving,461,482,OUR SOUTHERN BORDER!”
795693029,Flag-Waving,1980,1991,our country
795693029,Flag-Waving,1995,2014,our Southern Border
795703371,Loaded_Language,647,654,violent
795703371,Loaded_Language,813,829,endemic violence
795703371,Appeal_to_fear-prejudice,1386,1410,INCLUDING MANY CRIMINALS
795703371,"Exaggeration,Minimisation",2257,2270,the strongest
795703371,Loaded_Language,2305,2314,onslaught
795703371,Black-and-White_Fallacy,2321,2402,if unable to do so I will call up the U.S. Military and CLOSE OUR SOUTHERN BORDER
795703371,Loaded_Language,2468,2475,assault
795703371,"Name_Calling,Labeling",3386,3402,unconstitutional
795703371,Flag-Waving,3459,3469,American's
795703371,Loaded_Language,4103,4111,disaster
795703371,Appeal_to_fear-prejudice,3711,3748,coming to engage in criminal activity
795703371,Flag-Waving,1268,1279,our country
999000124,"Exaggeration,Minimisation",685,725,because no one wants to be gay and black
999000124,Appeal_to_Authority,1228,1280,I’m a generation older than all of you I know comedy
999000125,"Exaggeration,Minimisation",889,994,"no one looks in the mirror and thinks, ‘this black thing is too easy, let me just add another thing to it"
999000125,"Exaggeration,Minimisation",1444,1478,none of his remarks were offensive
999000125,Doubt,2183,2466,"The message they were trying to send with the event was opposite to the jokes he was making, and using people’s ethnicity as the crux of his jokes could be funny but still offensive...He definitely wasn’t the most crass comedian I’ve ever heard but for the event it was inappropriate"
999000133,Loaded_Language,145,162,demonizing people
999000133,"Exaggeration,Minimisation",175,229,the biggest terror threat in this country is white men
999000133,Loaded_Language,485,498,the absurdity
999000133,Repetition,729,738,white men
999000133,Doubt,1834,1922,"Nah, it’s just CNN doing what CNN does… spewing more fake news for your viewing pleasure"
999000133,Loaded_Language,526,549,thought it would be fun
999000135,Appeal_to_fear-prejudice,70,92,Stop Demonizing People
999000135,Repetition,1951,1959,demonize
999000135,Loaded_Language,70,92,Stop Demonizing People
999000135,Loaded_Language,135,167,Talk about an absolute hypocrite
999000135,Doubt,542,608,How can he contradict himself like that and not even bat an eyelid
999000135,"Exaggeration,Minimisation",668,704,gotten incredible help along the way
999000135,Loaded_Language,940,957,demonizing people
999000135,"Exaggeration,Minimisation",970,1024,the biggest terror threat in this country is white men
999000135,Appeal_to_fear-prejudice,924,1185,"We have to stop demonizing people and realize the biggest terror threat in this country is white men, most of them radicalized to the right, and we have to start doing something about them,” Lemon said.
“There is no travel ban on them… there is no white guy ban"
999000135,Loaded_Language,1948,1959,to demonize
999000135,"Exaggeration,Minimisation",2017,2042,the biggest terror threat
999000135,Repetition,2085,2095,demonizing
999000135,Loaded_Language,2138,2148,demonizing
999000135,Loaded_Language,2231,2241,Demonizing
999000135,Loaded_Language,2394,2404,Demonizing
999000135,Causal_Oversimplification,2629,2748,"Don Lemon thinks things like this, are just fine, and wants these people in the US.
He just doesn't want white men here"
999000135,Loaded_Language,2750,2766,"There, I said it"
999000135,Loaded_Language,907,921,utterly insane
999000136,Thought-terminating_Cliches,2291,2311,Good luck with that!
999000136,"Exaggeration,Minimisation",2357,2419,"is “a progressive” who is “a part of the crazy, crazy, crazies"
999000136,Repetition,2649,2670,"crazy, crazy, crazies"
999000136,Loaded_Language,2833,2845,useful idiot
999000136,Loaded_Language,194,213,completely undercut
999000136,Thought-terminating_Cliches,1475,1502,That’s not for them to know
999000136,Loaded_Language,2264,2288,to appeal to white guilt
999000136,Loaded_Language,2291,2310,Good luck with that
999000136,"Name_Calling,Labeling",2902,2914,a lawful man
999000136,Flag-Waving,2888,3071,"Gillum is not a lawful man as he does not support the right to keep and bear arms, but rather considers Americans as criminals who need to prove their innocence before obtaining a gun"
999000136,"Name_Calling,Labeling",105,160,Florida gubernatorial candidate and George Soros-backed
999000136,Loaded_Language,2033,2058,the utter racism of Smith
999000136,Loaded_Language,2159,2184,This is a f***ed up state
999000136,Loaded_Language,2200,2220,It’s a cracker state
999000142,Loaded_Language,8,26,Cracks Racist Joke
999000142,Loaded_Language,646,685,"how mean, nasty and evil they have been"
999000142,Loaded_Language,2119,2134,that’s childish
999000142,"Exaggeration,Minimisation",2271,2316,and every person with dark skin on the planet
999000142,Loaded_Language,2380,2402,kick them in the shins
999000142,"Exaggeration,Minimisation",2527,2553,What was even more amazing
999000142,"Name_Calling,Labeling",2807,2823,"Crooked"" Hillary"
999000142,Causal_Oversimplification,2825,2940,"Clearly, she was speaking of all black people and not being specific to Holder or Booker as they look nothing alike"
999000142,Loaded_Language,3179,3189,Disgusting
999000145,Appeal_to_fear-prejudice,247,384,"Trump encouraged them to go out and vote Republican if they didn't want to be uttering the words ""Speaker Pelosi"" over the next two years"
999000145,Repetition,1502,1516,Speaker Pelosi
999000145,Loaded_Language,2251,2318,"Trump's base is all that energized, it seems pretty energetic to me"
999000145,Loaded_Language,2393,2447,have only furthered their outrage at the establishment
999000145,Loaded_Language,2677,2703,that's just my gut feeling
999000147,Thought-terminating_Cliches,219,233,and rightly so
999000147,Doubt,3241,3324,good people of Massachusetts do us all a favor and elect someone else in her place?
999000147,Doubt,2559,2678,"The Senate's own rules prohibit this kind of behavior, but will the Senate hold these women to the standard they've set"
999000147,Appeal_to_Authority,2681,2918,"This is a clear violation of the Senate Ethics rules which safeguard against the appearance or actuality of elected officials ‘cashing in’ on their official position for political purposes,” said Kendra Arnold, executive director of FACT"
999000147,Flag-Waving,3231,3323,Could the good people of Massachusetts do us all a favor and elect someone else in her place
999000147,Loaded_Language,701,709,bite you
999000149,Repetition,374,399,The Evil Doings Of Israel
999000149,Appeal_to_fear-prejudice,2989,3077,They are rooted in bigotry toward a belief about what Muslims are stereotyped to believe
999000149,Loaded_Language,73,94,Evil Doings Of Israel
999000149,Loaded_Language,300,326,she will cruise to victory
999000149,Loaded_Language,1281,1291,hypnotized
999000149,"Exaggeration,Minimisation",1270,1301,Israel has hypnotized the world
999000149,Repetition,1349,1374,the evil doings of Israel
999000154,Loaded_Language,122,133,evil doings
999000154,Causal_Oversimplification,241,318,"She is a hijab-wearing, devout Muslim, and Islamic Jew-hatred is in the Quran"
999000154,Loaded_Language,477,490,hateful views
999000154,Causal_Oversimplification,505,678,"but this is the way the Democrat leadership, and the Democrat base, thinks.
They want candidates like Ilhan Omar.
And they know they’ll win, because this is their base today"
999000154,Causal_Oversimplification,1329,1525,"Neither the Democrat leadership nor the Democrat base cares that she married her brother.
She is a Muslim and a leftist, so she can further their identity politics.
That’s all that matters to them"
999000155,"Bandwagon,Reductio_ad_hitlerum",2300,2344,who masterminded the 1993 World Trade Center
999000155,Thought-terminating_Cliches,466,516,"Fine.
I don’t care if you go and do that, go ahead"
999000155,"Bandwagon,Reductio_ad_hitlerum",1338,1519,"There is more.
Fox News also reported that Sinema “promoted events at Arizona State University featuring a lawyer convicted for aiding an Islamist terror organization and its leader"
999000155,Loaded_Language,2482,2504,the Left hates America
999000155,Loaded_Language,2686,2706,hysterical hyperbole
999000155,Causal_Oversimplification,1978,2039,it’s just a reaction to the evil deeds of the U.S. and Israel
999000158,"Bandwagon,Reductio_ad_hitlerum",2586,2623,Ellison is attempting to do that same
999000158,Repetition,3089,3129,You're a failure if you can't keep a man
999000158,Repetition,3158,3202,Murder and lying comes easy for white people
999000158,Loaded_Language,198,227,paralleled Jews with termites
999000158,"Exaggeration,Minimisation",1237,1313,"I absolutely, unqualifiedly denounce and reject the views of Louis Farrakhan"
999000158,"Exaggeration,Minimisation",1628,1675,his views and mine were absolutely incompatible
999000158,"Bandwagon,Reductio_ad_hitlerum",2040,2168,"here's a still frame of Ellison just a few feet away from a man who has called on 10,000 blacks to stalk and murder white people"
999000158,Loaded_Language,2387,2403,to pull an Obama
999000158,Black-and-White_Fallacy,2810,2850,You’re a failure if you can’t keep a man
999000158,"Exaggeration,Minimisation",2879,2923,Murder and lying comes easy for white people
999000158,Loaded_Language,2957,2968,praised him
999000158,Loaded_Language,3236,3247,praised him
999000158,Loaded_Language,405,423,"Yeah, right, Hakim"
999000158,Loaded_Language,1239,1284,"absolutely, unqualifiedly denounce and reject"
999000158,Appeal_to_fear-prejudice,3542,3595,"If you like down with dogs, you're going to get fleas"
999000159,Loaded_Language,499,510,hopping-mad
999000159,Loaded_Language,373,433,"put out their scorecard and for some, it will be eye-opening"
999000159,"Name_Calling,Labeling",478,495,The anti-gun Left
999000159,Appeal_to_fear-prejudice,1233,1354,"They are motivated to get to the polls this November.
So it is crucial that you and your pro-gun friends get to the polls"
999000159,Loaded_Language,1464,1482,riding on the line
999000159,"Exaggeration,Minimisation",1701,1753,"an incredibly powerful, motivating issue in politics"
999000159,Loaded_Language,166,178,up for grabs
999000159,Loaded_Language,1622,1653,an ace up our proverbial sleeve
999000184,"Whataboutism,Straw_Men,Red_Herring",1111,1252,"Tlaib, of course, had nothing to say about the genocidal incitement against Jews and Israel that regularly features on Palestinian television"
999000184,"Exaggeration,Minimisation",118,150,have been overwhelmingly elected
999000184,Doubt,257,315,"unfortunately, in reality neither one is worth celebrating"
999000184,Loaded_Language,476,492,vendetta against
999000184,"Exaggeration,Minimisation",977,996,"no country, not one"
999000184,Repetition,1579,1594,it doesn’t work
999000184,"Exaggeration,Minimisation",2372,2403,is even more hateful than Tlaib
999000184,Loaded_Language,2468,2478,hypnotized
999000184,Loaded_Language,2536,2561,the evil doings of Israel
999000184,Loaded_Language,2638,2667,she doubled down and attacked
999000184,Doubt,2787,2874,"You are a hateful sad man, I pray to Allah you get the help you need and find happiness"
999000184,"Exaggeration,Minimisation",2877,2913,"There is much, much worse about Omar"
999000184,Loaded_Language,3931,3959,the increasing balkanization
999000184,Appeal_to_fear-prejudice,3990,4147,"Forthrightly pro-America, pro-Israel candidates would stand little to no chance in either of their districts.
And that is indicative of a much larger problem"
999000184,Loaded_Language,128,142,overwhelmingly
999000184,Flag-Waving,222,254,triumphs of America’s “diversity
999000184,Flag-Waving,892,1084,"For me, U.S. aid should be leverage.
I will be using my position in Congress so that no country, not one, should be able to get aid from the U.S. when they still promote that kind of injustice"
999000184,"Name_Calling,Labeling",2795,2812,a hateful sad man
999000184,Loaded_Language,2952,2970,extraordinary work
999000184,Loaded_Language,3050,3069,steadfastly ignored
999000312,Loaded_Language,77,93,Blatant MI6 Lies
999000312,"Name_Calling,Labeling",268,282,MI6 mouthpiece
999000312,"Exaggeration,Minimisation",3842,3900,the most astonishing thing I have witnessed in my lifetime
999000312,"Name_Calling,Labeling",4231,4264,the greatest publisher of his age
999000312,Loaded_Language,2230,2257,pathetically failed attempt
999000312,Loaded_Language,3968,3983,to curry favour
999000312,Doubt,4389,4786,"That supposedly great newspaper titles like the Guardian, New York Times and Washington Post are involved in the spreading of lies to damage Assange, and are seeking his imprisonment for publishing state secrets, is clear evidence that the idea of the “liberal media” no longer exists in the new plutocratic age.
The press are not on the side of the people, they are an instrument of elite control"
999000312,Loaded_Language,165,212,churn out its production line of fake documents
999000312,Loaded_Language,511,547,By a wonderful coincidence of timing
999000312,"Name_Calling,Labeling",472,493,unspecified “Russians
999000312,"Name_Calling,Labeling",771,779,Russians
999000312,Repetition,1427,1440,the “Russians
999000312,"Name_Calling,Labeling",1938,1946,Russians
999000312,Doubt,1949,2330,"Previously Harding and the Guardian have published documents faked by the Moreno government regarding a diplomatic appointment to Russia for Assange of which he had no knowledge.
Now they follow this up with more documents aimed to provide fictitious evidence to bolster Mueller’s pathetically failed attempt to substantiate the story that Russia deprived Hillary of the Presidency"
999000312,Doubt,95,311,"The right wing Ecuadorean government of President Moreno continues to churn out its production line of fake documents regarding Julian Assange, and channel them straight to MI6 mouthpiece Luke Harding of the Guardian"
999000312,"Exaggeration,Minimisation",2358,2421,probably the world’s greatest expert on electronic surveillance
999000312,Doubt,2608,2855,"I knew the US security services were conducting a fake investigation the moment it became clear that the FBI did not even themselves look at the DNC servers, instead accepting a report from the Clinton linked DNC “security consultants” Crowdstrike"
999000312,"Exaggeration,Minimisation",3014,3035,this massive “Big Lie
999000312,Causal_Oversimplification,3146,3353,"Assange never met Manafort.
The DNC emails were downloaded by an insider.
Assange never even considered fleeing to Russia.
Those are the facts, and I am in a position to give you a personal assurance of them"
999000312,"Name_Calling,Labeling",3579,3618,the partisans of the defeated candidate
999000312,"Name_Calling,Labeling",3624,3667,a particularly obnoxious defeated candidate
999000312,Causal_Oversimplification,3355,3534,"I can also assure you that Luke Harding, the Guardian, Washington Post and New York Times have been publishing a stream of deliberate lies, in collusion with the security services"
999000312,Doubt,3568,3900,"But to see the partisans of the defeated candidate (and a particularly obnoxious defeated candidate) manipulate the security services and the media to create an entirely false public perception, in order to attempt to overturn the result of the US Presidential election, is the most astonishing thing I have witnessed in my lifetime"
999000312,Causal_Oversimplification,3902,4181,"Plainly the government of Ecuador is releasing lies about Assange to curry favour with the security establishment of the USA and UK, and to damage Assange’s support prior to expelling him from the Embassy.
He will then be extradited from London to the USA on charges of espionage"
999000312,"Name_Calling,Labeling",4198,4222,a whistleblower or a spy
999000312,"Exaggeration,Minimisation",4266,4387,and has done more to bring the crimes of governments to light than the mainstream media will ever be motivated to achieve
999000312,"Name_Calling,Labeling",2367,2421,the world’s greatest expert on electronic surveillance
999000312,Appeal_to_fear-prejudice,2953,3144,But I fear that state control of propaganda may be such that this massive “Big Lie” will come to enter public consciousness in the same way as the non-existent Russian hack of the DNC servers
999000312,Doubt,3382,3534,"Luke Harding, the Guardian, Washington Post and New York Times have been publishing a stream of deliberate lies, in collusion with the security services"
999000565,Loaded_Language,297,307,to trigger
999000565,Appeal_to_fear-prejudice,636,719,they are “normalizing and enabling Nazis” by supporting Rick Scott and Ron DeSantis
999000565,Appeal_to_fear-prejudice,483,566,they are “normalizing and enabling Nazis” by supporting Rick Scott and Ron DeSantis
999000599,Thought-terminating_Cliches,1361,1376,that’s childish
999000599,Loaded_Language,35,53,Cracks Racist Joke
999000599,Loaded_Language,327,350,just how evil and awful
999000599,Loaded_Language,454,475,hypocritically toeing
999000599,Loaded_Language,1379,1414,"Childish, indeed.
Insulting, indeed"
999000599,Loaded_Language,1500,1522,kick them in the shins
999000599,Loaded_Language,1662,1684,rather extraordinarily
999000599,Doubt,1808,1896,"Sorry Hillary, we don’t think they look anything alike.
Or did you mean all black people"
999000599,Loaded_Language,2009,2032,concludes so eloquently
999000599,Appeal_to_Authority,1973,2215,"As The American Mirror’s Kyle Olsen concludes so eloquently, Hillary Clinton appears to benefit from her progressive privilege – it is the only thing that protects her from getting the ‘Roseanne treatment’, and not being dismissed in disgrace"
999000599,Loaded_Language,2194,2215,dismissed in disgrace
999000675,Repetition,225,242,Death to America”
999000675,Slogans,44,92,Death to America!” – America Is The “Great Satan
999000675,Slogans,225,241,Death to America
999000675,Repetition,544,560,Death to America
999000675,Repetition,893,904,Great Satan
999000675,Slogans,1019,1040,Victory Will Be Yours
999000675,Slogans,1205,1221,Death to America
999000675,Doubt,1241,1275,America has never been a democracy
999000675,Loaded_Language,1731,1738,blasted
999000675,Loaded_Language,1819,1848,Satan seeks to divide Muslims
999000675,Loaded_Language,1968,1987,he assimilates with
999000675,Loaded_Language,44,60,Death to America
999000849,Repetition,943,963,to “rush” the border
999000849,Loaded_Language,630,650,to “rush” the border
999000849,Loaded_Language,2547,2563,clustered around
999000849,Repetition,3370,3386,caravan migrants
999000849,Loaded_Language,2724,2736,arduous trip
999000849,Loaded_Language,3967,3972,sheer
999000870,Repetition,3812,3831,migrant caravan hea
999000880,Flag-Waving,3114,3143,We need people in our country
999000880,Loaded_Language,2704,2709,sheer
999000894,Flag-Waving,94,185,President Trump has initiated the military to protect our border from the invading migrants
999000894,Appeal_to_fear-prejudice,475,627,Anyone who doubts this is an invasion only need look at the size of the caravan and those that make up the majority of those marching towards our border
999000894,Loaded_Language,740,764,will overtake the border
999000894,Loaded_Language,4245,4276,suppress them with brutal force
999000894,Loaded_Language,168,176,invading
999000894,Loaded_Language,899,910,razor-sharp
999000894,Loaded_Language,4927,4932,sheer
999000894,Loaded_Language,5185,5194,beautiful
999000894,Loaded_Language,5557,5572,beautiful sight
999001032,"Name_Calling,Labeling",491,526,"a part of the crazy, crazy, crazies"
999001032,"Name_Calling,Labeling",861,890,"a “F***ed up,” “cracker state"
999001032,Repetition,2565,2587,that will never happen
999001032,"Name_Calling,Labeling",2882,2898,a “cracker state
999001032,"Name_Calling,Labeling",4210,4236,"a “crazy, crazy,” Democrat"
999001032,"Name_Calling,Labeling",465,478,a Progressive
999001032,Loaded_Language,549,564,You whip ’em up
999001032,Doubt,1415,1571,"What we found in the Gillum campaign was just what we found in Missouri, Tennessee and Arizona, a candidate lying to the voters he needs to win the election"
999001032,Loaded_Language,2847,2860,are f***ed up
999001032,Appeal_to_Authority,1727,1852,"Omar Smith, who says he went to college with Gillum, reveals Gillum cannot fulfill his campaign promises even if he wanted to"
999001032,Loaded_Language,3003,3035,Whip up” the poor into a “frenzy
999001032,Loaded_Language,3280,3306,whip them up into a frenzy
999001032,Loaded_Language,3226,3237,whip ’em up
999001032,Loaded_Language,3454,3461,whip up
999001032,Repetition,3770,3803,You have to appeal to white guilt
999001032,Doubt,0,35,Gillum Makes Promises He Can’t Keep
999001032,"Exaggeration,Minimisation",595,659,You have to whip them up into a frenzy in order for them to vote
999001032,"Name_Calling,Labeling",835,848,the moderates
999001032,Loaded_Language,903,927,to appeal to white guilt
999001032,Doubt,1574,1627,Gillum campaign makes promises it knows it can’t keep
999001032,Doubt,1780,1852,reveals Gillum cannot fulfill his campaign promises even if he wanted to
999001032,Doubt,1854,1954,"When asked how Gillum would fund all the programs he says he wants to fund, Smith says Gillum “can’t"
999001032,Doubt,2201,2282,Smith explains that most of Gillum’s campaign promises could never be implemented
999001032,Doubt,2333,2587,"So, let’s go back to Mr. Gillum’s platform, right?
Raise the corporate tax in Florida from 7 to 11 percent.
That will never happen.
Raise teacher’s pay to $50,000, that will never happen.
Give me another position.
Medicare for all, that will never happen"
999001032,"Exaggeration,Minimisation",3003,3061,Whip up” the poor into a “frenzy in order for them to vote
999001032,"Name_Calling,Labeling",3117,3145,Gillum’s fairy tale platform
999001032,Repetition,3166,3211,whip” lower income individuals “into a frenzy
999001032,"Exaggeration,Minimisation",3222,3332,"You whip ’em up.
The poor, the middle income.
You have to whip them up into a frenzy in order for them to vote"
999001032,Loaded_Language,3707,3738,needs to appeal to “white guilt
999001032,Thought-terminating_Cliches,3806,3832,be]cause that’s what it is
999001032,Loaded_Language,4168,4197,you are way out of left field
999001032,Appeal_to_fear-prejudice,3962,4085,"We don’t, do we have to let [the voters] know what the agenda is ahead of time?
We can’t… We cannot… You alienate everybody"
999001032,Repetition,4331,4364,a part of the crazy crazy crazies
999001032,Doubt,4473,4532,Gillum had to campaign on values he does not really believe
999001032,Repetition,4701,4715,left of center
999001032,"Name_Calling,Labeling",4586,4600,left of center
999001032,"Name_Calling,Labeling",4618,4642,"left, not left of center"
999001032,"Name_Calling,Labeling",5503,5516,the moderates
999001032,"Name_Calling,Labeling",5521,5542,the gun-toting people
999001032,Doubt,5437,5559,But I don’t think he can say it just [be]cause he’s trying to get the moderates and the gun-toting people in North Florida
999001032,Repetition,607,619,whip them up
999001032,Loaded_Language,864,873,F***ed up
999001032,"Name_Calling,Labeling",4310,4323,a progressive
999001033,Repetition,1245,1274,"a ""F***ed up,"" ""cracker state"
999001033,Loaded_Language,1392,1426,The rules in Florida are f***ed up
999001033,Repetition,2460,2484,to appeal to white guilt
999001033,Doubt,537,662,"if Gillum is elected, none of the things outlined in his platform would happen.
He says that “that’s not for [voters] to know"
999001033,Doubt,827,872,"Not for voters to know"" programs won't happen"
999001033,"Exaggeration,Minimisation",1114,1224,"You whip 'em up.
The poor, the middle income.
You have to whip them up into a frenzy in order for them to vote"
999001033,Loaded_Language,1287,1311,to appeal to white guilt
999001033,Repetition,1445,1466,a f***ed up ass state
999001033,Repetition,1473,1488,a cracker state
999001033,Doubt,3140,3262,But I don’t think he can say it just [be]cause he’s trying to get the moderates and the gun-toting people in North Florida
999001033,"Name_Calling,Labeling",3224,3245,the gun-toting people
999001033,Loaded_Language,3560,3615,wall-to-wall coverage in the media eviscerating Gilllum
999001033,"Name_Calling,Labeling",3735,3747,white voters
999001033,Appeal_to_fear-prejudice,537,615,"if Gillum is elected, none of the things outlined in his platform would happen"
999001033,Loaded_Language,939,967,"a ""F***ed up"" ""cracker state"
999001033,Loaded_Language,3713,3724,racial slur
999001188,Thought-terminating_Cliches,1888,1901,He’ll be back
999001188,Loaded_Language,30,63,"Say, ‘Hola’ To Trump’s RAZOR Wire"
999001188,Loaded_Language,90,123,migrants taunting security forces
999001188,"Name_Calling,Labeling",384,403,the border-crashers
999001188,Slogans,735,779,no climbers anymore under our Administration
999001188,"Exaggeration,Minimisation",1374,1408,They couldn’t have been more wrong
999001188,Loaded_Language,1463,1474,knocked out
999001188,Loaded_Language,388,403,border-crashers
999001226,Thought-terminating_Cliches,2014,2024,By the way
999001226,Doubt,3572,3612,No evidence of fraud in #FloridaElection
999001226,Doubt,83,273,"Why she wasn't fired a long time ago is beyond anyone's ability to answer, but Broward County election supervisor Brenda Snipes has resigned amid what is clearly voter fraud that she oversaw"
999001226,Loaded_Language,611,677,"full of botched elections, legal disputes and blistering criticism"
999001226,Loaded_Language,1838,1855,passion and honor
999001226,"Exaggeration,Minimisation",2196,2264,She should be ready for prison bars after the fiasco she has created
999001226,Flag-Waving,5157,5430,"Now that federal prosecutors have gotten involved, perhaps it's time to quit talking about it and actually arrest this woman and charge her with crimes against the people of Broward County before more people end up dead in Broward County over their corrupt voting practices"
999001226,Loaded_Language,485,504,tumultuous election
999001226,Loaded_Language,2242,2248,fiasco
999001226,Flag-Waving,2475,2654,"a county whose supervisor of elections has a history of losing ballots and breaking laws by allowing illegal immigrants and felons to vote, as well as illegally destroying ballots"
999001226,Doubt,4953,5155,"She ignored a court order, mixed invalid provisional ballots in with valid ones, and destroyed ballots, but don't worry, a Democrat attorney says that doing so has nothing to do with fraud or corruption"
999001241,Flag-Waving,2211,2240,We need people in our country
999001241,Loaded_Language,166,235,what appears to be voter fraud and election meddling and manipulation
999001241,Repetition,526,541,migrant caravan
999001287,Flag-Waving,141,180,GOP wants to Florida and Georgia stolen
999001287,Doubt,2274,2389,"Some people point to Brenda Snipes, Broward’s Elections chief, for her troubling history of election transgressions"
999001287,Loaded_Language,4656,4690,Democratic ineptitude or deception
999001287,Doubt,4308,4583,"It looks like Democrats may have hurt their own interests by misleading their voters.
They may have believed that they were supplying the correct information, but they still should not have altered official documents without verifying that they were right, which they weren’t"
999001287,Appeal_to_Authority,3424,3790,"Bradley McVay, DOS interim general counsel, asked attorneys in Florida to investigate the conflicting dates.
“Altering a form in a manner that provides the incorrect date for a voter to cure a defect … imposes a burden on the voter significant enough to frustrate the voter’s ability to vote,” McVay wrote in a letter, sent on Nov. 9 and publicly released on Tuesday"
999001293,Thought-terminating_Cliches,409,427,This is a disgrace
999001293,Doubt,429,535,Have you ever heard of a close election in which a recount and “found” ballots gave the Republican victory
999001293,Thought-terminating_Cliches,380,406,Every vote must be counted
999001293,Loaded_Language,409,427,This is a disgrace
999001293,Repetition,2307,2314,outrage
999001293,Loaded_Language,2923,2935,back in play
999001293,Doubt,2849,2991,Mayor Gillum conceded on Election Day and now Broward County has put him ‘back in play.’ Bill Nelson conceded Election — now he’s back in play
999001293,Appeal_to_fear-prejudice,1129,1200,This massive Democrat voter fraud could be the end of our free republic
999001293,Flag-Waving,2994,3049,This is an embarrassment to our County and to Democracy
999001296,Loaded_Language,86,101,It is high time
999001296,"Exaggeration,Minimisation",160,178,on a massive scale
999001296,Flag-Waving,384,464,the Democrats are likewise working feverishly to overturn the will of the people
999001296,"Exaggeration,Minimisation",466,560,"They are insane in their lust for power, and will destroy even our democratic system to get it"
999001296,Doubt,2509,2712,Republicans have pointed to embattled Broward Elections chief Brenda Snipes’ record of past election gaffes in arguing that the largely Democratic country is tilted against them — perhaps fraudulently so
999001296,"Name_Calling,Labeling",2537,2584,embattled Broward Elections chief Brenda Snipes
999001296,Loaded_Language,2596,2616,past election gaffes
999001296,Loaded_Language,3635,3651,point the finger
999001296,Appeal_to_Authority,2946,3341,"The information was sent on Nov. 9 by Bradley McVay, DOS’ interim general counsel, who asked that the altered dates be investigated.
“Altering a form in a manner that provides the incorrect date for a voter to cure a defect … imposes a burden on the voter significant enough to frustrate the voter’s ability to vote,” McVay wrote in a letter that was sent Nov. 9 and released publicly on Tuesday"
999001296,Loaded_Language,165,172,massive
999001296,"Name_Calling,Labeling",292,320,a pro-jihad Marxist Democrat
999001296,Loaded_Language,475,481,insane
999001296,"Whataboutism,Straw_Men,Red_Herring",4687,4758,a bigger problem is the fact they actually changed one of the DOE forms
999001297,Repetition,2257,2276,the migrant caravan
999001297,Loaded_Language,31,62,Climb Atop Fencing Effortlessly
999001297,Loaded_Language,242,263,climbing effortlessly
999001619,Doubt,8322,8539,"The Guardian, an otherwise solid and reliable paper, has such a pervasive and unprofessionally personal hatred for Julian Assange that it has frequently dispensed with all journalistic standards in order to malign him"
999001619,"Name_Calling,Labeling",11959,12081,"the man who led Britain, on false pretences, into the largest crime against humanity in living memory – the attack on Iraq"
999001619,Loaded_Language,13080,13090,demonising
999001619,Loaded_Language,1522,1544,aggressively exploited
999001619,Doubt,4811,5022,"According to Greenwald: “If Paul Manafort … visited Assange at the Embassy, there would be ample amounts of video and other photographic proof demonstrating that this happened.
The Guardian provides none of that"
999001619,Doubt,7358,7699,"It appears the Guardian has simply taken this story, provided by spooks, at face value.
Even if it later turns out that Manafort did visit Assange, the Guardian clearly had no compelling evidence for its claims when it published them.
That is profoundly irresponsible journalism – fake news – that should be of the gravest concern to readers"
999001619,Loaded_Language,10906,10920,especial venom
999001619,"Name_Calling,Labeling",11422,11458,a platform overrun by Russian trolls
999001619,"Name_Calling,Labeling",7601,7699,profoundly irresponsible journalism – fake news – that should be of the gravest concern to readers
999001619,Doubt,8992,9182,apparently because maintenance of the Guardian’s reputation is more important than Assange’s fate and the right of journalists to dig up embarrassing secrets without fear of being imprisoned
999001619,"Name_Calling,Labeling",13296,13408,"a high-level, Washington-based think-tank founded to drum up support for NATO and justify its imperialist agenda"
999001619,Causal_Oversimplification,13960,14071,"Its job is to shore up a consensus on the left for attacks on leading threats to the existing, neoliberal order"
999001619,Loaded_Language,17,29,vilification
999001619,Loaded_Language,164,189,long-running vilification
999001619,"Name_Calling,Labeling",289,337,Donald Trump’s disgraced former campaign manager
999001619,"Exaggeration,Minimisation",428,540,is so full of holes that even hardened opponents of Assange in the corporate media are struggling to stand by it
999001619,Doubt,542,815,"Faced with the backlash, the Guardian quickly – and very quietly – rowed back its initial certainty that its story was based on verified facts.
Instead, it amended the text, without acknowledging it had done so, to attribute the claims to unnamed, and uncheckable, “sources"
999001619,Doubt,1072,1471,"The Guardian’s latest story provides a supposedly stronger foundation for an existing narrative: that Assange and Wikileaks knowingly published emails hacked by Russia from the Democratic party’s servers.
In truth, there is no public evidence that the emails were hacked, or that Russia was involved.
Central actors have suggested instead that the emails were leaked from within the Democratic party"
999001619,"Name_Calling,Labeling",2005,2013,Russians
999001619,"Name_Calling,Labeling",2523,2591,the head of an organisation engaged in espionage for a foreign power
999001619,Loaded_Language,3558,3571,was ridiculed
999001619,Doubt,3625,3833,"Even when a United Nations panel of experts in international law ruled in 2016 that Assange was being arbitrarily – and unlawfully – detained by the UK, Guardian writers led efforts to discredit the UN report"
999001619,Doubt,4067,4253,"The problem for the Guardian, which should have been obvious to its editors from the outset, is that any visits by Manafort would be easily verifiable without relying on unnamed “sources"
999001619,"Name_Calling,Labeling",4633,4641,Russians
999001619,Loaded_Language,4790,4809,simply preposterous
999001619,Repetition,5341,5349,Russians
999001619,Doubt,5229,5425,"In fact, the Guardian obtained the embassy’s logs in May, and has never made any mention of either Manafort or “Russians” being identified in them.
It did not refer to the logs in its latest story"
999001619,"Name_Calling,Labeling",5452,5475,this latest fabrication
999001619,"Name_Calling,Labeling",5603,5611,Russians
999001619,"Name_Calling,Labeling",5900,5908,Russians
999001619,Doubt,5911,6223,"No fact-checking
It is worth noting it should be vitally important for a serious publication like the Guardian to ensure its claims are unassailably true – both because Assange’s personal fate rests on their veracity, and because, even more importantly, a fundamental right, the freedom of the press, is at stake"
999001619,"Exaggeration,Minimisation",6304,6340,the most stringent checks imaginable
999001619,Doubt,6225,6517,"Given this, one would have expected the Guardian’s editors to have insisted on the most stringent checks imaginable before going to press with Harding’s story.
At a very minimum, they should have sought out a response from Assange and Manafort before publication.
Neither precaution was taken"
999001619,Appeal_to_Authority,6519,6893,"I worked for the Guardian for a number of years, and know well the layers of checks that any highly sensitive story has to go through before publication.
In that lengthy process, a variety of commissioning editors, lawyers, backbench editors and the editor herself, Kath Viner, would normally insist on cuts to anything that could not be rigorously defended and corroborated"
999001619,Doubt,6895,7094,"And yet this piece seems to have been casually waved through, given a green light even though its profound shortcomings were evident to a range of well-placed analysts and journalists from the outset"
999001619,"Name_Calling,Labeling",7423,7429,spooks
999001619,Doubt,7730,7943,"Despite all this, even analysts critical of the Guardian’s behaviour have shown a glaring failure to understand that its latest coverage represents not an aberration by the paper but decisively fits with a pattern"
999001619,Loaded_Language,8140,8161,baffling observations
999001619,"Name_Calling,Labeling",8258,8319,long-standing (and well-documented) hostility towards Assange
999001619,"Name_Calling,Labeling",8384,8451,a pervasive and unprofessionally personal hatred for Julian Assange
999001619,Loaded_Language,8526,8539,to malign him
999001619,Doubt,8542,8609,It was also apparently evidence of the paper’s clickbait tendencies
999001619,"Name_Calling,Labeling",8680,8697,partisan warriors
999001619,Loaded_Language,8701,8717,excitedly spread
999001619,Loaded_Language,8763,8785,hyperventilate over it
999001619,Doubt,8612,8882,"They [Guardian editors] knew that publishing this story would cause partisan warriors to excitedly spread the story, and that cable news outlets would hyperventilate over it, and that they’d reap the rewards regardless of whether the story turned out to be true or false"
999001619,"Name_Calling,Labeling",8901,8916,a bizarre tweet
999001619,"Name_Calling,Labeling",9355,9384,Assange's most devoted haters
999001619,Doubt,9697,9902,"Rather than being the reason for the Guardian violating basic journalistic standards and ethics, the paper’s hatred of Assange is a symptom of a deeper malaise in the Guardian and the wider corporate media"
999001619,"Name_Calling,Labeling",9840,9902,a deeper malaise in the Guardian and the wider corporate media
999001619,Loaded_Language,10066,10099,"relentless, and unhinged, attacks"
999001619,"Name_Calling,Labeling",10211,10233,belligerent occupation
999001619,Doubt,9904,10373,"Even aside from its decade-long campaign against Assange, the Guardian is far from “solid and reliable”, as Greenwald claims.
It has been at the forefront of the relentless, and unhinged, attacks on Labour leader Jeremy Corbyn for prioritising the rights of Palestinians over Israel’s right to continue its belligerent occupation.
Over the past three years, the Guardian has injected credibility into the Israel lobby’s desperate efforts to tar Corbyn as an anti-semite"
999001619,Doubt,10400,10690,"Similarly, the Guardian worked tirelessly to promote Clinton and undermine Sanders in the 2016 Democratic nomination process – another reason the paper has been so assiduous in promoting the idea that Assange, aided by Russia, was determined to promote Trump over Clinton for the presidency"
999001619,"Name_Calling,Labeling",10748,10857,populist leftwing governments that have rebelled against traditional and oppressive US hegemony in the region
999001619,"Name_Calling,Labeling",10990,11043,democratically elected but official enemies of the US
999001619,"Name_Calling,Labeling",11057,11116,the region’s rightwing authoritarians beloved of Washington
999001619,Doubt,10692,11116,"The Guardian’s coverage of Latin America, especially of populist leftwing governments that have rebelled against traditional and oppressive US hegemony in the region, has long grated with analysts and experts.
Its especial venom has been reserved for leftwing figures like Venezuela’s Hugo Chavez, democratically elected but official enemies of the US, rather than the region’s rightwing authoritarians beloved of Washington"
999001619,"Name_Calling,Labeling",11246,11265,leftwing dissidents
999001619,Doubt,11118,11371,"The Guardian has been vocal in the so-called “fake news” hysteria, decrying the influence of social media, the only place where leftwing dissidents have managed to find a small foothold to promote their politics and counter the corporate media narrative"
999001619,"Name_Calling,Labeling",11674,11689,its true heroes
999001619,"Name_Calling,Labeling",11752,11851,the entrenched neoliberal order that is hurtling us towards climate breakdown and economic collapse
999001619,"Exaggeration,Minimisation",12009,12081,the largest crime against humanity in living memory – the attack on Iraq
999001619,Doubt,11633,12081,"Equally, the Guardian has made clear who its true heroes are.
Certainly not Corbyn or Assange, who threaten to disrupt the entrenched neoliberal order that is hurtling us towards climate breakdown and economic collapse.
Its pages, however, are readily available to the latest effort to prop up the status quo from Tony Blair, the man who led Britain, on false pretences, into the largest crime against humanity in living memory – the attack on Iraq"
999001619,Doubt,11373,11600,"The Guardian has painted social media chiefly as a platform overrun by Russian trolls, arguing that this should justify ever-tighter restrictions that have so far curbed critical voices of the dissident left more than the right"
999001619,"Name_Calling,Labeling",12089,12114,humanitarian intervention
999001619,"Name_Calling,Labeling",12245,12262,Islamic jihadists
999001619,"Name_Calling,Labeling",12476,12537,an arbiter of what is good for Britain and the world’s future
999001619,Doubt,12083,12537,"That “humanitarian intervention” cost the lives of many hundreds of thousands of Iraqis and created a vacuum that destabilised much of the Middle East, sucked in Islamic jihadists like al-Qaeda and ISIS, and contributed to the migrant crisis in Europe that has fuelled the resurgence of the far-right.
None of that is discussed in the Guardian or considered grounds for disqualifying Blair as an arbiter of what is good for Britain and the world’s future"
999001619,"Name_Calling,Labeling",12674,12703,a self-styled “weapons expert
999001619,Doubt,12539,12845,"The Guardian also has an especial soft spot for blogger Elliot Higgins, who, aided by the Guardian, has shot to unlikely prominence as a self-styled “weapons expert”.
Like Luke Harding, Higgins invariably seems ready to echo whatever the British and American security services need verifying “independently"
999001619,Doubt,12848,13150,"Higgins and his well-staffed website Bellingcat have taken on for themselves the role of arbiters of truth on many foreign affairs issues, taking a prominent role in advocating for narratives that promote US and NATO hegemony while demonising Russia, especially in highly contested arenas such as Syria"
999001619,"Name_Calling,Labeling",12937,12954,arbiters of truth
999001619,"Name_Calling,Labeling",13458,13472,the poster-boy
999001619,Doubt,13410,13637,"Improbably, the Guardian has adopted Higgins as the poster-boy for a supposed citizen journalism it has sought to undermine as “fake news” whenever it occurs on social media without the endorsement of state-backed organisations"
999001619,Loaded_Language,13763,13776,to vilify him
999001619,Doubt,13639,13958,"The truth is that the Guardian has not erred in this latest story attacking Assange, or in its much longer-running campaign to vilify him.
With this story, it has done what it regularly does when supposedly vital western foreign policy interests are at stake – it simply regurgitates an elite-serving, western narrative"
999001619,"Name_Calling,Labeling",14041,14071,"the existing, neoliberal order"
999001619,"Name_Calling,Labeling",14150,14173,a corrupt western elite
999001619,Loaded_Language,14126,14141,whistle-blowing
999001619,"Name_Calling,Labeling",14251,14285,the rapacious financial industries
999001619,"Name_Calling,Labeling",14371,14434,a damaging and exploitative US dominance of “America’s backyard
999001619,"Name_Calling,Labeling",14497,14545,the elite-friendly narratives of corporate media
999001619,Repetition,14610,14619,vilifying
999001619,Causal_Oversimplification,14571,14689,"The Guardian did not make a mistake in vilifying Assange without a shred of evidence.
It did what it is designed to do"
999001619,"Name_Calling,Labeling",14820,14844,the Guardian’s hit-piece
999001619,Doubt,235,540,"Reporter Luke Harding’s latest article, claiming that Donald Trump’s disgraced former campaign manager Paul Manafort secretly visited Assange in Ecuador’s embassy in London on three occasions, is so full of holes that even hardened opponents of Assange in the corporate media are struggling to stand by it"
999001619,Doubt,818,864,The propaganda function of the piece is patent
999001619,"Name_Calling,Labeling",8336,8373,an otherwise solid and reliable paper
999001621,Doubt,88,156,This Guardian Fake News Story Proves That The Media Can't Be Trusted
999001621,Doubt,3577,3663,The story was weakly sourced and included some details that seemed unlikely to be true
999001621,"Name_Calling,Labeling",4208,4315,"a notorious fraud, a russo-phobe intelligence asset with a personal grievance towards Assange and Wikileaks"
999001621,"Name_Calling,Labeling",4498,4527,political operatives or hacks
999001621,"Exaggeration,Minimisation",4928,4985,"he is just ""storytelling"" - in other words: it is fiction"
999001621,"Name_Calling,Labeling",5089,5131,a hack job in the purest sense of the term
999001621,Loaded_Language,9108,9121,bone-chilling
999001621,Doubt,11969,12058,Unfortunately no western main stream media can any longer be trusted to publish the truth
999001621,Loaded_Language,3234,3251,sensational claim
999001621,Loaded_Language,3984,3997,would explode
999001621,Doubt,7442,7747,"This defensive Guardian claim is, like its story, evidently completely false.
Wikileaks publicly denied the Guardian's claims 90 minutes before the story was first published.
Manafort asserts that his lawyers had notified the Guardian that the story was false before the Guardian 'proceeded with the story"
999001621,Doubt,8213,8374,"The story was completely false and the Guardian knew it was.
It disregarded and left out the denials the subjects of the story had issued before it was published"
999001621,Doubt,8377,8738,"The Guardian has become a main outlet for British government disinformation operations aimed at defaming Russia.
It smeared Assange and Snowden as Russian collaborators.
It uncritically peddled the Russiagate story and the nonsensical Skripal claims which are both obviously concocted by British intelligence services.
That seems to have become its main purpose"
999001621,"Name_Calling,Labeling",8596,8626,the nonsensical Skripal claims
999001621,"Name_Calling,Labeling",10904,10929,a disinformation campaign
999001621,Repetition,5890,5902,I have never
999001621,"Exaggeration,Minimisation",9006,9057,even the tiniest modicum of respect as a journalist
999001621,Doubt,0,68,This Guardian Fake News Story Proves That The Media Can't Be Trusted
999001621,Loaded_Language,321,338,its shoddier side
999001621,Loaded_Language,467,501,cranky identity grievances stories
999001621,"Name_Calling,Labeling",537,560,manipulative propaganda
999001621,Doubt,279,599,"While it earlier made attempts to balance its shoddier side with some interesting reporting, it is now solidly main stream in the worst sense.
It promotes neo-liberalism and a delves into cranky identity grievances stories.
It also became an main outlet for manipulative propaganda peddled by the British secret services"
999001621,"Name_Calling,Labeling",769,783,a willful fake
999001621,"Name_Calling,Labeling",1458,1494,jailed former Trump campaign manager
999001621,Doubt,1332,1603,"In letter today to Assange's lawyers, Guardian's Luke Harding, winner of Private Eye's Plagiarist of the Year, falsely claims jailed former Trump campaign manager Paul Manafort had secret meetings with Assange in 2013, 2015 and 2016 in story Guardian are ""planning to run"
999001621,"Exaggeration,Minimisation",2747,2771,the claim is “100% false
999001621,"Name_Calling,Labeling",3471,3495,the Russiagate fairytale
999001621,Doubt,3435,3575,But several people who had followed the Russiagate fairytale and the Mueller investigation were immediately suspicious of the Guardian claim
999001621,Doubt,3926,4137,"In sum, the Guardian published a story today that it knew would explode into all sorts of viral benefits for the paper and its reporters even though there are gaping holes and highly sketchy aspects to the story"
999001621,Loaded_Language,4085,4124,gaping holes and highly sketchy aspects
999001621,Doubt,4139,4315,"Moreover, the main author of the story, Luke Harding, is known to be a notorious fraud, a russo-phobe intelligence asset with a personal grievance towards Assange and Wikileaks"
999001621,"Name_Calling,Labeling",4461,4493,"the ""Russian influence"" nonsense"
999001621,"Exaggeration,Minimisation",4788,4853,there is absolutely no evidence in the book to support its claims
999001621,"Name_Calling,Labeling",5159,5170,plagiarizer
999001621,Doubt,4529,5328,"Take for example Luke Harding of the Guardian who just published a book titled Collusion: Secret Meetings, Dirty Money, and How Russia Helped Donald Trump Win.
He was taken apart in a Real News interview (vid) about the book.
The interviewer pointed out that there is absolutely no evidence in the book to support its claims.
When asked for any proof for his assertion Harding defensively says that he is just ""storytelling"" - in other words: it is fiction.
Harding earlier wrote a book about Edward Snowden which was a similar sham.
Julian Assange called it ""a hack job in the purest sense of the term"".
Harding is also known as plagiarizer.
When he worked in Moscow he copied stories and passages from the now defunct Exile, run by Matt Taibbi and Mark Ames.
The Guardian had to publish an apology"
999001621,"Name_Calling,Labeling",5397,5428,the alleged Russian malfeasance
999001621,Doubt,5330,5611,"The new Guardian story looked like another weak attempt to connect the alleged Russian malfeasance with Assange and the Wikileaks publishing of the DNC emails.
Assange and other involved people deny that such a relation existed.
There is no public evidence that support such claims"
999001621,"Exaggeration,Minimisation",6817,6841,the claim is “100% false
999001621,"Name_Calling,Labeling",7085,7091,a hoax
999001621,"Name_Calling,Labeling",7979,7999,Guardian smear piece
999001621,"Name_Calling,Labeling",8401,8488,a main outlet for British government disinformation operations aimed at defaming Russia
999001621,Loaded_Language,8493,8500,smeared
999001621,Loaded_Language,8861,8909,readily dismiss the Guardian’s smear on its face
999001621,Doubt,8795,9138,"While most readers with functional critical thinking capacity may readily dismiss the Guardian’s smear on its face, the fact that the Guardian published this piece, and that Luke Harding is still operating with even the tiniest modicum of respect as a journalist despite his history of deceit, tells us something bone-chilling about journalism"
999001621,"Name_Calling,Labeling",9824,9859,"an elite-serving, western narrative"
999001621,Causal_Oversimplification,9861,10096,"Its job is to shore up a consensus on the left for attacks on leading threats to the existing, neoliberal order: ...
The Guardian did not make a mistake in vilifying Assange without a shred of evidence.
It did what it is designed to do"
999001621,Causal_Oversimplification,9140,9474,"It is no accident that Luke Harding is still employed: in fact, it is because of Harding’s consistent loyalty to establishment, specifically the UK intelligence apparatus, over the truth that determines his “success” amongst legacy press outlets.
Harding is not a defacement or a departure from the norm, but the personification of it"
999001621,Doubt,9679,9859,"With this story, it has done what it regularly does when supposedly vital western foreign policy interests are at stake – it simply regurgitates an elite-serving, western narrative"
999001621,"Name_Calling,Labeling",10151,10176,fascist propaganda tropes
999001621,Loaded_Language,10177,10185,to smear
999001621,Doubt,10098,10408,"We have previously shown that the Guardian even uses fascist propaganda tropes to smear the Russian people.
It is openly publishing Goebbels' cartoons and rhetoric against Europes biggest state.
There is no longer any line that it does not dare to cross.
Unfortunately other 'western' media are not much better"
999001621,Loaded_Language,10536,10541,smear
999001621,Doubt,10543,10755,"Politico allowed ""a former CIA officer,"" writing under a pen name, to suggest - without any evidence - that the Guardian has been duped - not by its MI5/6 and Ecuadorian spy sources, but by Russian disinformation"
999001621,"Name_Calling,Labeling",10775,10855,the bombshell smoking gun that directly connects the Trump campaign to WikiLeaks
999001621,"Name_Calling,Labeling",10733,10755,Russian disinformation
999001621,Doubt,10931,11012,Is it possible someone planted this story as a means to discredit the journalists
999001621,"Exaggeration,Minimisation",11539,11623,The is zero evidence in the Politico screed that supports its suggestions and claims
999001621,Repetition,11631,11640,fake news
999001621,Doubt,11539,11664,"The is zero evidence in the Politico screed that supports its suggestions and claims.
It is fake news about a fake news story"
999001621,Loaded_Language,12099,12112,peddle smears
999001621,"Name_Calling,Labeling",12138,12184,the 'enemies' of the ruling 'western interests
999001621,Appeal_to_fear-prejudice,12187,12265,It is on all of us to debunk them and to educate the public about their scheme
999001621,Loaded_Language,9664,9677,to vilify him
999001621,Doubt,601,701,"Its recent fake news story about Paul Manafort, Wikileaks and Julian Assange aptly demonstrates this"
999001621,Loaded_Language,5057,5061,sham
999001621,"Name_Calling,Labeling",7492,7518,evidently completely false
999001621,"Name_Calling,Labeling",8524,8545,Russian collaborators
999001621,"Bandwagon,Reductio_ad_hitlerum",10098,10204,We have previously shown that the Guardian even uses fascist propaganda tropes to smear the Russian people
999001621,"Whataboutism,Straw_Men,Red_Herring",10353,10408,Unfortunately other 'western' media are not much better
999001970,"Name_Calling,Labeling",1660,1674,thought crimes
999001970,Loaded_Language,143,169,social justice crybullying
999001970,"Exaggeration,Minimisation",186,249,"Also the Left killed comedy.
This is what its corpse looks like"
999001970,Slogans,191,213,the Left killed comedy
999001970,"Exaggeration,Minimisation",1043,1148,"no one looks in the mirror and thinks, ‘this black thing is too easy, let me just add another thing to it"
999001970,"Name_Calling,Labeling",1164,1183,Columbia snowflakes
999001970,"Exaggeration,Minimisation",1607,1674,"Comrades, these jokes you have been listening to are thought crimes"
999001970,"Exaggeration,Minimisation",2611,2651,"I'm sure Patel felt very, like, accepted"
